# Made in Blockbench 4.10.4
mtllib MAC2.mtl

o obj_consumable_chemical_selection
v 0.11717493836424053 0.32194473963868225 -0.28370341538371113
v 0 0.32194473963868225 -0.3070850112519246
v 0.21651235395004825 0.32194473963868225 -0.21713641507787057
v 0.18571122306785293 0.5 -0.0771491880910234
v 0.2828880373030336 0.32194473963868225 -0.11751267578593505
v 0.30620243327259083 0.32194473963868225 0
v 0.2828880373030336 0.32194473963868225 0.11751267578593505
v 0.21651235395004825 0.32194473963868225 0.21713641507787057
v 0.11717493836424053 0.32194473963868225 0.28370341538371113
v 0 0.32194473963868225 0.3070850112519246
v -0.11717493836424053 0.32194473963868225 -0.28370341538371113
v -0.21651235395004825 0.32194473963868225 -0.21713641507787057
v -0.2828880373030336 0.32194473963868225 -0.11751267578593505
v -0.30620243327259083 0.32194473963868225 0
v -0.2828880373030336 0.32194473963868225 0.11751267578593505
v -0.21651235395004825 0.32194473963868225 0.21713641507787057
v -0.11717493836424053 0.32194473963868225 0.28370341538371113
v 0 0.5 -0.20156548162253013
v 0.0769274573909315 0.5 -0.1862465050192178
v 0.1421474702540465 0.5 -0.14250679550712878
v 0.200986172151356 0.5 0
v 0.18571122306785293 0.5 0.0771491880910234
v 0.1421474702540465 0.5 0.14250679550712878
v 0.0769274573909315 0.5 0.1862465050192178
v 0 0.5 0.20156548162253013
v -0.0769274573909315 0.5 -0.1862465050192178
v -0.14209722371100866 0.5 -0.14250679550712878
v -0.18566097652481509 0.5 -0.0771491880910234
v -0.200986172151356 0.5 0
v -0.18566097652481509 0.5 0.0771491880910234
v -0.14209722371100866 0.5 0.14250679550712878
v -0.0769274573909315 0.5 0.1862465050192178
v 0.03577730694392831 -0.493529523872437 0.13352272727272727
v 0.038307144579192744 -0.4954246824526945 0.14296420986243405
v 0.03935503763832115 -0.5 0.146875
v 0.038307144579192744 -0.5045753175473054 0.14296420986243405
v 0.03577730694392831 -0.506470476127563 0.13352272727272727
v 0.03324746930866389 -0.5045753175473054 0.12408124468302051
v 0.03219957624953548 -0.5 0.12017045454545452
v 0.03324746930866389 -0.4954246824526945 0.12408124468302051
v 0.09774542032879893 -0.493529523872437 0.09774542032879896
v 0.10465706528324126 -0.4954246824526945 0.10465706528324129
v 0.10751996236167885 -0.5 0.10751996236167885
v 0.10465706528324126 -0.5045753175473054 0.10465706528324129
v 0.09774542032879893 -0.506470476127563 0.09774542032879896
v 0.09083377537435663 -0.5045753175473054 0.09083377537435663
v 0.08797087829591904 -0.5 0.08797087829591904
v 0.09083377537435663 -0.4954246824526945 0.09083377537435663
v 0.13352272727272727 -0.493529523872437 0.03577730694392831
v 0.14296420986243405 -0.4954246824526945 0.038307144579192744
v 0.146875 -0.5 0.03935503763832115
v 0.14296420986243405 -0.5045753175473054 0.038307144579192744
v 0.13352272727272727 -0.506470476127563 0.03577730694392831
v 0.12408124468302051 -0.5045753175473054 0.03324746930866389
v 0.12017045454545452 -0.5 0.03219957624953548
v 0.12408124468302051 -0.4954246824526945 0.03324746930866389
v 0.13352272727272727 -0.493529523872437 -0.03577730694392831
v 0.14296420986243405 -0.4954246824526945 -0.038307144579192744
v 0.146875 -0.5 -0.03935503763832114
v 0.14296420986243405 -0.5045753175473054 -0.038307144579192744
v 0.13352272727272727 -0.506470476127563 -0.03577730694392831
v 0.12408124468302051 -0.5045753175473054 -0.03324746930866389
v 0.12017045454545452 -0.5 -0.03219957624953548
v 0.12408124468302051 -0.4954246824526945 -0.03324746930866389
v 0.09774542032879896 -0.493529523872437 -0.09774542032879893
v 0.10465706528324129 -0.4954246824526945 -0.10465706528324126
v 0.10751996236167885 -0.5 -0.10751996236167882
v 0.10465706528324129 -0.5045753175473054 -0.10465706528324126
v 0.09774542032879896 -0.506470476127563 -0.09774542032879893
v 0.09083377537435663 -0.5045753175473054 -0.0908337753743566
v 0.08797087829591904 -0.5 -0.08797087829591904
v 0.09083377537435663 -0.4954246824526945 -0.0908337753743566
v 0.03577730694392836 -0.493529523872437 -0.1335227272727272
v 0.038307144579192785 -0.4954246824526945 -0.142964209862434
v 0.03935503763832119 -0.5 -0.14687499999999995
v 0.038307144579192785 -0.5045753175473054 -0.142964209862434
v 0.03577730694392836 -0.506470476127563 -0.1335227272727272
v 0.03324746930866393 -0.5045753175473054 -0.12408124468302048
v 0.03219957624953552 -0.5 -0.1201704545454545
v 0.03324746930866393 -0.4954246824526945 -0.12408124468302048
v -0.03577730694392824 -0.493529523872437 -0.13352272727272724
v -0.03830714457919267 -0.4954246824526945 -0.142964209862434
v -0.03935503763832107 -0.5 -0.146875
v -0.03830714457919267 -0.5045753175473054 -0.142964209862434
v -0.03577730694392824 -0.506470476127563 -0.13352272727272724
v -0.033247469308663825 -0.5045753175473054 -0.12408124468302051
v -0.03219957624953542 -0.5 -0.12017045454545452
v -0.033247469308663825 -0.4954246824526945 -0.12408124468302051
v -0.09774542032879893 -0.493529523872437 -0.09774542032879896
v -0.10465706528324126 -0.4954246824526945 -0.10465706528324129
v -0.10751996236167882 -0.5 -0.10751996236167885
v -0.10465706528324126 -0.5045753175473054 -0.10465706528324129
v -0.09774542032879893 -0.506470476127563 -0.09774542032879896
v -0.0908337753743566 -0.5045753175473054 -0.09083377537435663
v -0.08797087829591904 -0.5 -0.08797087829591904
v -0.0908337753743566 -0.4954246824526945 -0.09083377537435663
v -0.13352272727272724 -0.493529523872437 -0.035777306943928285
v -0.142964209862434 -0.4954246824526945 -0.038307144579192716
v -0.14687499999999995 -0.5 -0.039355037638321114
v -0.142964209862434 -0.5045753175473054 -0.038307144579192716
v -0.13352272727272724 -0.506470476127563 -0.035777306943928285
v -0.12408124468302051 -0.5045753175473054 -0.03324746930866386
v -0.12017045454545452 -0.5 -0.032199576249535455
v -0.12408124468302051 -0.4954246824526945 -0.03324746930866386
v -0.13352272727272724 -0.493529523872437 0.03577730694392826
v -0.142964209862434 -0.4954246824526945 0.038307144579192674
v -0.146875 -0.5 0.03935503763832108
v -0.142964209862434 -0.5045753175473054 0.038307144579192674
v -0.13352272727272724 -0.506470476127563 0.03577730694392826
v -0.12408124468302051 -0.5045753175473054 0.03324746930866383
v -0.12017045454545452 -0.5 0.03219957624953543
v -0.12408124468302051 -0.4954246824526945 0.03324746930866383
v -0.09774542032879896 -0.493529523872437 0.09774542032879893
v -0.10465706528324129 -0.4954246824526945 0.10465706528324126
v -0.10751996236167885 -0.5 0.10751996236167882
v -0.10465706528324129 -0.5045753175473054 0.10465706528324126
v -0.09774542032879896 -0.506470476127563 0.09774542032879893
v -0.09083377537435663 -0.5045753175473054 0.0908337753743566
v -0.08797087829591904 -0.5 0.08797087829591904
v -0.09083377537435663 -0.4954246824526945 0.0908337753743566
v -0.03577730694392829 -0.493529523872437 0.13352272727272727
v -0.03830714457919272 -0.4954246824526945 0.14296420986243405
v -0.03935503763832112 -0.5 0.146875
v -0.03830714457919272 -0.5045753175473054 0.14296420986243405
v -0.03577730694392829 -0.506470476127563 0.13352272727272727
v -0.03324746930866387 -0.5045753175473054 0.12408124468302051
v -0.03219957624953546 -0.5 0.12017045454545452
v -0.03324746930866387 -0.4954246824526945 0.12408124468302051
vt 0.991726 0.805888
vt 0.935606 0.805888
vt 0.935584 0.687569
vt 0.991735 0.687569
vt 0.935606 0.805888
vt 0.879497 0.805888
vt 0.879413 0.687569
vt 0.935584 0.687569
vt 0.879497 0.805888
vt 0.823417 0.805888
vt 0.823192 0.687569
vt 0.879413 0.687569
vt 0.823417 0.805888
vt 0.767414 0.805888
vt 0.766839 0.687569
vt 0.823192 0.687569
vt 0.767414 0.805888
vt 0.711617 0.805888
vt 0.710123 0.687569
vt 0.766839 0.687569
vt 0.711617 0.805888
vt 0.656384 0.805888
vt 0.652459 0.687569
vt 0.710123 0.687569
vt 0.656384 0.805888
vt 0.602638 0.805888
vt 0.59229 0.687569
vt 0.652459 0.687569
vt 0.552808 0.805888
vt 0.525499 0.687569
vt 0.59229 0.687569
vt 0.602638 0.805888
vt -0.008274 0.805888
vt -0.008265 0.687569
vt -0.064416 0.687569
vt -0.064394 0.805888
vt -0.064394 0.805888
vt -0.064416 0.687569
vt -0.120587 0.687569
vt -0.120503 0.805888
vt -0.120503 0.805888
vt -0.120587 0.687569
vt -0.176808 0.687569
vt -0.176583 0.805888
vt -0.176583 0.805888
vt -0.176808 0.687569
vt -0.233161 0.687569
vt -0.232586 0.805888
vt -0.232586 0.805888
vt -0.233161 0.687569
vt -0.289877 0.687569
vt -0.288383 0.805888
vt -0.288383 0.805888
vt -0.289877 0.687569
vt -0.347541 0.687569
vt -0.343616 0.805888
vt -0.343616 0.805888
vt -0.347541 0.687569
vt -0.40771 0.687569
vt -0.397362 0.805888
vt -0.447192 0.805888
vt -0.397362 0.805888
vt -0.40771 0.687569
vt -0.474501 0.687569
vt 0.748858 0.865751
vt 0.982164 0.865751
vt 0.954793 0.906336
vt 0.776229 0.906336
vt 0.739247 0.817878
vt 0.991775 0.817878
vt 0.982164 0.865751
vt 0.748858 0.865751
vt 0.817192 0.933454
vt 0.91383 0.933454
vt 0.865511 0.942977
vt 0.776229 0.906336
vt 0.954793 0.906336
vt 0.91383 0.933454
vt 0.817192 0.933454
vt -0.251142 0.865751
vt -0.223771 0.906336
vt -0.045207 0.906336
vt -0.017836 0.865751
vt -0.260753 0.817878
vt -0.251142 0.865751
vt -0.017836 0.865751
vt -0.008225 0.817878
vt -0.182808 0.933454
vt -0.134489 0.942977
vt -0.08617 0.933454
vt -0.223771 0.906336
vt -0.182808 0.933454
vt -0.08617 0.933454
vt -0.045207 0.906336
vt 0.0005937499999999988 0.999999999999999
vt 0 0.9975968749999989
vt 0.017931249999999996 0.9975968749999989
vt 0.0173375 0.999999999999999
vt 0.0002437500000010747 0.9999999999999993
vt 1.0737938316296436e-15 0.9975374999999993
vt 0.018418750000001073 0.9975374999999993
vt 0.018175000000001072 0.9999999999999993
vt 1.0737938316296436e-15 1
vt 0.0002437500000010747 0.9975375
vt 0.018175000000001072 0.9975375
vt 0.018418750000001073 1
vt 0 1
vt 0.0005937499999999988 0.997596875
vt 0.0173375 0.997596875
vt 0.017931249999999996 1
vt 0.016743750000001695 0.9975937499999984
vt 0.016153125000001694 0.9999999999999984
vt 0.000590625000001694 0.9999999999999984
vt 1.6930901125533637e-15 0.9975937499999984
vt 0.015562500000000739 0.9975343749999995
vt 0.015318750000000738 0.9999999999999996
vt 0.00024375000000073904 0.9999999999999996
vt 7.389922007661198e-16 0.9975343749999995
vt 0.015318750000000738 0.997534375
vt 0.015562500000000739 1
vt 7.389922007661198e-16 1
vt 0.00024375000000073904 0.997534375
vt 0.016153125000001694 0.9975937500000001
vt 0.016743750000001695 1
vt 1.6930901125533637e-15 1
vt 0.000590625000001694 0.9975937500000001
vt 0.0005937499999999988 0.999999999999999
vt 0 0.9975968749999989
vt 0.017931249999999996 0.9975968749999989
vt 0.0173375 0.999999999999999
vt 0.0002437500000010747 0.9999999999999993
vt 1.0737938316296436e-15 0.9975374999999993
vt 0.018418750000001073 0.9975374999999993
vt 0.018175000000001072 0.9999999999999993
vt 1.0737938316296436e-15 1
vt 0.0002437500000010747 0.9975375
vt 0.018175000000001072 0.9975375
vt 0.018418750000001073 1
vt 0 1
vt 0.0005937499999999988 0.997596875
vt 0.0173375 0.997596875
vt 0.017931249999999996 1
vt 0.016743750000001695 0.9975937499999984
vt 0.016153125000001694 0.9999999999999984
vt 0.000590625000001694 0.9999999999999984
vt 1.6930901125533637e-15 0.9975937499999984
vt 0.015562500000000739 0.9975343749999995
vt 0.015318750000000738 0.9999999999999996
vt 0.00024375000000073904 0.9999999999999996
vt 7.389922007661198e-16 0.9975343749999995
vt 0.015318750000000738 0.997534375
vt 0.015562500000000739 1
vt 7.389922007661198e-16 1
vt 0.00024375000000073904 0.997534375
vt 0.016153125000001694 0.9975937500000001
vt 0.016743750000001695 1
vt 1.6930901125533637e-15 1
vt 0.000590625000001694 0.9975937500000001
vt 0.0005937499999999988 0.999999999999999
vt 0 0.9975968749999989
vt 0.017931249999999996 0.9975968749999989
vt 0.0173375 0.999999999999999
vt 0.0002437500000010747 0.9999999999999993
vt 1.0737938316296436e-15 0.9975374999999993
vt 0.018418750000001073 0.9975374999999993
vt 0.018175000000001072 0.9999999999999993
vt 1.0737938316296436e-15 1
vt 0.0002437500000010747 0.9975375
vt 0.018175000000001072 0.9975375
vt 0.018418750000001073 1
vt 0 1
vt 0.0005937499999999988 0.997596875
vt 0.0173375 0.997596875
vt 0.017931249999999996 1
vt 0.016743750000001695 0.9975937499999984
vt 0.016153125000001694 0.9999999999999984
vt 0.000590625000001694 0.9999999999999984
vt 1.6930901125533637e-15 0.9975937499999984
vt 0.015562500000000739 0.9975343749999995
vt 0.015318750000000738 0.9999999999999996
vt 0.00024375000000073904 0.9999999999999996
vt 7.389922007661198e-16 0.9975343749999995
vt 0.015318750000000738 0.997534375
vt 0.015562500000000739 1
vt 7.389922007661198e-16 1
vt 0.00024375000000073904 0.997534375
vt 0.016153125000001694 0.9975937500000001
vt 0.016743750000001695 1
vt 1.6930901125533637e-15 1
vt 0.000590625000001694 0.9975937500000001
vt 0.0005937499999999988 0.999999999999999
vt 0 0.9975968749999989
vt 0.017931249999999996 0.9975968749999989
vt 0.0173375 0.999999999999999
vt 0.0002437500000010747 0.9999999999999993
vt 1.0737938316296436e-15 0.9975374999999993
vt 0.018418750000001073 0.9975374999999993
vt 0.018175000000001072 0.9999999999999993
vt 1.0737938316296436e-15 1
vt 0.0002437500000010747 0.9975375
vt 0.018175000000001072 0.9975375
vt 0.018418750000001073 1
vt 0 1
vt 0.0005937499999999988 0.997596875
vt 0.0173375 0.997596875
vt 0.017931249999999996 1
vt 0.016743750000001695 0.9975937499999984
vt 0.016153125000001694 0.9999999999999984
vt 0.000590625000001694 0.9999999999999984
vt 1.6930901125533637e-15 0.9975937499999984
vt 0.015562500000000739 0.9975343749999995
vt 0.015318750000000738 0.9999999999999996
vt 0.00024375000000073904 0.9999999999999996
vt 7.389922007661198e-16 0.9975343749999995
vt 0.015318750000000738 0.997534375
vt 0.015562500000000739 1
vt 7.389922007661198e-16 1
vt 0.00024375000000073904 0.997534375
vt 0.016153125000001694 0.9975937500000001
vt 0.016743750000001695 1
vt 1.6930901125533637e-15 1
vt 0.000590625000001694 0.9975937500000001
vt 0.0005937499999999988 0.999999999999999
vt 0 0.9975968749999989
vt 0.017931249999999996 0.9975968749999989
vt 0.0173375 0.999999999999999
vt 0.0002437500000010747 0.9999999999999993
vt 1.0737938316296436e-15 0.9975374999999993
vt 0.018418750000001073 0.9975374999999993
vt 0.018175000000001072 0.9999999999999993
vt 1.0737938316296436e-15 1
vt 0.0002437500000010747 0.9975375
vt 0.018175000000001072 0.9975375
vt 0.018418750000001073 1
vt 0 1
vt 0.0005937499999999988 0.997596875
vt 0.0173375 0.997596875
vt 0.017931249999999996 1
vt 0.016743750000001695 0.9975937499999984
vt 0.016153125000001694 0.9999999999999984
vt 0.000590625000001694 0.9999999999999984
vt 1.6930901125533637e-15 0.9975937499999984
vt 0.015562500000000739 0.9975343749999995
vt 0.015318750000000738 0.9999999999999996
vt 0.00024375000000073904 0.9999999999999996
vt 7.389922007661198e-16 0.9975343749999995
vt 0.015318750000000738 0.997534375
vt 0.015562500000000739 1
vt 7.389922007661198e-16 1
vt 0.00024375000000073904 0.997534375
vt 0.016153125000001694 0.9975937500000001
vt 0.016743750000001695 1
vt 1.6930901125533637e-15 1
vt 0.000590625000001694 0.9975937500000001
vt 0.0005937499999999988 0.999999999999999
vt 0 0.9975968749999989
vt 0.017931249999999996 0.9975968749999989
vt 0.0173375 0.999999999999999
vt 0.0002437500000010747 0.9999999999999993
vt 1.0737938316296436e-15 0.9975374999999993
vt 0.018418750000001073 0.9975374999999993
vt 0.018175000000001072 0.9999999999999993
vt 1.0737938316296436e-15 1
vt 0.0002437500000010747 0.9975375
vt 0.018175000000001072 0.9975375
vt 0.018418750000001073 1
vt 0 1
vt 0.0005937499999999988 0.997596875
vt 0.0173375 0.997596875
vt 0.017931249999999996 1
vt 0.016743750000001695 0.9975937499999984
vt 0.016153125000001694 0.9999999999999984
vt 0.000590625000001694 0.9999999999999984
vt 1.6930901125533637e-15 0.9975937499999984
vt 0.015562500000000739 0.9975343749999995
vt 0.015318750000000738 0.9999999999999996
vt 0.00024375000000073904 0.9999999999999996
vt 7.389922007661198e-16 0.9975343749999995
vt 0.015318750000000738 0.997534375
vt 0.015562500000000739 1
vt 7.389922007661198e-16 1
vt 0.00024375000000073904 0.997534375
vt 0.016153125000001694 0.9975937500000001
vt 0.016743750000001695 1
vt 1.6930901125533637e-15 1
vt 0.000590625000001694 0.9975937500000001
vt 0.0005937499999999988 0.999999999999999
vt 0 0.9975968749999989
vt 0.017931249999999996 0.9975968749999989
vt 0.0173375 0.999999999999999
vt 0.0002437500000010747 0.9999999999999993
vt 1.0737938316296436e-15 0.9975374999999993
vt 0.018418750000001073 0.9975374999999993
vt 0.018175000000001072 0.9999999999999993
vt 1.0737938316296436e-15 1
vt 0.0002437500000010747 0.9975375
vt 0.018175000000001072 0.9975375
vt 0.018418750000001073 1
vt 0 1
vt 0.0005937499999999988 0.997596875
vt 0.0173375 0.997596875
vt 0.017931249999999996 1
vt 0.016743750000001695 0.9975937499999984
vt 0.016153125000001694 0.9999999999999984
vt 0.000590625000001694 0.9999999999999984
vt 1.6930901125533637e-15 0.9975937499999984
vt 0.015562500000000739 0.9975343749999995
vt 0.015318750000000738 0.9999999999999996
vt 0.00024375000000073904 0.9999999999999996
vt 7.389922007661198e-16 0.9975343749999995
vt 0.015318750000000738 0.997534375
vt 0.015562500000000739 1
vt 7.389922007661198e-16 1
vt 0.00024375000000073904 0.997534375
vt 0.016153125000001694 0.9975937500000001
vt 0.016743750000001695 1
vt 1.6930901125533637e-15 1
vt 0.000590625000001694 0.9975937500000001
vt 0.0005937499999999988 0.999999999999999
vt 0 0.9975968749999989
vt 0.017931249999999996 0.9975968749999989
vt 0.0173375 0.999999999999999
vt 0.0002437500000010747 0.9999999999999993
vt 1.0737938316296436e-15 0.9975374999999993
vt 0.018418750000001073 0.9975374999999993
vt 0.018175000000001072 0.9999999999999993
vt 1.0737938316296436e-15 1
vt 0.0002437500000010747 0.9975375
vt 0.018175000000001072 0.9975375
vt 0.018418750000001073 1
vt 0 1
vt 0.0005937499999999988 0.997596875
vt 0.0173375 0.997596875
vt 0.017931249999999996 1
vt 0.016743750000001695 0.9975937499999984
vt 0.016153125000001694 0.9999999999999984
vt 0.000590625000001694 0.9999999999999984
vt 1.6930901125533637e-15 0.9975937499999984
vt 0.015562500000000739 0.9975343749999995
vt 0.015318750000000738 0.9999999999999996
vt 0.00024375000000073904 0.9999999999999996
vt 7.389922007661198e-16 0.9975343749999995
vt 0.015318750000000738 0.997534375
vt 0.015562500000000739 1
vt 7.389922007661198e-16 1
vt 0.00024375000000073904 0.997534375
vt 0.016153125000001694 0.9975937500000001
vt 0.016743750000001695 1
vt 1.6930901125533637e-15 1
vt 0.000590625000001694 0.9975937500000001
vt 0.0005937499999999988 0.999999999999999
vt 0 0.9975968749999989
vt 0.017931249999999996 0.9975968749999989
vt 0.0173375 0.999999999999999
vt 0.0002437500000010747 0.9999999999999993
vt 1.0737938316296436e-15 0.9975374999999993
vt 0.018418750000001073 0.9975374999999993
vt 0.018175000000001072 0.9999999999999993
vt 1.0737938316296436e-15 1
vt 0.0002437500000010747 0.9975375
vt 0.018175000000001072 0.9975375
vt 0.018418750000001073 1
vt 0 1
vt 0.0005937499999999988 0.997596875
vt 0.0173375 0.997596875
vt 0.017931249999999996 1
vt 0.016743750000001695 0.9975937499999984
vt 0.016153125000001694 0.9999999999999984
vt 0.000590625000001694 0.9999999999999984
vt 1.6930901125533637e-15 0.9975937499999984
vt 0.015562500000000739 0.9975343749999995
vt 0.015318750000000738 0.9999999999999996
vt 0.00024375000000073904 0.9999999999999996
vt 7.389922007661198e-16 0.9975343749999995
vt 0.015318750000000738 0.997534375
vt 0.015562500000000739 1
vt 7.389922007661198e-16 1
vt 0.00024375000000073904 0.997534375
vt 0.016153125000001694 0.9975937500000001
vt 0.016743750000001695 1
vt 1.6930901125533637e-15 1
vt 0.000590625000001694 0.9975937500000001
vt 0.0005937499999999988 0.999999999999999
vt 0 0.9975968749999989
vt 0.017931249999999996 0.9975968749999989
vt 0.0173375 0.999999999999999
vt 0.0002437500000010747 0.9999999999999993
vt 1.0737938316296436e-15 0.9975374999999993
vt 0.018418750000001073 0.9975374999999993
vt 0.018175000000001072 0.9999999999999993
vt 1.0737938316296436e-15 1
vt 0.0002437500000010747 0.9975375
vt 0.018175000000001072 0.9975375
vt 0.018418750000001073 1
vt 0 1
vt 0.0005937499999999988 0.997596875
vt 0.0173375 0.997596875
vt 0.017931249999999996 1
vt 0.016743750000001695 0.9975937499999984
vt 0.016153125000001694 0.9999999999999984
vt 0.000590625000001694 0.9999999999999984
vt 1.6930901125533637e-15 0.9975937499999984
vt 0.015562500000000739 0.9975343749999995
vt 0.015318750000000738 0.9999999999999996
vt 0.00024375000000073904 0.9999999999999996
vt 7.389922007661198e-16 0.9975343749999995
vt 0.015318750000000738 0.997534375
vt 0.015562500000000739 1
vt 7.389922007661198e-16 1
vt 0.00024375000000073904 0.997534375
vt 0.016153125000001694 0.9975937500000001
vt 0.016743750000001695 1
vt 1.6930901125533637e-15 1
vt 0.000590625000001694 0.9975937500000001
vt 0.0005937499999999988 0.999999999999999
vt 0 0.9975968749999989
vt 0.017931249999999996 0.9975968749999989
vt 0.0173375 0.999999999999999
vt 0.0002437500000010747 0.9999999999999993
vt 1.0737938316296436e-15 0.9975374999999993
vt 0.018418750000001073 0.9975374999999993
vt 0.018175000000001072 0.9999999999999993
vt 1.0737938316296436e-15 1
vt 0.0002437500000010747 0.9975375
vt 0.018175000000001072 0.9975375
vt 0.018418750000001073 1
vt 0 1
vt 0.0005937499999999988 0.997596875
vt 0.0173375 0.997596875
vt 0.017931249999999996 1
vt 0.016743750000001695 0.9975937499999984
vt 0.016153125000001694 0.9999999999999984
vt 0.000590625000001694 0.9999999999999984
vt 1.6930901125533637e-15 0.9975937499999984
vt 0.015562500000000739 0.9975343749999995
vt 0.015318750000000738 0.9999999999999996
vt 0.00024375000000073904 0.9999999999999996
vt 7.389922007661198e-16 0.9975343749999995
vt 0.015318750000000738 0.997534375
vt 0.015562500000000739 1
vt 7.389922007661198e-16 1
vt 0.00024375000000073904 0.997534375
vt 0.016153125000001694 0.9975937500000001
vt 0.016743750000001695 1
vt 1.6930901125533637e-15 1
vt 0.000590625000001694 0.9975937500000001
vt 0.0005937499999999988 0.999999999999999
vt 0 0.9975968749999989
vt 0.017931249999999996 0.9975968749999989
vt 0.0173375 0.999999999999999
vt 0.0002437500000010747 0.9999999999999993
vt 1.0737938316296436e-15 0.9975374999999993
vt 0.018418750000001073 0.9975374999999993
vt 0.018175000000001072 0.9999999999999993
vt 1.0737938316296436e-15 1
vt 0.0002437500000010747 0.9975375
vt 0.018175000000001072 0.9975375
vt 0.018418750000001073 1
vt 0 1
vt 0.0005937499999999988 0.997596875
vt 0.0173375 0.997596875
vt 0.017931249999999996 1
vt 0.016743750000001695 0.9975937499999984
vt 0.016153125000001694 0.9999999999999984
vt 0.000590625000001694 0.9999999999999984
vt 1.6930901125533637e-15 0.9975937499999984
vt 0.015562500000000739 0.9975343749999995
vt 0.015318750000000738 0.9999999999999996
vt 0.00024375000000073904 0.9999999999999996
vt 7.389922007661198e-16 0.9975343749999995
vt 0.015318750000000738 0.997534375
vt 0.015562500000000739 1
vt 7.389922007661198e-16 1
vt 0.00024375000000073904 0.997534375
vt 0.016153125000001694 0.9975937500000001
vt 0.016743750000001695 1
vt 1.6930901125533637e-15 1
vt 0.000590625000001694 0.9975937500000001
vn 0.16887177350943783 0.502330379097998 -0.8480250670511095
vn 0.4816592854798115 0.5021894345841668 -0.7181992094837703
vn 0.719833378637445 0.5016282857680939 -0.4798009690660954
vn 0.8486816745878728 0.5015022443091139 -0.16803247951406816
vn 0.8487786085273671 0.5013317358273605 0.1680516716925846
vn 0.7197925460808328 0.5017129031247316 0.4797737523506534
vn 0.4817114776777687 0.5020280432500954 0.7182770329503659
vn 0.16918928374602135 0.502471546148647 0.8478781348616654
vn -0.16918928374602135 0.502471546148647 -0.8478781348616654
vn -0.4814354734762189 0.5020561696189682 -0.71844240369445
vn -0.7198195531553423 0.501850150897498 -0.4795896547460153
vn -0.8485941295885893 0.5015404676361557 -0.16836021665194806
vn -0.848632414126186 0.5014731353595144 0.1683678122654687
vn -0.7198463507243035 0.5017946479043198 0.4796075089940553
vn -0.4813683755387116 0.5022637399468683 0.7183422739654174
vn -0.16887177350943783 0.502330379097998 0.8480250670511095
vn 0 1 0
vn 0 1 0
vn 0 1 0
vn 0 1 0
vn 0 1 0
vn 0 1 0
vn 0 1 0
vn 0 1 0
vn 0.0984006328195897 0.9804434006319883 0.1704348955404588
vn 0.38007578757763755 0.6497457832021337 0.6583105748112241
vn 0.3800757875776359 -0.6497457832021384 0.6583105748112207
vn 0.09840063281959241 -0.9804434006319871 0.1704348955404636
vn -0.09840063281959267 -0.9804434006319871 -0.17043489554046407
vn -0.38007578757763466 -0.6497457832021406 -0.6583105748112191
vn -0.38007578757763655 0.6497457832021362 -0.6583105748112226
vn -0.09840063281958993 0.9804434006319882 -0.17043489554045924
vn 0.17043489554045915 0.9804434006319881 0.09840063281958994
vn 0.658310574811222 0.6497457832021366 0.38007578757763644
vn 0.6583105748112186 -0.6497457832021412 0.3800757875776346
vn 0.17043489554046398 -0.9804434006319871 0.09840063281959267
vn -0.17043489554046445 -0.980443400631987 -0.09840063281959288
vn -0.6583105748112177 -0.6497457832021425 -0.3800757875776339
vn -0.6583105748112212 0.6497457832021378 -0.38007578757763566
vn -0.17043489554045965 0.9804434006319881 -0.09840063281959018
vn 0.19680126563917918 0.9804434006319881 0
vn 0.7601515751552754 0.6497457832021334 0
vn 0.7601515751552714 -0.649745783202138 0
vn 0.1968012656391847 -0.9804434006319871 0
vn -0.19680126563918526 -0.980443400631987 0
vn -0.7601515751552692 -0.6497457832021407 0
vn -0.760151575155273 0.6497457832021362 0
vn -0.19680126563917977 0.9804434006319882 0
vn 0.1704348955404588 0.9804434006319883 -0.0984006328195897
vn 0.6583105748112243 0.6497457832021334 -0.38007578757763777
vn 0.6583105748112209 -0.649745783202138 -0.380075787577636
vn 0.1704348955404636 -0.9804434006319871 -0.09840063281959241
vn -0.17043489554046404 -0.980443400631987 0.09840063281959269
vn -0.6583105748112191 -0.6497457832021406 0.38007578757763466
vn -0.6583105748112226 0.6497457832021362 0.38007578757763666
vn -0.17043489554045924 0.9804434006319882 0.09840063281958993
vn 0.09840063281958991 0.9804434006319881 -0.1704348955404592
vn 0.38007578757763744 0.6497457832021343 -0.6583105748112238
vn 0.38007578757763555 -0.6497457832021388 -0.6583105748112204
vn 0.09840063281959266 -0.9804434006319871 -0.17043489554046407
vn -0.09840063281959269 -0.980443400631987 0.17043489554046398
vn -0.38007578757763494 -0.6497457832021402 0.6583105748112195
vn -0.3800757875776369 0.6497457832021355 0.6583105748112228
vn -0.09840063281958987 0.9804434006319881 0.17043489554045926
vn 0 0.9804434006319882 -0.19680126563917918
vn 5.363770518058195e-16 0.6497457832021335 -0.7601515751552753
vn 0 -0.649745783202138 -0.7601515751552714
vn 7.8672864986417e-17 -0.9804434006319871 -0.19680126563918465
vn -8.465917248155218e-17 -0.980443400631987 0.19680126563918585
vn -3.321564557849385e-16 -0.6497457832021408 0.7601515751552693
vn -3.1322209340647347e-16 0.6497457832021362 0.7601515751552731
vn -7.867286498641753e-17 0.9804434006319881 0.19680126563918032
vn -0.09840063281958975 0.9804434006319881 -0.17043489554045932
vn -0.3800757875776354 0.6497457832021385 -0.6583105748112208
vn -0.3800757875776331 -0.649745783202143 -0.6583105748112176
vn -0.09840063281959253 -0.9804434006319871 -0.1704348955404641
vn 0.09840063281959287 -0.980443400631987 0.17043489554046456
vn 0.3800757875776343 -0.6497457832021407 0.6583105748112192
vn 0.38007578757763627 0.6497457832021362 0.6583105748112226
vn 0.09840063281959004 0.9804434006319881 0.1704348955404598
vn -0.1704348955404593 0.9804434006319881 -0.09840063281958984
vn -0.658310574811224 0.6497457832021343 -0.3800757875776372
vn -0.6583105748112206 -0.6497457832021388 -0.38007578757763516
vn -0.1704348955404641 -0.9804434006319871 -0.09840063281959263
vn 0.17043489554046404 -0.980443400631987 0.09840063281959266
vn 0.6583105748112195 -0.6497457832021402 0.3800757875776347
vn 0.6583105748112229 0.6497457832021356 0.3800757875776369
vn 0.17043489554045926 0.9804434006319882 0.09840063281958984
vn -0.1968012656391797 0.9804434006319881 0
vn -0.7601515751552753 0.6497457832021336 -5.363770518058199e-16
vn -0.7601515751552715 -0.649745783202138 0
vn -0.19680126563918532 -0.980443400631987 0
vn 0.19680126563918587 -0.980443400631987 0
vn 0.7601515751552692 -0.6497457832021407 0
vn 0.7601515751552731 0.6497457832021362 0
vn 0.19680126563918032 0.9804434006319881 0
vn -0.17043489554045937 0.9804434006319881 0.09840063281958977
vn -0.6583105748112208 0.6497457832021385 0.38007578757763555
vn -0.6583105748112177 -0.649745783202143 0.38007578757763316
vn -0.17043489554046415 -0.9804434006319871 0.0984006328195926
vn 0.17043489554046454 -0.980443400631987 -0.09840063281959287
vn 0.6583105748112191 -0.6497457832021407 -0.3800757875776343
vn 0.6583105748112226 0.649745783202136 -0.38007578757763627
vn 0.17043489554045974 0.9804434006319881 -0.09840063281959004
vn -0.09840063281958994 0.9804434006319881 0.17043489554045918
vn -0.38007578757763755 0.6497457832021343 0.6583105748112237
vn -0.38007578757763555 -0.6497457832021388 0.6583105748112204
vn -0.09840063281959267 -0.9804434006319871 0.17043489554046404
vn 0.09840063281959266 -0.980443400631987 -0.17043489554046398
vn 0.38007578757763477 -0.6497457832021402 -0.6583105748112195
vn 0.3800757875776368 0.6497457832021356 -0.6583105748112228
vn 0.09840063281958991 0.9804434006319882 -0.17043489554045924
vn 0 0.9804434006319883 0.19680126563917924
vn 0 0.6497457832021336 0.7601515751552753
vn 0 -0.6497457832021379 0.7601515751552715
vn 0 -0.9804434006319871 0.1968012656391847
vn 0 -0.980443400631987 -0.19680126563918524
vn 0 -0.6497457832021406 -0.7601515751552691
vn 0 0.6497457832021362 -0.7601515751552731
vn 0 0.9804434006319881 -0.1968012656391797
usemtl m_f8621e9a-cac6-c955-042a-1e3c64ff6bbe
f 18/1/1 19/2/1 1/3/1 2/4/1
f 19/5/2 20/6/2 3/7/2 1/8/2
f 20/9/3 4/10/3 5/11/3 3/12/3
f 4/13/4 21/14/4 6/15/4 5/16/4
f 21/17/5 22/18/5 7/19/5 6/20/5
f 22/21/6 23/22/6 8/23/6 7/24/6
f 23/25/7 24/26/7 9/27/7 8/28/7
f 25/29/8 10/30/8 9/31/8 24/32/8
f 18/33/9 2/34/9 11/35/9 26/36/9
f 26/37/10 11/38/10 12/39/10 27/40/10
f 27/41/11 12/42/11 13/43/11 28/44/11
f 28/45/12 13/46/12 14/47/12 29/48/12
f 29/49/13 14/50/13 15/51/13 30/52/13
f 30/53/14 15/54/14 16/55/14 31/56/14
f 31/57/15 16/58/15 17/59/15 32/60/15
f 25/61/16 32/62/16 17/63/16 10/64/16
f 19/65/17 24/66/17 23/67/17 20/68/17
f 18/69/18 25/70/18 24/71/18 19/72/18
f 4/73/19 22/74/19 21/75/19
f 20/76/20 23/77/20 22/78/20 4/79/20
f 26/80/21 27/81/21 31/82/21 32/83/21
f 18/84/22 26/85/22 32/86/22 25/87/22
f 28/88/23 29/89/23 30/90/23
f 27/91/24 28/92/24 30/93/24 31/94/24
usemtl m_6e7319ce-df96-1758-b5cc-d0c7245b1dab
f 33/95/25 34/96/25 42/97/25 41/98/25
f 34/99/26 35/100/26 43/101/26 42/102/26
f 35/103/27 36/104/27 44/105/27 43/106/27
f 36/107/28 37/108/28 45/109/28 44/110/28
f 37/111/29 38/112/29 46/113/29 45/114/29
f 38/115/30 39/116/30 47/117/30 46/118/30
f 39/119/31 40/120/31 48/121/31 47/122/31
f 40/123/32 33/124/32 41/125/32 48/126/32
f 41/127/33 42/128/33 50/129/33 49/130/33
f 42/131/34 43/132/34 51/133/34 50/134/34
f 43/135/35 44/136/35 52/137/35 51/138/35
f 44/139/36 45/140/36 53/141/36 52/142/36
f 45/143/37 46/144/37 54/145/37 53/146/37
f 46/147/38 47/148/38 55/149/38 54/150/38
f 47/151/39 48/152/39 56/153/39 55/154/39
f 48/155/40 41/156/40 49/157/40 56/158/40
f 49/159/41 50/160/41 58/161/41 57/162/41
f 50/163/42 51/164/42 59/165/42 58/166/42
f 51/167/43 52/168/43 60/169/43 59/170/43
f 52/171/44 53/172/44 61/173/44 60/174/44
f 53/175/45 54/176/45 62/177/45 61/178/45
f 54/179/46 55/180/46 63/181/46 62/182/46
f 55/183/47 56/184/47 64/185/47 63/186/47
f 56/187/48 49/188/48 57/189/48 64/190/48
f 57/191/49 58/192/49 66/193/49 65/194/49
f 58/195/50 59/196/50 67/197/50 66/198/50
f 59/199/51 60/200/51 68/201/51 67/202/51
f 60/203/52 61/204/52 69/205/52 68/206/52
f 61/207/53 62/208/53 70/209/53 69/210/53
f 62/211/54 63/212/54 71/213/54 70/214/54
f 63/215/55 64/216/55 72/217/55 71/218/55
f 64/219/56 57/220/56 65/221/56 72/222/56
f 65/223/57 66/224/57 74/225/57 73/226/57
f 66/227/58 67/228/58 75/229/58 74/230/58
f 67/231/59 68/232/59 76/233/59 75/234/59
f 68/235/60 69/236/60 77/237/60 76/238/60
f 69/239/61 70/240/61 78/241/61 77/242/61
f 70/243/62 71/244/62 79/245/62 78/246/62
f 71/247/63 72/248/63 80/249/63 79/250/63
f 72/251/64 65/252/64 73/253/64 80/254/64
f 73/255/65 74/256/65 82/257/65 81/258/65
f 74/259/66 75/260/66 83/261/66 82/262/66
f 75/263/67 76/264/67 84/265/67 83/266/67
f 76/267/68 77/268/68 85/269/68 84/270/68
f 77/271/69 78/272/69 86/273/69 85/274/69
f 78/275/70 79/276/70 87/277/70 86/278/70
f 79/279/71 80/280/71 88/281/71 87/282/71
f 80/283/72 73/284/72 81/285/72 88/286/72
f 81/287/73 82/288/73 90/289/73 89/290/73
f 82/291/74 83/292/74 91/293/74 90/294/74
f 83/295/75 84/296/75 92/297/75 91/298/75
f 84/299/76 85/300/76 93/301/76 92/302/76
f 85/303/77 86/304/77 94/305/77 93/306/77
f 86/307/78 87/308/78 95/309/78 94/310/78
f 87/311/79 88/312/79 96/313/79 95/314/79
f 88/315/80 81/316/80 89/317/80 96/318/80
f 89/319/81 90/320/81 98/321/81 97/322/81
f 90/323/82 91/324/82 99/325/82 98/326/82
f 91/327/83 92/328/83 100/329/83 99/330/83
f 92/331/84 93/332/84 101/333/84 100/334/84
f 93/335/85 94/336/85 102/337/85 101/338/85
f 94/339/86 95/340/86 103/341/86 102/342/86
f 95/343/87 96/344/87 104/345/87 103/346/87
f 96/347/88 89/348/88 97/349/88 104/350/88
f 97/351/89 98/352/89 106/353/89 105/354/89
f 98/355/90 99/356/90 107/357/90 106/358/90
f 99/359/91 100/360/91 108/361/91 107/362/91
f 100/363/92 101/364/92 109/365/92 108/366/92
f 101/367/93 102/368/93 110/369/93 109/370/93
f 102/371/94 103/372/94 111/373/94 110/374/94
f 103/375/95 104/376/95 112/377/95 111/378/95
f 104/379/96 97/380/96 105/381/96 112/382/96
f 105/383/97 106/384/97 114/385/97 113/386/97
f 106/387/98 107/388/98 115/389/98 114/390/98
f 107/391/99 108/392/99 116/393/99 115/394/99
f 108/395/100 109/396/100 117/397/100 116/398/100
f 109/399/101 110/400/101 118/401/101 117/402/101
f 110/403/102 111/404/102 119/405/102 118/406/102
f 111/407/103 112/408/103 120/409/103 119/410/103
f 112/411/104 105/412/104 113/413/104 120/414/104
f 113/415/105 114/416/105 122/417/105 121/418/105
f 114/419/106 115/420/106 123/421/106 122/422/106
f 115/423/107 116/424/107 124/425/107 123/426/107
f 116/427/108 117/428/108 125/429/108 124/430/108
f 117/431/109 118/432/109 126/433/109 125/434/109
f 118/435/110 119/436/110 127/437/110 126/438/110
f 119/439/111 120/440/111 128/441/111 127/442/111
f 120/443/112 113/444/112 121/445/112 128/446/112
f 121/447/113 122/448/113 34/449/113 33/450/113
f 122/451/114 123/452/114 35/453/114 34/454/114
f 123/455/115 124/456/115 36/457/115 35/458/115
f 124/459/116 125/460/116 37/461/116 36/462/116
f 125/463/117 126/464/117 38/465/117 37/466/117
f 126/467/118 127/468/118 39/469/118 38/470/118
f 127/471/119 128/472/119 40/473/119 39/474/119
f 128/475/120 121/476/120 33/477/120 40/478/120
o obj_consumable_chemical
v -0.13983612927430594 0.3291179596174283 0.29799543978727333
v -0.16581359202486867 0.3726354941551541 0.2431218625177564
v -0.20892512595133456 0.3726354941551541 0.21362602783160894
v -0.25721205381069784 0.27582359192348566 0.26314608536751444
v -0.27283872869546577 0.3726354941551541 0.11561543578549247
v -0.33594838675099153 0.27582359192348566 0.14238303445354947
v -0.29509794726122845 0.3726354941551541 0
v -0.36343324579268943 0.27582359192348566 0
v -0.16566285239575518 0.3726354941551541 0
v -0.2087241397791832 0.3726354941551541 0
v -0.1385297191553221 0.2746014877789586 0.34633154584363013
v -0.00035172580126487297 0.2746014877789586 0.37448900059637474
v -0.00035172580126487297 0.32821466524973436 0.3367055055533865
v -0.1410922928502519 0.24388947927736448 0.348030258836026
v -0.26037758602208166 0.24388947927736448 0.26638908289845215
v -0.00035172580126487297 0.24388947927736448 0.3767024751016179
v -0.34006860328009436 0.24388947927736448 0.14418469974851486
v -0.36790518812305717 0.24388947927736448 0
v 0.13908243112873836 0.3291179596174283 0.29799543978727333
v 0.25650860220816807 0.27582359192348566 0.26314608536751444
v 0.20817142780576697 0.3726354941551541 0.21362602783160894
v 0.16511014042233896 0.3726354941551541 0.2431218625177564
v 0.33524493514846176 0.27582359192348566 0.14238303445354947
v 0.272135277092936 0.3726354941551541 0.11561543578549247
v 0.3630815199914246 0.27582359192348566 0
v 0.29474622145996354 0.3726354941551541 0
v 0.1653111265944903 0.3726354941551541 0
v 0.20837241397791828 0.3726354941551541 0
v 0.13777602100975453 0.2746014877789586 0.34633154584363013
v 0.14033859470468432 0.24388947927736448 0.348030258836026
v 0.2596238878765141 0.24388947927736448 0.26638908289845215
v 0.33936515167756454 0.24388947927736448 0.14418469974851486
v 0.36755346232179226 0.24388947927736448 0
v 0.1392834173008897 0.3291179596174283 0
v -0.00020098617215135597 0.32821466524973436 0
v -0.13963514310215455 0.3291179596174283 0
v -0.13943415693000322 0.3291179596174283 -0.29799543978727333
v -0.256860328009433 0.27582359192348566 -0.26314608536751444
v -0.20852315360703183 0.3726354941551541 -0.21362602783160894
v -0.16546186622360382 0.3726354941551541 -0.2431218625177564
v -0.3355966609497267 0.27582359192348566 -0.14238303445354947
v -0.2724870028942009 0.3726354941551541 -0.11561543578549247
v -0.13812774681101941 0.2746014877789586 -0.34633154584363013
v 0 0.32821466524973436 -0.3367055055533865
v 0 0.2746014877789586 -0.37448900059637474
v -0.14069032050594918 0.24388947927736448 -0.348030258836026
v -0.2600258602208168 0.24388947927736448 -0.26638908289845215
v 0 0.24388947927736448 -0.3767024751016179
v -0.33971687747882945 0.24388947927736448 -0.14418469974851486
v 0.13948440347304103 0.3291179596174283 -0.29799543978727333
v 0.16546186622360382 0.3726354941551541 -0.2431218625177564
v 0.2085734001500697 0.3726354941551541 -0.21362602783160894
v 0.256860328009433 0.27582359192348566 -0.26314608536751444
v 0.2724870028942009 0.3726354941551541 -0.11561543578549247
v 0.3355966609497267 0.27582359192348566 -0.14238303445354947
v 0.13817799335405725 0.2746014877789586 -0.34633154584363013
v 0.14074056704898705 0.24388947927736448 -0.348030258836026
v 0.2600258602208168 0.24388947927736448 -0.26638908289845215
v 0.33971687747882945 0.24388947927736448 -0.14418469974851486
v -0.33971687747882945 -0.3698193411264612 0.1499280655345226
v -0.3677042019509058 -0.3698193411264612 0
v -0.2600258602208168 -0.3698193411264612 0.2721324486844598
v 0.3677042019509058 -0.3698193411264612 0
v 0.33971687747882945 -0.3698193411264612 0.14413322359723013
v 0.2600258602208168 -0.3698193411264612 0.2663376067471674
v 0.14074056704898705 -0.3698193411264612 0.348030258836026
v 0 -0.3698193411264612 0.3767024751016179
v -0.14069032050594918 -0.3698193411264612 0.348030258836026
v -0.33971687747882945 -0.3698193411264612 -0.14418469974851486
v -0.2600258602208168 -0.3698193411264612 -0.26638908289845215
v 0.33971687747882945 -0.3698193411264612 -0.14418469974851486
v 0.2600258602208168 -0.3698193411264612 -0.26638908289845215
v 0.14074056704898705 -0.3698193411264612 -0.348030258836026
v 0 -0.3698193411264612 -0.3767024751016179
v -0.14069032050594918 -0.3698193411264612 -0.348030258836026
v -0.3671012434344517 0.32837407013815095 0.08318546047611566
v -0.3617248633294029 0.33586609989373006 0.07124299337805946
v -0.3617248633294029 0.33586609989373006 -0.07124299337805946
v -0.3671012434344517 0.32837407013815095 -0.08313398432483095
v -0.4432247561367778 0.23570669500531347 -0.08313398432483095
v -0.4432247561367778 0.23570669500531347 0.08318546047611566
v -0.4613637581734376 0.2038788522848034 -0.08313398432483095
v -0.4613637581734376 0.2038788522848034 0.08318546047611566
v -0.46875 0.16806588735387887 -0.08313398432483095
v -0.46875 0.1680127523910733 0.08318546047611566
v -0.29439449565869863 0.3480340063761955 0.07469189551413605
v -0.308965993139672 0.3216259298618491 0.12204995469608308
v -0.308965993139672 0.3216259298618491 -0.12204995469608308
v -0.29439449565869863 0.3480340063761955 -0.0746404193628513
v -0.4060925608318148 0.1946865037194474 0.12380014383976375
v -0.4060925608318148 0.1946865037194474 -0.12380014383976375
v -0.4133280630292636 0.16009564293304995 0.12380014383976375
v -0.4133280630292636 0.16009564293304995 -0.12380014383976375
v -0.46875 -0.2792242295430393 0.08318546047611566
v -0.46875 -0.2792242295430393 -0.08313398432483095
v -0.3671012434344517 -0.43953241232731133 0.08318546047611566
v -0.3671012434344517 -0.43953241232731133 -0.08313398432483095
v -0.3617248633294029 -0.44702444208289055 -0.07124299337805946
v -0.3617248633294029 -0.44702444208289055 0.07124299337805946
v -0.4432247561367778 -0.3468650371944739 -0.08313398432483095
v -0.4432247561367778 -0.3468650371944739 0.08318546047611566
v -0.4613637581734376 -0.31503719447396383 -0.08313398432483095
v -0.4613637581734376 -0.31503719447396383 0.08318546047611566
v -0.29439449565869863 -0.459192348565356 0.07469189551413605
v -0.29439449565869863 -0.459192348565356 -0.0746404193628513
v -0.308965993139672 -0.43278427205100956 -0.12204995469608308
v -0.308965993139672 -0.43278427205100956 0.12204995469608308
v -0.4060925608318148 -0.30584484590860783 -0.12380014383976375
v -0.4060925608318148 -0.30584484590860783 0.12380014383976375
v -0.4133280630292636 -0.27125398512221044 -0.12380014383976375
v -0.4133280630292636 -0.27125398512221044 0.12380014383976375
v 0.3671012434344517 0.32837407013815095 0.08318546047611566
v 0.3671012434344517 0.32837407013815095 -0.08313398432483095
v 0.3617248633294029 0.33586609989373006 -0.07124299337805946
v 0.3617248633294029 0.33586609989373006 0.07124299337805946
v 0.4432247561367778 0.23570669500531347 -0.08313398432483095
v 0.4432247561367778 0.23570669500531347 0.08318546047611566
v 0.4613637581734376 0.2038788522848034 -0.08313398432483095
v 0.4613637581734376 0.2038788522848034 0.08318546047611566
v 0.46875 0.16806588735387887 -0.08313398432483095
v 0.46875 0.1680127523910733 0.08318546047611566
v 0.29439449565869863 0.3480340063761955 0.07469189551413605
v 0.29439449565869863 0.3480340063761955 -0.0746404193628513
v 0.308965993139672 0.3216259298618491 -0.12204995469608308
v 0.308965993139672 0.3216259298618491 0.12204995469608308
v 0.4060925608318148 0.1946865037194474 -0.12380014383976375
v 0.4060925608318148 0.1946865037194474 0.12380014383976375
v 0.4133280630292636 0.16009564293304995 -0.12380014383976375
v 0.4133280630292636 0.16009564293304995 0.12380014383976375
v 0.46875 -0.2792242295430393 0.08318546047611566
v 0.46875 -0.2792242295430393 -0.08313398432483095
v 0.3671012434344517 -0.43953241232731133 0.08318546047611566
v 0.3617248633294029 -0.44702444208289055 0.07124299337805946
v 0.3617248633294029 -0.44702444208289055 -0.07124299337805946
v 0.3671012434344517 -0.43953241232731133 -0.08313398432483095
v 0.4432247561367778 -0.3468650371944739 -0.08313398432483095
v 0.4432247561367778 -0.3468650371944739 0.08318546047611566
v 0.4613637581734376 -0.31503719447396383 -0.08313398432483095
v 0.4613637581734376 -0.31503719447396383 0.08318546047611566
v 0.29439449565869863 -0.459192348565356 0.07469189551413605
v 0.308965993139672 -0.43278427205100956 0.12204995469608308
v 0.308965993139672 -0.43278427205100956 -0.12204995469608308
v 0.29439449565869863 -0.459192348565356 -0.0746404193628513
v 0.4060925608318148 -0.30584484590860783 0.12380014383976375
v 0.4060925608318148 -0.30584484590860783 -0.12380014383976375
v 0.4133280630292636 -0.27125398512221044 0.12380014383976375
v 0.4133280630292636 -0.27125398512221044 -0.12380014383976375
v -0.33971687747882945 -0.3698193411264612 0.1499280655345226
v -0.3677042019509058 -0.3698193411264612 0
v -0.3632322596205381 -0.40446333687566416 0
v -0.3355966609497267 -0.40446333687566416 0.1481778763908419
v -0.27791362954228754 -0.5 0
v -0.2567598349233573 -0.5 0.11471837805577063
v -0.256860328009433 -0.40446333687566416 0.26894092730480684
v -0.19651422982098835 -0.5 0.20711806961185214
v -0.2600258602208168 -0.3698193411264612 0.2721324486844598
v 0.10637193161110516 -0.5 0.263043133064945
v 0.19651422982098835 -0.5 0.20132322767455968
v 0.256860328009433 -0.40446333687566416 0.26314608536751444
v 0.1390321845857005 -0.40446333687566416 0.3438092144306786
v -0.10637193161110516 -0.5 0.263043133064945
v -0.1390321845857005 -0.40446333687566416 0.3438092144306786
v 0.2567598349233573 -0.5 0.10897501226976293
v 0.27791362954228754 -0.5 0
v 0.363282506163576 -0.40446333687566416 0
v 0.3355966609497267 -0.40446333687566416 0.14238303445354947
v 0.3677042019509058 -0.3698193411264612 0
v 0.33971687747882945 -0.3698193411264612 0.14413322359723013
v 0.2600258602208168 -0.3698193411264612 0.2663376067471674
v 0 -0.5 0.28471459275581423
v 0 -0.40446333687566416 0.37212109763727735
v 0.14074056704898705 -0.3698193411264612 0.348030258836026
v 0 -0.3698193411264612 0.3767024751016179
v -0.14069032050594918 -0.3698193411264612 0.348030258836026
v -0.33971687747882945 -0.3698193411264612 -0.14418469974851486
v -0.3355966609497267 -0.40446333687566416 -0.14238303445354947
v -0.2567598349233573 -0.5 -0.10892353611847817
v -0.256860328009433 -0.40446333687566416 -0.26314608536751444
v -0.19651422982098835 -0.5 -0.20132322767455968
v -0.2600258602208168 -0.3698193411264612 -0.26638908289845215
v 0.10637193161110516 -0.5 -0.263043133064945
v 0.1390321845857005 -0.40446333687566416 -0.3438092144306786
v 0.256860328009433 -0.40446333687566416 -0.26314608536751444
v 0.19651422982098835 -0.5 -0.20132322767455968
v -0.1390321845857005 -0.40446333687566416 -0.3438092144306786
v -0.10637193161110516 -0.5 -0.263043133064945
v 0.2567598349233573 -0.5 -0.10897501226976293
v 0.3355966609497267 -0.40446333687566416 -0.1424345106048342
v 0.33971687747882945 -0.3698193411264612 -0.14418469974851486
v 0.2600258602208168 -0.3698193411264612 -0.26638908289845215
v 0 -0.40446333687566416 -0.37212109763727735
v 0 -0.5 -0.28471459275581423
v 0.14074056704898705 -0.3698193411264612 -0.348030258836026
v 0 -0.3698193411264612 -0.3767024751016179
v -0.14069032050594918 -0.3698193411264612 -0.348030258836026
vt -0.440508 0.63672
vt -0.39357 0.67544
vt -0.349035 0.67544
vt -0.352225 0.589292
vt -0.352225 0.589292
vt -0.349035 0.67544
vt -0.249695 0.67544
vt -0.247369 0.589292
vt -0.247369 0.589292
vt -0.249695 0.67544
vt -0.15505 0.67544
vt -0.13773 0.589292
vt -0.244725 0.902644
vt -0.244725 0.992376
vt -0.228437 0.992376
vt -0.228437 0.913527
vt -0.45697 0.588187
vt -0.564542 0.588187
vt -0.564573 0.635898
vt -0.440508 0.63672
vt -0.352225 0.589292
vt -0.45697 0.588187
vt -0.440508 0.63672
vt -0.455774 0.560856
vt -0.45697 0.588187
vt -0.352225 0.589292
vt -0.352222 0.560856
vt -0.564538 0.560856
vt -0.564542 0.588187
vt -0.45697 0.588187
vt -0.455774 0.560856
vt -0.352222 0.560856
vt -0.352225 0.589292
vt -0.247369 0.589292
vt -0.247268 0.560856
vt -0.247268 0.560856
vt -0.247369 0.589292
vt -0.13773 0.589292
vt -0.136037 0.560856
vt -0.688992 0.63672
vt -0.777706 0.589292
vt -0.780819 0.67544
vt -0.736035 0.67544
vt -0.777706 0.589292
vt -0.882786 0.589292
vt -0.880395 0.67544
vt -0.780819 0.67544
vt -0.882786 0.589292
vt -0.992451 0.589292
vt -0.975102 0.67544
vt -0.880395 0.67544
vt -0.434529 0.992375
vt -0.434529 0.902644
vt -0.450816 0.913527
vt -0.450816 0.992376
vt -0.67241 0.588187
vt -0.777706 0.589292
vt -0.688992 0.63672
vt -0.564542 0.588187
vt -0.67241 0.588187
vt -0.688992 0.63672
vt -0.564573 0.635898
vt -0.673588 0.560856
vt -0.777728 0.560856
vt -0.777706 0.589292
vt -0.67241 0.588187
vt -0.564538 0.560856
vt -0.673588 0.560856
vt -0.67241 0.588187
vt -0.564542 0.588187
vt -0.777728 0.560856
vt -0.882904 0.560856
vt -0.882786 0.589292
vt -0.777706 0.589292
vt -0.882904 0.560856
vt -0.994146 0.560856
vt -0.992451 0.589292
vt -0.882786 0.589292
vt -0.392785 0.882398
vt -0.392786 0.990682
vt -0.340059 0.990646
vt -0.340059 0.868113
vt -0.423291 0.902644
vt -0.423291 0.992375
vt -0.404888 0.990682
vt -0.404888 0.882398
vt -0.340059 0.868113
vt -0.340059 0.990646
vt -0.287332 0.990682
vt -0.287332 0.882398
vt -0.276094 0.882398
vt -0.276095 0.990682
vt -0.257691 0.992376
vt -0.257691 0.902644
vt -0.483478 0.992376
vt -0.450816 0.992376
vt -0.450816 0.913527
vt -0.474991 0.949706
vt -0.195774 0.992376
vt -0.204264 0.949706
vt -0.228437 0.913527
vt -0.228437 0.992376
vt -0.402692 0.157505
vt -0.44354 0.149455
vt -0.44354 0.36096400000000006
vt -0.402692 0.35291399999999995
vt -0.368063 0.18042899999999995
vt -0.368063 0.329989
vt -0.344925 0.29567999999999994
vt -0.344925 0.214739
vt -0.368063 0.18042899999999995
vt -0.402692 0.157505
vt -0.402692 0.35291399999999995
vt -0.368063 0.329989
vt -0.344925 0.29567999999999994
vt -0.3368 0.255209
vt -0.344925 0.214739
vt 0.559492 0.63672
vt 0.647775 0.589292
vt 0.650965 0.67544
vt 0.60643 0.67544
vt 0.647775 0.589292
vt 0.752631 0.589292
vt 0.750305 0.67544
vt 0.650965 0.67544
vt 0.752631 0.589292
vt 0.86227 0.589292
vt 0.84495 0.67544
vt 0.750305 0.67544
vt 0.755275 0.902644
vt 0.771563 0.913527
vt 0.771563 0.992376
vt 0.755275 0.992376
vt 0.54303 0.588187
vt 0.559492 0.63672
vt 0.435427 0.635898
vt 0.435458 0.588187
vt 0.647775 0.589292
vt 0.559492 0.63672
vt 0.54303 0.588187
vt 0.544226 0.560856
vt 0.647778 0.560856
vt 0.647775 0.589292
vt 0.54303 0.588187
vt 0.435462 0.560856
vt 0.544226 0.560856
vt 0.54303 0.588187
vt 0.435458 0.588187
vt 0.647778 0.560856
vt 0.752732 0.560856
vt 0.752631 0.589292
vt 0.647775 0.589292
vt 0.752732 0.560856
vt 0.863963 0.560856
vt 0.86227 0.589292
vt 0.752631 0.589292
vt 0.311008 0.63672
vt 0.263965 0.67544
vt 0.219181 0.67544
vt 0.222294 0.589292
vt 0.222294 0.589292
vt 0.219181 0.67544
vt 0.119605 0.67544
vt 0.117214 0.589292
vt 0.117214 0.589292
vt 0.119605 0.67544
vt 0.024898 0.67544
vt 0.007549 0.589292
vt 0.565471 0.992375
vt 0.549184 0.992376
vt 0.549184 0.913527
vt 0.565471 0.902644
vt 0.32759 0.588187
vt 0.311008 0.63672
vt 0.222294 0.589292
vt 0.435458 0.588187
vt 0.435427 0.635898
vt 0.311008 0.63672
vt 0.32759 0.588187
vt 0.326412 0.560856
vt 0.32759 0.588187
vt 0.222294 0.589292
vt 0.222272 0.560856
vt 0.435462 0.560856
vt 0.435458 0.588187
vt 0.32759 0.588187
vt 0.326412 0.560856
vt 0.222272 0.560856
vt 0.222294 0.589292
vt 0.117214 0.589292
vt 0.117096 0.560856
vt 0.117096 0.560856
vt 0.117214 0.589292
vt 0.007549 0.589292
vt 0.005854 0.560856
vt 0.607215 0.882398
vt 0.659941 0.868113
vt 0.659941 0.990646
vt 0.607214 0.990682
vt 0.576709 0.902644
vt 0.595112 0.882398
vt 0.595112 0.990682
vt 0.576709 0.992375
vt 0.659941 0.868113
vt 0.712668 0.882398
vt 0.712668 0.990682
vt 0.659941 0.990646
vt 0.723906 0.882398
vt 0.742309 0.902644
vt 0.742309 0.992376
vt 0.723905 0.990682
vt 0.516522 0.992376
vt 0.525009 0.949706
vt 0.549184 0.913527
vt 0.549184 0.992376
vt 0.804226 0.992376
vt 0.771563 0.992376
vt 0.771563 0.913527
vt 0.795736 0.949706
vt 0.597308 0.157505
vt 0.597308 0.35291399999999995
vt 0.55646 0.36096400000000006
vt 0.55646 0.149455
vt 0.631937 0.18042899999999995
vt 0.655075 0.214739
vt 0.655075 0.29567999999999994
vt 0.631937 0.329989
vt 0.631937 0.18042899999999995
vt 0.631937 0.329989
vt 0.597308 0.35291399999999995
vt 0.597308 0.157505
vt 0.655075 0.29567999999999994
vt 0.655075 0.214739
vt 0.6632 0.255209
vt -0.497699 0.159041
vt -0.532328 0.18196599999999996
vt -0.532328 0.33152500000000007
vt -0.497699 0.35444999999999993
vt -0.456852 0.150991
vt -0.497699 0.159041
vt -0.497699 0.35444999999999993
vt -0.456852 0.36250000000000004
vt -0.555466 0.216275
vt -0.563591 0.256745
vt -0.555466 0.2972159999999999
vt -0.532328 0.18196599999999996
vt -0.555466 0.216275
vt -0.555466 0.2972159999999999
vt -0.532328 0.33152500000000007
vt 0.502301 0.159041
vt 0.502301 0.35444999999999993
vt 0.467672 0.33152500000000007
vt 0.467672 0.18196599999999996
vt 0.543148 0.150991
vt 0.543148 0.36250000000000004
vt 0.502301 0.35444999999999993
vt 0.502301 0.159041
vt 0.444534 0.216275
vt 0.444534 0.2972159999999999
vt 0.436409 0.256745
vt 0.467672 0.18196599999999996
vt 0.467672 0.33152500000000007
vt 0.444534 0.2972159999999999
vt 0.444534 0.216275
vt 0.057442 0.822356
vt 0.053049 0.816576
vt 0.053045 0.747633
vt 0.057438 0.741876
vt 0.114186 0.742548
vt 0.114192 0.821678
vt 0.057442 0.822356
vt 0.057438 0.741876
vt 0.131198 0.74279
vt 0.131205 0.821437
vt 0.114192 0.821678
vt 0.114186 0.742548
vt 0.160023 0.742426
vt 0.160028 0.821798
vt 0.14316 0.821437
vt 0.143153 0.74279
vt 0.009651 0.907265
vt 0.021957 0.887572
vt 0.021957 0.989023
vt 0.009651 0.96933
vt 0.021957 0.887572
vt 0.087708 0.886845
vt 0.087708 0.98975
vt 0.021957 0.989023
vt 0.087708 0.886845
vt 0.101964 0.886845
vt 0.101965 0.98975
vt 0.087708 0.98975
vt 0.047359 0.832207
vt 0.025362 0.865139
vt 0.005447 0.841384
vt 0.041329 0.826449
vt 0.041327 0.732373
vt 0.005443 0.717437
vt 0.025359 0.693681
vt 0.047351 0.726639
vt 0.042078 0.817725
vt 0.004697 0.819816
vt 0.004696 0.739779
vt 0.042074 0.741857
vt 0.130561 0.838329
vt 0.12549 0.874183
vt 0.116531 0.839623
vt 0.156426 0.839143
vt 0.158663 0.87387
vt 0.137445 0.874183
vt 0.142516 0.838329
vt 0.11652 0.722296
vt 0.125484 0.687719
vt 0.130552 0.723589
vt 0.142507 0.723589
vt 0.137439 0.687719
vt 0.158656 0.68803
vt 0.156417 0.722774
vt 0.116531 0.839623
vt 0.12549 0.874183
vt 0.040816 0.877055
vt 0.056506 0.843024
vt 0.0565 0.718894
vt 0.04081 0.684847
vt 0.125484 0.687719
vt 0.11652 0.722296
vt 0.367217 0.821798
vt 0.160028 0.821798
vt 0.160023 0.742426
vt 0.367223 0.742426
vt 0.4708 0.822356
vt 0.470804 0.741876
vt 0.475197 0.747633
vt 0.475193 0.816576
vt 0.414056 0.742548
vt 0.470804 0.741876
vt 0.4708 0.822356
vt 0.414049 0.821678
vt 0.397043 0.74279
vt 0.414056 0.742548
vt 0.414049 0.821678
vt 0.397037 0.821436
vt 0.367223 0.742426
vt 0.384092 0.74279
vt 0.384086 0.821436
vt 0.367217 0.821798
vt 0.393198 0.907265
vt 0.393199 0.96933
vt 0.380893 0.989023
vt 0.380893 0.887572
vt 0.380893 0.887572
vt 0.380893 0.989023
vt 0.315142 0.98975
vt 0.315141 0.886845
vt 0.315141 0.886845
vt 0.315142 0.98975
vt 0.300884 0.98975
vt 0.300886 0.886845
vt 0.287418 0.98975
vt 0.113748 0.98975
vt 0.113747 0.886845
vt 0.28742 0.886845
vt 0.481651 0.833744
vt 0.487682 0.827986
vt 0.523563 0.842921
vt 0.503649 0.866676
vt 0.487683 0.736216
vt 0.481659 0.730482
vt 0.503651 0.697523
vt 0.523567 0.721279
vt 0.486932 0.82003
vt 0.486937 0.744162
vt 0.524315 0.742085
vt 0.524313 0.822121
vt 0.39768 0.838329
vt 0.41171 0.839623
vt 0.402751 0.874184
vt 0.370819 0.839145
vt 0.384729 0.838329
vt 0.3898 0.874184
vt 0.368584 0.873867
vt 0.411721 0.722296
vt 0.39769 0.723589
vt 0.402758 0.687719
vt 0.384739 0.723589
vt 0.37083 0.722772
vt 0.36859 0.688033
vt 0.389807 0.687719
vt 0.158663 0.87387
vt 0.156426 0.839143
vt 0.370819 0.839145
vt 0.368584 0.873867
vt 0.41171 0.839623
vt 0.471736 0.843024
vt 0.487427 0.877055
vt 0.402751 0.874184
vt 0.471742 0.718894
vt 0.411721 0.722296
vt 0.402758 0.687719
vt 0.487433 0.684847
vt 0.156417 0.722774
vt 0.158656 0.68803
vt 0.36859 0.688033
vt 0.37083 0.722772
vt -0.942558 0.822356
vt -0.942562 0.741876
vt -0.946955 0.747633
vt -0.946951 0.816576
vt -0.885814 0.742548
vt -0.942562 0.741876
vt -0.942558 0.822356
vt -0.885808 0.821678
vt -0.868802 0.74279
vt -0.885814 0.742548
vt -0.885808 0.821678
vt -0.868795 0.821437
vt -0.839977 0.742426
vt -0.856847 0.74279
vt -0.85684 0.821437
vt -0.839972 0.821798
vt -0.990349 0.907265
vt -0.990349 0.96933
vt -0.978043 0.989023
vt -0.978043 0.887572
vt -0.978043 0.887572
vt -0.978043 0.989023
vt -0.912292 0.98975
vt -0.912292 0.886845
vt -0.912292 0.886845
vt -0.912292 0.98975
vt -0.898035 0.98975
vt -0.898036 0.886845
vt -0.952641 0.832207
vt -0.958671 0.826449
vt -0.994553 0.841384
vt -0.974638 0.865139
vt -0.958673 0.732373
vt -0.952649 0.726639
vt -0.974641 0.693681
vt -0.994557 0.717437
vt -0.957922 0.817725
vt -0.957926 0.741857
vt -0.995304 0.739779
vt -0.995303 0.819816
vt -0.869439 0.838329
vt -0.883469 0.839623
vt -0.87451 0.874183
vt -0.843574 0.839143
vt -0.857484 0.838329
vt -0.862555 0.874183
vt -0.841337 0.87387
vt -0.88348 0.722296
vt -0.869448 0.723589
vt -0.874516 0.687719
vt -0.857493 0.723589
vt -0.843583 0.722774
vt -0.841344 0.68803
vt -0.862561 0.687719
vt -0.883469 0.839623
vt -0.943494 0.843024
vt -0.959184 0.877055
vt -0.87451 0.874183
vt -0.9435 0.718894
vt -0.88348 0.722296
vt -0.874516 0.687719
vt -0.95919 0.684847
vt -0.632783 0.821798
vt -0.632777 0.742426
vt -0.839977 0.742426
vt -0.839972 0.821798
vt -0.5292 0.822356
vt -0.524807 0.816576
vt -0.524803 0.747633
vt -0.529196 0.741876
vt -0.585944 0.742548
vt -0.585951 0.821678
vt -0.5292 0.822356
vt -0.529196 0.741876
vt -0.602957 0.74279
vt -0.602963 0.821436
vt -0.585951 0.821678
vt -0.585944 0.742548
vt -0.632777 0.742426
vt -0.632783 0.821798
vt -0.615914 0.821436
vt -0.615908 0.74279
vt -0.606802 0.907265
vt -0.619107 0.887572
vt -0.619107 0.989023
vt -0.606801 0.96933
vt -0.619107 0.887572
vt -0.684859 0.886845
vt -0.684858 0.98975
vt -0.619107 0.989023
vt -0.684859 0.886845
vt -0.699114 0.886845
vt -0.699116 0.98975
vt -0.684858 0.98975
vt -0.712582 0.98975
vt -0.71258 0.886845
vt -0.886253 0.886845
vt -0.886252 0.98975
vt -0.518349 0.833744
vt -0.496351 0.866676
vt -0.476437 0.842921
vt -0.512318 0.827986
vt -0.512317 0.736216
vt -0.476433 0.721279
vt -0.496349 0.697523
vt -0.518341 0.730482
vt -0.513068 0.82003
vt -0.475687 0.822121
vt -0.475685 0.742085
vt -0.513063 0.744162
vt -0.60232 0.838329
vt -0.597249 0.874184
vt -0.58829 0.839623
vt -0.629181 0.839145
vt -0.631416 0.873867
vt -0.6102 0.874184
vt -0.615271 0.838329
vt -0.588279 0.722296
vt -0.597242 0.687719
vt -0.60231 0.723589
vt -0.615261 0.723589
vt -0.610193 0.687719
vt -0.63141 0.688033
vt -0.62917 0.722772
vt -0.841337 0.87387
vt -0.631416 0.873867
vt -0.629181 0.839145
vt -0.843574 0.839143
vt -0.58829 0.839623
vt -0.597249 0.874184
vt -0.512573 0.877055
vt -0.528264 0.843024
vt -0.528258 0.718894
vt -0.512567 0.684847
vt -0.597242 0.687719
vt -0.588279 0.722296
vt -0.843583 0.722774
vt -0.62917 0.722772
vt -0.63141 0.688033
vt -0.841344 0.68803
vt -0.28232 0.548293
vt -0.181537 0.548293
vt -0.18217 0.525013
vt -0.282363 0.525013
vt -0.199923 0.410581
vt -0.292559 0.410581
vt -0.2894 0.511357
vt -0.181057 0.511357
vt -0.389735 0.511357
vt -0.2894 0.511357
vt -0.292559 0.410581
vt -0.390309 0.410581
vt -0.384847 0.548293
vt -0.28232 0.548293
vt -0.282363 0.525013
vt -0.384842 0.525013
vt -0.686562 0.410581
vt -0.785166 0.410581
vt -0.785763 0.511357
vt -0.686524 0.511357
vt -0.389735 0.511357
vt -0.390309 0.410581
vt -0.488877 0.410581
vt -0.488932 0.511357
vt -0.882955 0.410581
vt -0.975606 0.410581
vt -0.994489 0.511357
vt -0.886134 0.511357
vt -0.992765 0.525013
vt -0.993415 0.548293
vt -0.892635 0.548293
vt -0.892568 0.525013
vt -0.882955 0.410581
vt -0.886134 0.511357
vt -0.785763 0.511357
vt -0.785166 0.410581
vt -0.892635 0.548293
vt -0.790114 0.548293
vt -0.790083 0.525013
vt -0.892568 0.525013
vt -0.488877 0.410581
vt -0.587712 0.410581
vt -0.587717 0.511357
vt -0.488932 0.511357
vt -0.686562 0.410581
vt -0.686524 0.511357
vt -0.587717 0.511357
vt -0.587712 0.410581
vt -0.790114 0.548293
vt -0.688565 0.548293
vt -0.688518 0.525013
vt -0.790083 0.525013
vt -0.688565 0.548293
vt -0.587485 0.548293
vt -0.587462 0.525013
vt -0.688518 0.525013
vt -0.587485 0.548293
vt -0.486402 0.548293
vt -0.486405 0.525013
vt -0.587462 0.525013
vt -0.486405 0.525013
vt -0.486402 0.548293
vt -0.384847 0.548293
vt -0.384842 0.525013
vt 0.802506 0.150671
vt 0.852637 0.140698
vt 0.852637 0.402732
vt 0.802491 0.39275799999999994
vt 0.731597 0.22156600000000004
vt 0.759999 0.17906699999999998
vt 0.759985 0.364356
vt 0.731597 0.32184900000000005
vt 0.759999 0.17906699999999998
vt 0.802506 0.150671
vt 0.802491 0.39275799999999994
vt 0.759985 0.364356
vt 0.731597 0.22156600000000004
vt 0.731597 0.32184900000000005
vt 0.721623 0.2717069999999999
vt 0.71768 0.548293
vt 0.717637 0.525013
vt 0.81783 0.525013
vt 0.818463 0.548293
vt 0.800077 0.410581
vt 0.818943 0.511357
vt 0.7106 0.511357
vt 0.707441 0.410581
vt 0.610265 0.511357
vt 0.609691 0.410581
vt 0.707441 0.410581
vt 0.7106 0.511357
vt 0.615153 0.548293
vt 0.615158 0.525013
vt 0.717637 0.525013
vt 0.71768 0.548293
vt 0.313438 0.410581
vt 0.313476 0.511357
vt 0.214237 0.511357
vt 0.214834 0.410581
vt 0.610265 0.511357
vt 0.511068 0.511357
vt 0.511123 0.410581
vt 0.609691 0.410581
vt 0.117045 0.410581
vt 0.113866 0.511357
vt 0.005511 0.511357
vt 0.024394 0.410581
vt 0.007235 0.525013
vt 0.107432 0.525013
vt 0.107365 0.548293
vt 0.006585 0.548293
vt 0.117045 0.410581
vt 0.214834 0.410581
vt 0.214237 0.511357
vt 0.113866 0.511357
vt 0.107365 0.548293
vt 0.107432 0.525013
vt 0.209917 0.525013
vt 0.209886 0.548293
vt 0.511123 0.410581
vt 0.511068 0.511357
vt 0.412283 0.511357
vt 0.412288 0.410581
vt 0.313438 0.410581
vt 0.412288 0.410581
vt 0.412283 0.511357
vt 0.313476 0.511357
vt 0.209886 0.548293
vt 0.209917 0.525013
vt 0.311482 0.525013
vt 0.311435 0.548293
vt 0.311435 0.548293
vt 0.311482 0.525013
vt 0.412538 0.525013
vt 0.412515 0.548293
vt 0.412515 0.548293
vt 0.412538 0.525013
vt 0.513595 0.525013
vt 0.513598 0.548293
vt 0.513595 0.525013
vt 0.615158 0.525013
vt 0.615153 0.548293
vt 0.513598 0.548293
vt 0.902767 0.150671
vt 0.902782 0.39275799999999994
vt 0.852637 0.402732
vt 0.852637 0.140698
vt 0.973677 0.22156600000000004
vt 0.973677 0.32184900000000005
vt 0.945289 0.364356
vt 0.945275 0.17906699999999998
vt 0.945275 0.17906699999999998
vt 0.945289 0.364356
vt 0.902782 0.39275799999999994
vt 0.902767 0.150671
vt 0.973677 0.22156600000000004
vt 0.98365 0.2717069999999999
vt 0.973677 0.32184900000000005
vn -0.46180416744151925 0.5754472008817637 0.6749795774177084
vn -0.6871239537483305 0.5719135917931352 0.4480798095289918
vn -0.8073318035051885 0.5692588305072477 0.1554340469092305
vn 0 1 0
vn -0.16430467335111154 0.5682323884427748 0.8062976665224849
vn -0.462763872943106 0.5818755005043119 0.6687828495195981
vn -0.5708466174963811 0.09275355322641672 0.8158007830695032
vn -0.1991770958504414 0.0704451644261981 0.9774282394618798
vn -0.8297603552219436 0.1371912475358548 0.5409956695774099
vn -0.9727377713695231 0.13609874673456268 0.18777209400849518
vn 0.4615816327167817 0.5756915851324816 0.6749233994655695
vn 0.6871980244371593 0.5718507515842218 0.4480464184905691
vn 0.8067519443199691 0.5694510043198808 0.15772398046913652
vn 0 1 0
vn 0.46260865146808366 0.5819313476296878 0.6688416421192512
vn 0.15114436616849936 0.6537685265163388 0.7414459483416023
vn 0.5594303386994585 0.13758154499494515 0.8173793578378483
vn 0.1991924815379444 0.07068183483479833 0.9774080179347527
vn 0.8295145329836168 0.13756390303982616 0.5412779435275575
vn 0.9722811129329442 0.1361548734459656 0.190082318669541
vn -0.006475816683647438 0.9999790316697663 -0.000004367682967662775
vn -0.858212367623799 0.513294290542137 -0.0007094747336802917
vn 0.006478150213399349 0.9999790165605484 0.0000029002019402817194
vn 0.8582124398465708 0.5132943337383647 0.0005788304455282956
vn 0 1 0
vn 0 1 0
vn 0 -1 0
vn 0 -1 0
vn 0 -1 0
vn 0 -1 0
vn -0.4615816327167816 0.5756915851324818 -0.6749233994655696
vn -0.6871980244371593 0.5718507515842218 -0.4480464184905691
vn -0.8067519443199694 0.5694510043198806 -0.15772398046913627
vn 0 1 0
vn -0.19999879433887413 0.6473291002708461 -0.7355035813682579
vn -0.4626086514680835 0.581931347629688 -0.6688416421192511
vn -0.5592023313407739 0.13844029528901935 -0.8173903824142613
vn -0.19919248153794442 0.07068183483479815 -0.9774080179347527
vn -0.8296698636717262 0.1375704164042081 -0.5410381667177578
vn -0.9722811129329438 0.1361548734459672 -0.19008231866954092
vn 0.4618041674415195 0.5754472008817636 -0.6749795774177086
vn 0.6871239537483305 0.5719135917931352 -0.4480798095289918
vn 0.8073318035051885 0.5692588305072476 -0.15543404690923013
vn 0 1 0
vn 0.46276387294310584 0.5818755005043122 -0.6687828495195979
vn 0.2177636899447771 0.5622366771139161 -0.7977900063610331
vn 0.5708466174963811 0.09275355322641672 -0.8158007830695032
vn 0.19917709585044135 0.0704451644261981 -0.9774282394618798
vn 0.8297603552219436 0.1371912475358548 -0.5409956695774099
vn 0.9727377713695232 0.13609874673456102 -0.1877720940084952
vn -0.006474744131011172 0.9999790386170605 -0.000003864902762467912
vn -0.8583274248253924 0.5131020333794634 -0.0005789079983617147
vn 0.006479363393819709 0.9999790086951393 0.000004370075083803042
vn 0.8586063869334513 0.5126349271171295 0.0007098004651139322
vn 0 1 0
vn 0 1 0
vn 0 -1 0
vn 0 -1 0
vn 0 -1 0
vn 0 -1 0
vn 0 1 0
vn 0 1 0
vn 0 1 0
vn 0 1 0
vn 0 1 0
vn 0 1 0
vn 0 1 0
vn 0 1 0
vn -0.8124528213379273 0.5830269402866749 0
vn -0.7727103727353516 0.6347587572197756 0
vn -0.8688109531815816 0.49514394637490206 0
vn -0.9794460107897756 0.20170648922493511 0.00006444025120114864
vn 0.8755563079961761 -0.48311608494036434 0
vn 0.7941910310119028 -0.6076681711758901 0
vn 0.9788158413137197 -0.20474264038864787 0
vn -0.18763960193445936 0.8813022014972666 0.43370244341247294
vn -0.18132462091482648 0.8817704943258118 -0.43543332117157496
vn -0.17783871078396712 0.984059649079616 0
vn -0.5311590173515945 0.302712772025926 0.791350160130437
vn -0.5755523421449465 0.12039047718564454 0.8088545199567592
vn -0.5315803026924444 0.3029528667041232 -0.7909753108316107
vn -0.5752647488911904 0.12033032020856393 -0.8090680334320842
vn -0.46885171614468435 0.3697972765908094 0.8021396652043863
vn -0.48344238346513996 0.3807693413820124 -0.7882246954600277
vn -1 0 0
vn -0.8124528213379314 -0.5830269402866691 0
vn -0.7727103727353515 -0.634758757219776 0
vn -0.8688109531815819 -0.4951439463749018 0
vn -0.9793868507950019 -0.20199355556514423 0
vn 0.8755563079961766 0.4831160849403636 0
vn 0.7941910310119029 0.6076681711758902 0
vn 0.9788158413137197 0.2047426403886482 0
vn 1 0 0
vn -0.18053673006523852 -0.8677298850236245 0.463088906943622
vn -0.2035097301925519 -0.8672404557228459 -0.4543982632829764
vn -0.1778387107839671 -0.984059649079616 0
vn -0.5311590173515947 -0.3027127720259258 0.7913501601304371
vn -0.5750807539490123 -0.11860747990740499 0.8094531438863217
vn -0.5315803026924446 -0.302952866704123 -0.7909753108316108
vn -0.576226327730403 -0.11884374867196673 -0.8086033530921873
vn -0.5910979681860198 0 0.8065997718858835
vn -0.4789446491580692 -0.393438888623229 0.78474063483534
vn -0.46085381484148696 -0.3785778023572166 -0.8026783969364247
vn -0.5915850592554889 0 -0.8062425923167789
vn 0.8124528213379273 0.5830269402866749 0
vn 0.7727103727353516 0.6347587572197756 0
vn 0.8688109531815816 0.49514394637490206 0
vn 0.9793868507950018 0.20199355556514406 0
vn -0.8755563079961762 -0.48311608494036434 0
vn -0.7941910310119029 -0.6076681711758902 0
vn -0.9788158413137197 -0.20474264038864787 0
vn 0.18053673006523877 0.8677298850236278 0.46308890694361576
vn 0.20350973019254787 0.8672404557228491 -0.45439826328297217
vn 0.1778387107839671 0.984059649079616 0
vn 0.5311590173515945 0.302712772025926 0.791350160130437
vn 0.5751112451562151 0.1184380444621972 0.8094562899371643
vn 0.5315803026924444 0.3029528667041232 -0.7909753108316107
vn 0.5762263277304029 0.11884374867196662 -0.8086033530921873
vn 0.47894464915806906 0.3934388886232285 0.7847406348353404
vn 0.4608538148414873 0.3785778023572165 -0.8026783969364247
vn 1 0 0
vn 0.8124528213379314 -0.5830269402866692 0
vn 0.7727103727353515 -0.634758757219776 0
vn 0.8688109531815819 -0.4951439463749018 0
vn 0.9793868507950019 -0.20199355556514423 0
vn -0.8755563079961765 0.4831160849403635 0
vn -0.7941910310119028 0.6076681711758901 0
vn -0.9788158413137197 0.2047426403886482 0
vn -1 0 0
vn 0.18763960193446044 -0.881302201497266 0.4337024434124733
vn 0.18132462091482648 -0.8817704943258114 -0.4354333211715758
vn 0.17783871078396712 -0.984059649079616 0
vn 0.5311590173515947 -0.3027127720259258 0.7913501601304371
vn 0.5754790252643683 -0.12037514121427906 0.8089089669786181
vn 0.5315803026924446 -0.302952866704123 -0.7909753108316108
vn 0.5752647488911905 -0.12033032020856413 -0.8090680334320842
vn 0.5910979681860198 0 0.8065997718858834
vn 0.4688517161446842 -0.3697972765908093 0.8021396652043864
vn 0.4834423834651402 -0.3807693413820125 -0.7882246954600274
vn 0.591585059255489 0 -0.806242592316779
vn -0.975199724874006 -0.12588146476514098 0.18204217487781718
vn -0.7400888269009049 -0.6585167430466917 0.13647061010935588
vn -0.6280685220311926 -0.6616979204304018 0.40949455885473657
vn -0.8309372616845931 -0.12619811827656502 0.5418646529231853
vn 0.4218522257133502 -0.6651613488195564 0.6161177482407411
vn -0.3952034646748179 -0.6618449752510956 0.6370050629656696
vn 0.7379819076422479 -0.6594398879125821 0.14325410368485034
vn 0.9740489841094134 -0.12432019449686511 0.18913769004532546
vn 0.6281602229370531 -0.6615738592268071 0.40955434695217285
vn 0.8309743691439738 -0.12584939733309597 0.5418888511647676
vn -0.1486448331222483 -0.6675170839859437 0.729606507764947
vn 0.1485674795558075 -0.6675680051919456 0.7295756728828623
vn 0.5604435249888292 -0.127344350629256 0.8183437368617842
vn 0.19796835673130242 -0.12850555732348187 0.9717483478092923
vn -0.1980522469019842 -0.1278854678657799 0.9718130553793906
vn -0.5322828904290248 -0.12744680801751898 0.8369182968980118
vn 0 -1 0
vn 0 -1 0
vn 0 -1 0
vn 0 -1 0
vn -0.9738989469785233 -0.1256563617884523 -0.1890272991295516
vn -0.7381725818666136 -0.6592220346258045 -0.14327438167443754
vn -0.6280564971734115 -0.6617061674976413 -0.4094996755234956
vn -0.8309366720517327 -0.12663930745893043 -0.5417626166928776
vn 0.4218261634263164 -0.6651203626733297 -0.6161798365788458
vn -0.4218261634263164 -0.6651203626733297 -0.6161798365788458
vn 0.7380681026116174 -0.6592980585864612 -0.1434626984669203
vn 0.9738808747427372 -0.1253870720280681 -0.18929903322138059
vn 0.6279364156216398 -0.6617273341193045 -0.4096495980903747
vn 0.8308783227957729 -0.12619570254413034 -0.5419555861576453
vn -0.1485674795558075 -0.6675680051919456 -0.7295756728828623
vn 0.1486448331222483 -0.6675170839859437 -0.729606507764947
vn 0.5602608549111501 -0.1278023647582731 -0.8183974156951014
vn 0.1978946561585101 -0.12816438000752797 -0.971808415666993
vn -0.19788578992765113 -0.12850774303097715 -0.9717648759477748
vn -0.5602608549111501 -0.12780236475827308 -0.8183974156951016
vn 0 -1 0
vn 0 -1 0
vn 0 -1 0
vn 0 -1 0
usemtl m_6f2c02a8-763b-2195-365d-d633d65392cf
f 129/479/121 130/480/121 131/481/121 132/482/121
f 132/483/122 131/484/122 133/485/122 134/486/122
f 134/487/123 133/488/123 135/489/123 136/490/123
f 130/491/124 137/492/124 138/493/124 131/494/124
f 139/495/125 140/496/125 141/497/125 129/498/125
f 132/499/126 139/500/126 129/501/126
f 142/502/127 139/503/127 132/504/127 143/505/127
f 144/506/128 140/507/128 139/508/128 142/509/128
f 143/510/129 132/511/129 134/512/129 145/513/129
f 145/514/130 134/515/130 136/516/130 146/517/130
f 147/518/131 148/519/131 149/520/131 150/521/131
f 148/522/132 151/523/132 152/524/132 149/525/132
f 151/526/133 153/527/133 154/528/133 152/529/133
f 155/530/134 150/531/134 149/532/134 156/533/134
f 157/534/135 148/535/135 147/536/135
f 140/537/136 157/538/136 147/539/136 141/540/136
f 158/541/137 159/542/137 148/543/137 157/544/137
f 144/545/138 158/546/138 157/547/138 140/548/138
f 159/549/139 160/550/139 151/551/139 148/552/139
f 160/553/140 161/554/140 153/555/140 151/556/140
f 147/557/141 162/558/141 163/559/141 141/560/141
f 150/561/142 155/562/142 162/563/142 147/564/142
f 141/565/143 163/566/143 164/567/143 129/568/143
f 129/569/144 164/570/144 137/571/144 130/572/144
f 154/573/145 156/574/145 149/575/145 152/576/145
f 135/577/146 133/578/146 131/579/146 138/580/146
f 145/581/147 146/582/147 161/583/147 160/584/147
f 143/585/148 159/586/148 158/587/148 142/588/148
f 143/589/149 145/590/149 160/591/149 159/592/149
f 158/593/150 144/594/150 142/595/150
f 165/596/151 166/597/151 167/598/151 168/599/151
f 166/600/152 169/601/152 170/602/152 167/603/152
f 169/604/153 136/605/153 135/606/153 170/607/153
f 168/608/154 167/609/154 138/610/154 137/611/154
f 171/612/155 165/613/155 172/614/155 173/615/155
f 166/616/156 165/617/156 171/618/156
f 174/619/157 175/620/157 166/621/157 171/622/157
f 176/623/158 174/624/158 171/625/158 173/626/158
f 175/627/159 177/628/159 169/629/159 166/630/159
f 177/631/160 146/632/160 136/633/160 169/634/160
f 178/635/161 179/636/161 180/637/161 181/638/161
f 181/639/162 180/640/162 182/641/162 183/642/162
f 183/643/163 182/644/163 154/645/163 153/646/163
f 155/647/164 156/648/164 180/649/164 179/650/164
f 184/651/165 178/652/165 181/653/165
f 173/654/166 172/655/166 178/656/166 184/657/166
f 185/658/167 184/659/167 181/660/167 186/661/167
f 176/662/168 173/663/168 184/664/168 185/665/168
f 186/666/169 181/667/169 183/668/169 187/669/169
f 187/670/170 183/671/170 153/672/170 161/673/170
f 178/674/171 172/675/171 163/676/171 162/677/171
f 179/678/172 178/679/172 162/680/172 155/681/172
f 172/682/173 165/683/173 164/684/173 163/685/173
f 165/686/174 168/687/174 137/688/174 164/689/174
f 154/690/175 182/691/175 180/692/175 156/693/175
f 135/694/176 138/695/176 167/696/176 170/697/176
f 177/698/177 187/699/177 161/700/177 146/701/177
f 175/702/178 174/703/178 185/704/178 186/705/178
f 175/706/179 186/707/179 187/708/179 177/709/179
f 185/710/180 174/711/180 176/712/180
f 188/713/181 190/714/181 193/715/181 192/716/181
f 189/717/182 188/718/182 192/719/182 191/720/182
f 196/721/183 195/722/183 194/723/183
f 190/724/184 196/725/184 194/726/184 193/727/184
f 197/728/185 199/729/185 200/730/185 198/731/185
f 189/732/186 191/733/186 199/734/186 197/735/186
f 203/736/187 201/737/187 202/738/187
f 198/739/188 200/740/188 201/741/188 203/742/188
f 204/743/189 205/744/189 206/745/189 207/746/189
f 208/747/190 209/748/190 204/749/190 207/750/190
f 210/751/191 211/752/191 209/753/191 208/754/191
f 212/755/192 213/756/192 211/757/192 210/758/192
f 214/759/193 215/760/193 216/761/193 217/762/193
f 215/763/194 218/764/194 219/765/194 216/766/194
f 218/767/195 220/768/195 221/769/195 219/770/195
f 204/771/196 215/772/196 214/773/196 205/774/196
f 206/775/197 217/776/197 216/777/197 207/778/197
f 205/779/198 214/780/198 217/781/198 206/782/198
f 211/783/199 218/784/199 209/785/199
f 213/786/200 220/787/200 218/788/200 211/789/200
f 208/790/201 219/791/201 210/792/201
f 210/793/202 219/794/202 221/795/202 212/796/202
f 209/797/203 218/798/203 215/799/203 204/800/203
f 207/801/204 216/802/204 219/803/204 208/804/204
f 222/805/205 213/806/205 212/807/205 223/808/205
f 224/809/206 225/810/206 226/811/206 227/812/206
f 228/813/207 225/814/207 224/815/207 229/816/207
f 230/817/208 228/818/208 229/819/208 231/820/208
f 223/821/209 230/822/209 231/823/209 222/824/209
f 232/825/210 233/826/210 234/827/210 235/828/210
f 235/829/211 234/830/211 236/831/211 237/832/211
f 237/833/212 236/834/212 238/835/212 239/836/212
f 238/837/213 221/838/213 220/839/213 239/840/213
f 224/841/214 227/842/214 232/843/214 235/844/214
f 226/845/215 225/846/215 234/847/215 233/848/215
f 227/849/216 226/850/216 233/851/216 232/852/216
f 231/853/217 229/854/217 237/855/217
f 222/856/218 231/857/218 237/858/218 239/859/218
f 228/860/219 230/861/219 236/862/219
f 230/863/220 223/864/220 238/865/220 236/866/220
f 220/867/221 213/868/221 222/869/221 239/870/221
f 229/871/222 224/872/222 235/873/222 237/874/222
f 225/875/223 228/876/223 236/877/223 234/878/223
f 212/879/224 221/880/224 238/881/224 223/882/224
f 240/883/225 241/884/225 242/885/225 243/886/225
f 244/887/226 241/888/226 240/889/226 245/890/226
f 246/891/227 244/892/227 245/893/227 247/894/227
f 248/895/228 246/896/228 247/897/228 249/898/228
f 250/899/229 251/900/229 252/901/229 253/902/229
f 253/903/230 252/904/230 254/905/230 255/906/230
f 255/907/231 254/908/231 256/909/231 257/910/231
f 240/911/232 243/912/232 250/913/232 253/914/232
f 242/915/233 241/916/233 252/917/233 251/918/233
f 243/919/234 242/920/234 251/921/234 250/922/234
f 247/923/235 245/924/235 255/925/235
f 249/926/236 247/927/236 255/928/236 257/929/236
f 244/930/237 246/931/237 254/932/237
f 246/933/238 248/934/238 256/935/238 254/936/238
f 245/937/239 240/938/239 253/939/239 255/940/239
f 241/941/240 244/942/240 254/943/240 252/944/240
f 258/945/241 259/946/241 248/947/241 249/948/241
f 260/949/242 261/950/242 262/951/242 263/952/242
f 264/953/243 265/954/243 260/955/243 263/956/243
f 266/957/244 267/958/244 265/959/244 264/960/244
f 259/961/245 258/962/245 267/963/245 266/964/245
f 268/965/246 269/966/246 270/967/246 271/968/246
f 269/969/247 272/970/247 273/971/247 270/972/247
f 272/973/248 274/974/248 275/975/248 273/976/248
f 275/977/249 274/978/249 257/979/249 256/980/249
f 260/981/250 269/982/250 268/983/250 261/984/250
f 262/985/251 271/986/251 270/987/251 263/988/251
f 261/989/252 268/990/252 271/991/252 262/992/252
f 267/993/253 272/994/253 265/995/253
f 258/996/254 274/997/254 272/998/254 267/999/254
f 264/1000/255 273/1001/255 266/1002/255
f 266/1003/256 273/1004/256 275/1005/256 259/1006/256
f 257/1007/257 274/1008/257 258/1009/257 249/1010/257
f 265/1011/258 272/1012/258 269/1013/258 260/1014/258
f 263/1015/259 270/1016/259 273/1017/259 264/1018/259
f 248/1019/260 259/1020/260 275/1021/260 256/1022/260
f 276/1023/261 277/1024/261 278/1025/261 279/1026/261
f 280/1027/262 281/1028/262 279/1029/262 278/1030/262
f 282/1031/263 279/1032/263 281/1033/263 283/1034/263
f 284/1035/264 276/1036/264 279/1037/264 282/1038/264
f 285/1039/265 286/1040/265 287/1041/265 288/1042/265
f 282/1043/266 283/1044/266 289/1045/266 290/1046/266
f 291/1047/267 292/1048/267 293/1049/267 294/1050/267
f 293/1051/268 295/1052/268 296/1053/268 294/1054/268
f 291/1055/269 294/1056/269 287/1057/269 286/1058/269
f 296/1059/270 297/1060/270 287/1061/270 294/1062/270
f 289/1063/271 298/1064/271 299/1065/271 290/1066/271
f 285/1067/272 288/1068/272 299/1069/272 298/1070/272
f 297/1071/273 300/1072/273 288/1073/273 287/1074/273
f 300/1075/274 301/1076/274 299/1077/274 288/1078/274
f 301/1079/275 302/1080/275 290/1081/275 299/1082/275
f 290/1083/276 302/1084/276 284/1085/276 282/1086/276
f 281/1087/277 280/1088/277 292/1089/277 291/1090/277
f 289/1091/278 283/1092/278 286/1093/278 285/1094/278
f 283/1095/279 281/1096/279 291/1097/279 286/1098/279
f 289/1099/280 285/1100/280 298/1101/280
f 303/1102/281 304/1103/281 278/1104/281 277/1105/281
f 280/1106/282 278/1107/282 304/1108/282 305/1109/282
f 306/1110/283 307/1111/283 305/1112/283 304/1113/283
f 308/1114/284 306/1115/284 304/1116/284 303/1117/284
f 309/1118/285 310/1119/285 311/1120/285 312/1121/285
f 306/1122/286 313/1123/286 314/1124/286 307/1125/286
f 315/1126/287 316/1127/287 293/1128/287 292/1129/287
f 293/1130/288 316/1131/288 317/1132/288 295/1133/288
f 315/1134/289 312/1135/289 311/1136/289 316/1137/289
f 317/1138/290 316/1139/290 311/1140/290 318/1141/290
f 314/1142/291 313/1143/291 319/1144/291 320/1145/291
f 309/1146/292 320/1147/292 319/1148/292 310/1149/292
f 318/1150/293 311/1151/293 310/1152/293 321/1153/293
f 321/1154/294 310/1155/294 319/1156/294 322/1157/294
f 322/1158/295 319/1159/295 313/1160/295 323/1161/295
f 313/1162/296 306/1163/296 308/1164/296 323/1165/296
f 305/1166/297 315/1167/297 292/1168/297 280/1169/297
f 314/1170/298 309/1171/298 312/1172/298 307/1173/298
f 307/1174/299 312/1175/299 315/1176/299 305/1177/299
f 314/1178/300 320/1179/300 309/1180/300
o cylinder
v 0.0625 0.384375 -1.734723475976807e-18
v 0.0625 0.509375 -1.734723475976807e-18
v 0.07087341226347257 0.384375 0.031249999999999997
v 0.07087341226347257 0.509375 0.031249999999999997
v 0.08537658773652741 0.384375 0.022876587736527416
v 0.08537658773652741 0.509375 0.022876587736527416
v 0.09375 0.384375 0.00837341226347258
v 0.09375 0.509375 0.00837341226347258
v 0.09375 0.384375 -0.008373412263472588
v 0.09375 0.509375 -0.008373412263472588
v 0.08537658773652741 0.384375 -0.022876587736527416
v 0.08537658773652741 0.509375 -0.022876587736527416
v 0.07087341226347259 0.384375 -0.031249999999999997
v 0.07087341226347259 0.509375 -0.031249999999999997
v 0.054126587736527426 0.384375 -0.03125
v 0.054126587736527426 0.509375 -0.03125
v 0.03962341226347259 0.384375 -0.022876587736527423
v 0.03962341226347259 0.509375 -0.022876587736527423
v 0.03125 0.384375 -0.00837341226347258
v 0.03125 0.509375 -0.00837341226347258
v 0.03125 0.384375 0.008373412263472567
v 0.03125 0.509375 0.008373412263472567
v 0.039623412263472574 0.384375 0.02287658773652741
v 0.039623412263472574 0.509375 0.02287658773652741
v 0.05412658773652742 0.384375 0.031249999999999997
v 0.05412658773652742 0.509375 0.031249999999999997
v -0.0625 0.384375 -1.734723475976807e-18
v -0.0625 0.509375 -1.734723475976807e-18
v -0.054126587736527426 0.384375 0.031249999999999997
v -0.054126587736527426 0.509375 0.031249999999999997
v -0.03962341226347259 0.384375 0.022876587736527416
v -0.03962341226347259 0.509375 0.022876587736527416
v -0.03125 0.384375 0.00837341226347258
v -0.03125 0.509375 0.00837341226347258
v -0.03125 0.384375 -0.008373412263472588
v -0.03125 0.509375 -0.008373412263472588
v -0.03962341226347259 0.384375 -0.022876587736527416
v -0.03962341226347259 0.509375 -0.022876587736527416
v -0.05412658773652741 0.384375 -0.031249999999999997
v -0.05412658773652741 0.509375 -0.031249999999999997
v -0.07087341226347257 0.384375 -0.03125
v -0.07087341226347257 0.509375 -0.03125
v -0.0853765877365274 0.384375 -0.022876587736527423
v -0.0853765877365274 0.509375 -0.022876587736527423
v -0.09375 0.384375 -0.00837341226347258
v -0.09375 0.509375 -0.00837341226347258
v -0.09375 0.384375 0.008373412263472567
v -0.09375 0.509375 0.008373412263472567
v -0.08537658773652743 0.384375 0.02287658773652741
v -0.08537658773652743 0.509375 0.02287658773652741
v -0.0708734122634726 0.384375 0.031249999999999997
v -0.0708734122634726 0.509375 0.031249999999999997
v 0 0.384375 -0.0625
v 0 0.509375 -0.0625
v 0.00837341226347258 0.384375 -0.03125
v 0.00837341226347258 0.509375 -0.03125
v 0.022876587736527412 0.384375 -0.03962341226347259
v 0.022876587736527412 0.509375 -0.03962341226347259
v 0.03125 0.384375 -0.05412658773652742
v 0.03125 0.509375 -0.05412658773652742
v 0.03125 0.384375 -0.07087341226347259
v 0.03125 0.509375 -0.07087341226347259
v 0.022876587736527412 0.384375 -0.08537658773652741
v 0.022876587736527412 0.509375 -0.08537658773652741
v 0.008373412263472588 0.384375 -0.09375
v 0.008373412263472588 0.509375 -0.09375
v -0.008373412263472574 0.384375 -0.09375
v -0.008373412263472574 0.509375 -0.09375
v -0.022876587736527412 0.384375 -0.08537658773652743
v -0.022876587736527412 0.509375 -0.08537658773652743
v -0.03125 0.384375 -0.07087341226347257
v -0.03125 0.509375 -0.07087341226347257
v -0.03125 0.384375 -0.05412658773652743
v -0.03125 0.509375 -0.05412658773652743
v -0.022876587736527426 0.384375 -0.03962341226347259
v -0.022876587736527426 0.509375 -0.03962341226347259
v -0.008373412263472588 0.384375 -0.03125
v -0.008373412263472588 0.509375 -0.03125
v 0 0.384375 0.0625
v 0 0.509375 0.0625
v 0.00837341226347258 0.384375 0.09375
v 0.00837341226347258 0.509375 0.09375
v 0.022876587736527412 0.384375 0.08537658773652741
v 0.022876587736527412 0.509375 0.08537658773652741
v 0.03125 0.384375 0.07087341226347257
v 0.03125 0.509375 0.07087341226347257
v 0.03125 0.384375 0.05412658773652741
v 0.03125 0.509375 0.05412658773652741
v 0.022876587736527412 0.384375 0.03962341226347259
v 0.022876587736527412 0.509375 0.03962341226347259
v 0.008373412263472588 0.384375 0.03125
v 0.008373412263472588 0.509375 0.03125
v -0.008373412263472574 0.384375 0.03125
v -0.008373412263472574 0.509375 0.03125
v -0.022876587736527412 0.384375 0.039623412263472574
v -0.022876587736527412 0.509375 0.039623412263472574
v -0.03125 0.384375 0.05412658773652742
v -0.03125 0.509375 0.05412658773652742
v -0.03125 0.384375 0.07087341226347257
v -0.03125 0.509375 0.07087341226347257
v -0.022876587736527426 0.384375 0.08537658773652741
v -0.022876587736527426 0.509375 0.08537658773652741
v -0.008373412263472588 0.384375 0.09375
v -0.008373412263472588 0.509375 0.09375
v 0.03577730694392831 0.506470476127563 0.13352272727272727
v 0.038307144579192744 0.5045753175473054 0.14296420986243405
v 0.03935503763832115 0.5 0.146875
v 0.038307144579192744 0.4954246824526945 0.14296420986243405
v 0.03577730694392831 0.493529523872437 0.13352272727272727
v 0.03324746930866389 0.4954246824526945 0.12408124468302051
v 0.03219957624953548 0.5 0.12017045454545452
v 0.03324746930866389 0.5045753175473054 0.12408124468302051
v 0.09774542032879893 0.506470476127563 0.09774542032879896
v 0.10465706528324126 0.5045753175473054 0.10465706528324129
v 0.10751996236167885 0.5 0.10751996236167885
v 0.10465706528324126 0.4954246824526945 0.10465706528324129
v 0.09774542032879893 0.493529523872437 0.09774542032879896
v 0.09083377537435663 0.4954246824526945 0.09083377537435663
v 0.08797087829591904 0.5 0.08797087829591904
v 0.09083377537435663 0.5045753175473054 0.09083377537435663
v 0.13352272727272727 0.506470476127563 0.03577730694392831
v 0.14296420986243405 0.5045753175473054 0.038307144579192744
v 0.146875 0.5 0.03935503763832115
v 0.14296420986243405 0.4954246824526945 0.038307144579192744
v 0.13352272727272727 0.493529523872437 0.03577730694392831
v 0.12408124468302051 0.4954246824526945 0.03324746930866389
v 0.12017045454545452 0.5 0.03219957624953548
v 0.12408124468302051 0.5045753175473054 0.03324746930866389
v 0.13352272727272727 0.506470476127563 -0.03577730694392831
v 0.14296420986243405 0.5045753175473054 -0.038307144579192744
v 0.146875 0.5 -0.03935503763832114
v 0.14296420986243405 0.4954246824526945 -0.038307144579192744
v 0.13352272727272727 0.493529523872437 -0.03577730694392831
v 0.12408124468302051 0.4954246824526945 -0.03324746930866389
v 0.12017045454545452 0.5 -0.03219957624953548
v 0.12408124468302051 0.5045753175473054 -0.03324746930866389
v 0.09774542032879896 0.506470476127563 -0.09774542032879893
v 0.10465706528324129 0.5045753175473054 -0.10465706528324126
v 0.10751996236167885 0.5 -0.10751996236167882
v 0.10465706528324129 0.4954246824526945 -0.10465706528324126
v 0.09774542032879896 0.493529523872437 -0.09774542032879893
v 0.09083377537435663 0.4954246824526945 -0.0908337753743566
v 0.08797087829591904 0.5 -0.08797087829591904
v 0.09083377537435663 0.5045753175473054 -0.0908337753743566
v 0.03577730694392836 0.506470476127563 -0.1335227272727272
v 0.038307144579192785 0.5045753175473054 -0.142964209862434
v 0.03935503763832119 0.5 -0.14687499999999995
v 0.038307144579192785 0.4954246824526945 -0.142964209862434
v 0.03577730694392836 0.493529523872437 -0.1335227272727272
v 0.03324746930866393 0.4954246824526945 -0.12408124468302048
v 0.03219957624953552 0.5 -0.1201704545454545
v 0.03324746930866393 0.5045753175473054 -0.12408124468302048
v -0.03577730694392825 0.506470476127563 -0.13352272727272724
v -0.03830714457919267 0.5045753175473054 -0.142964209862434
v -0.03935503763832107 0.5 -0.146875
v -0.03830714457919267 0.4954246824526945 -0.142964209862434
v -0.03577730694392825 0.493529523872437 -0.13352272727272724
v -0.03324746930866382 0.4954246824526945 -0.12408124468302051
v -0.03219957624953543 0.5 -0.12017045454545452
v -0.03324746930866382 0.5045753175473054 -0.12408124468302051
v -0.09774542032879893 0.506470476127563 -0.09774542032879896
v -0.10465706528324126 0.5045753175473054 -0.10465706528324129
v -0.10751996236167882 0.5 -0.10751996236167885
v -0.10465706528324126 0.4954246824526945 -0.10465706528324129
v -0.09774542032879893 0.493529523872437 -0.09774542032879896
v -0.0908337753743566 0.4954246824526945 -0.09083377537435663
v -0.08797087829591904 0.5 -0.08797087829591904
v -0.0908337753743566 0.5045753175473054 -0.09083377537435663
v -0.13352272727272724 0.506470476127563 -0.035777306943928285
v -0.142964209862434 0.5045753175473054 -0.038307144579192716
v -0.14687499999999995 0.5 -0.039355037638321114
v -0.142964209862434 0.4954246824526945 -0.038307144579192716
v -0.13352272727272724 0.493529523872437 -0.035777306943928285
v -0.12408124468302051 0.4954246824526945 -0.03324746930866386
v -0.12017045454545452 0.5 -0.032199576249535455
v -0.12408124468302051 0.5045753175473054 -0.03324746930866386
v -0.13352272727272724 0.506470476127563 0.03577730694392826
v -0.142964209862434 0.5045753175473054 0.038307144579192674
v -0.146875 0.5 0.03935503763832108
v -0.142964209862434 0.4954246824526945 0.038307144579192674
v -0.13352272727272724 0.493529523872437 0.03577730694392826
v -0.12408124468302051 0.4954246824526945 0.03324746930866383
v -0.12017045454545452 0.5 0.03219957624953543
v -0.12408124468302051 0.5045753175473054 0.03324746930866383
v -0.09774542032879896 0.506470476127563 0.09774542032879893
v -0.10465706528324129 0.5045753175473054 0.10465706528324126
v -0.10751996236167885 0.5 0.10751996236167882
v -0.10465706528324129 0.4954246824526945 0.10465706528324126
v -0.09774542032879896 0.493529523872437 0.09774542032879893
v -0.09083377537435663 0.4954246824526945 0.0908337753743566
v -0.08797087829591904 0.5 0.08797087829591904
v -0.09083377537435663 0.5045753175473054 0.0908337753743566
v -0.03577730694392829 0.506470476127563 0.13352272727272727
v -0.03830714457919272 0.5045753175473054 0.14296420986243405
v -0.03935503763832113 0.5 0.146875
v -0.03830714457919272 0.4954246824526945 0.14296420986243405
v -0.03577730694392829 0.493529523872437 0.13352272727272727
v -0.033247469308663874 0.4954246824526945 0.12408124468302051
v -0.032199576249535455 0.5 0.12017045454545452
v -0.033247469308663874 0.5045753175473054 0.12408124468302051
v 0.060396344731482476 -0.2376195536663125 0.15309007392077226
v 0.060396344731482476 -0.20324123273113703 0.19077061666119102
v 0.12194835995283525 -0.20324123273113703 0.16467220795983542
v 0.09592065065923465 -0.2376195536663125 0.13800756159434785
v 0.1474233572730196 -0.20324123273113703 0.10161392263604724
v 0.11064288776932146 -0.2376195536663125 0.10161392263604724
v 0.12194835995283525 -0.20324123273113703 0.03860711346354379
v 0.09592065065923465 -0.2376195536663125 0.06522028367774663
v 0.060396344731482476 -0.20324123273113703 0.01245722861090346
v 0.060396344731482476 -0.2376195536663125 0.05013777135132219
v -0.0011556704898702946 -0.20324123273113703 0.03860711346354379
v 0.024872038803730304 -0.2376195536663125 0.06522028367774663
v -0.026630667810054673 -0.20324123273113703 0.10161392263604724
v 0.010149801693643476 -0.2376195536663125 0.10161392263604724
v -0.0011556704898702946 -0.20324123273113703 0.16467220795983542
v 0.024872038803730304 -0.2376195536663125 0.13800756159434785
v 0.060396344731482476 -0.15626992561105202 0.20456622520549733
v 0.1314449565869868 -0.15626992561105202 0.17445267670393322
v 0.16088943080716045 -0.15626992561105202 0.10161392263604724
v 0.1314449565869868 -0.15626992561105202 0.028826644719446022
v 0.060396344731482476 -0.15626992561105202 -0.001338379933402851
v -0.01065226712402187 -0.15626992561105202 0.028826644719446022
v -0.040096741344195524 -0.15626992561105202 0.10161392263604724
v -0.01065226712402187 -0.15626992561105202 0.17445267670393322
v 0.060396344731482476 -0.10935175345377257 0.19077061666119102
v 0.12194835995283525 -0.10935175345377257 0.16467220795983542
v 0.1474233572730196 -0.10935175345377257 0.10161392263604724
v 0.12194835995283525 -0.10935175345377257 0.03860711346354379
v 0.060396344731482476 -0.10935175345377257 0.01245722861090346
v -0.0011556704898702946 -0.10935175345377257 0.03860711346354379
v -0.026630667810054673 -0.10935175345377257 0.10161392263604724
v -0.0011556704898702946 -0.10935175345377257 0.16467220795983542
v 0.060396344731482476 -0.07497343251859723 0.15309007392077226
v 0.09592065065923465 -0.07497343251859723 0.13800756159434785
v 0.11064288776932146 -0.07497343251859723 0.10161392263604724
v 0.09592065065923465 -0.07497343251859723 0.06522028367774663
v 0.060396344731482476 -0.07497343251859723 0.05013777135132219
v 0.024872038803730304 -0.07497343251859723 0.06522028367774663
v 0.010149801693643476 -0.07497343251859723 0.10161392263604724
v 0.024872038803730304 -0.07497343251859723 0.13800756159434785
v 0.060396344731482476 -0.2501594048884165 0.10161392263604724
v 0.060396344731482476 -0.062380446333687556 0.10161392263604724
v -0.132952352878122 -0.2645589798087141 -0.058425431708162924
v -0.1278272054882624 -0.2567481402763018 -0.014619226964861912
v -0.07672647121878012 -0.26769394261424007 -0.03886449421996741
v -0.10757784864401332 -0.2699787460148778 -0.07047085110878859
v -0.05301010290492014 -0.2569606801275238 -0.09126721622781751
v -0.10019160681745098 -0.2581827842720509 -0.10887205996719349
v -0.07069688605423946 -0.2308714133900106 -0.1409931783688619
v -0.11923504662879197 -0.20472901168969182 -0.15885540286466152
v -0.12868139671990567 -0.23868225292242295 -0.13013171044778493
v -0.17013479472612283 -0.19388947927736455 -0.13455865945827128
v -0.15400565441097652 -0.23326248671625927 -0.11808629104715924
v -0.19370042341086935 -0.20456960680127523 -0.08236184205556009
v -0.16139189623753886 -0.24511158342189154 -0.07973655834003911
v -0.1762648729767392 -0.230605738575983 -0.03268735606580041
v -0.11355718726551611 -0.22130712008501596 0.03037092925798778
v -0.04215684960874691 -0.23660998937300748 -0.003448902136076578
v -0.009044377746811022 -0.22157279489904358 -0.0766479892629556
v -0.033765676921427804 -0.18512221041445276 -0.14608931734604966
v -0.1015482634794726 -0.1487247608926674 -0.1710037745678566
v -0.17254662879193913 -0.13363443145589804 -0.13697803856865334
v -0.20540786793868582 -0.1485653560042508 -0.06419076065205213
v -0.1811387876514096 -0.18485653560042503 0.0050961389771877795
v -0.0925038857326616 -0.16147715196599366 0.04272520556632179
v -0.027183379783470893 -0.17507970244420834 0.011890990946771486
v 0.0029645460392324977 -0.16158342189160468 -0.0550794818746558
v -0.01979713795690856 -0.12890541976620618 -0.11875548101386067
v -0.08195211169471539 -0.09622741764080767 -0.1417653206381328
v -0.14697113838567907 -0.08273113708820401 -0.11082815371601304
v -0.1770185711223068 -0.09622741764080767 -0.04416653780229409
v -0.15455836638439277 -0.12879914984059515 0.019406509034341345
v -0.07341019937828278 -0.10754516471838471 0.02681907481934175
v -0.031705568656876404 -0.11540913921360252 0.007309613482430956
v -0.012611882302497587 -0.10754516471838471 -0.03546706823517556
v -0.027434612498660096 -0.08862911795961742 -0.07639060850653198
v -0.06743086075677995 -0.06992561105207229 -0.09152459698424113
v -0.10908524493514848 -0.062221041445270964 -0.0719636594960456
v -0.1280784382034516 -0.06992561105207229 -0.029289930081008546
v -0.11330595455032694 -0.08862911795961742 0.01163361019034786
v -0.03316271840497373 -0.019128586609989395 0.059660859338996335
v -0.024620806088541114 0.012061636556854438 0.09677516441528308
v 0.03135384285561153 0.00520722635494153 0.07186070719347616
v 0.003467011469610891 -0.02396386822529223 0.043291443230453766
v 0.05562292314288776 0.012061636556854438 0.014567750813577187
v 0.019445412155643688 -0.019128586609989395 0.00581680509517393
v 0.03406715617965484 0.028586609989373013 -0.04159273023805783
v 0.005426626648086609 -0.007492029755579166 -0.03078273846826558
v -0.020751822274627504 0.04511158342189159 -0.06367599913920488
v -0.03029866545181692 0.004197662061636576 -0.045041632374134416
v -0.07667622467574231 0.05196599362380444 -0.03881301806868269
v -0.06682790224032586 0.009032943676939409 -0.02867221626559185
v -0.10099555150605638 0.04511158342189159 0.018479938311216294
v -0.08280630292635865 0.004197662061636576 0.008750945718403258
v -0.07943978454282347 0.028586609989373013 0.0746404193628513
v -0.06888801050487725 -0.007492029755579166 0.045350489281842765
v -0.01306410118983814 0.05956429330499469 0.11690233956761059
v 0.04853816057455247 0.05201912858661001 0.08951702708413685
v 0.07531956801372065 0.05956429330499469 0.026407265609063948
v 0.05155295315682281 0.0777895855472901 -0.03546706823517556
v -0.00884339157465966 0.09596174282678005 -0.059815287792850516
v -0.07044565333905028 0.10350690754516473 -0.03237849915809205
v -0.0971768142351806 0.09596174282678005 0.03073126231698085
v -0.07341019937828278 0.0777895855472901 0.09260559616122037
v -0.003115285668346013 0.10297555791710944 0.11026191605188106
v 0.0470307642834173 0.09681190223166847 0.08797274254559512
v 0.06883776396183942 0.10297555791710944 0.036599543563439516
v 0.04949284489227141 0.11780021253985123 -0.013744132393021587
v 0.0003517258012648711 0.13257173219978746 -0.03356245063764073
v -0.04979432415049845 0.1387353878852285 -0.011273277131354786
v -0.07160132382892057 0.13257173219978746 0.040099921850800815
v -0.05225640475935256 0.11780021253985123 0.09044359780726191
v 0.016933085003751742 0.1297555791710946 0.07778046459121955
v 0.0431617804695037 0.13145589798087143 0.04272520556632179
v 0.03235877371636832 0.13974495217853344 0.014516274662292465
v -0.009195117375924544 0.14978746014877786 0.00967751644152831
v -0.035474059384714346 0.14808714133900103 0.04473277546642607
v -0.024620806088541114 0.13974495217853344 0.07289023021917067
v -0.02366612177082217 -0.06461211477151968 0.013744132393021587
v -0.020852315360703186 -0.043995749202975554 -0.03778349504298818
v -0.060647577446671666 -0.025398512221041447 -0.04370325244073157
v -0.08340926144281274 -0.031562167906482474 -0.004529901313055804
v -0.06431557508843391 -0.05334750265674815 0.029547310837432172
vt 0.06470910931333393 0.9676454453433331
vt 0.056033792991651475 1
vt 0 0.9676454453433331
vt 3.3861802251067274e-15 0.875
vt 0.03348750000000339 0.875
vt 0.03348750000000339 1
vt 3.3861802251067274e-15 1
vt 0 0.9352960344023452
vt 0.032357126718959295 0.9439617525379477
vt 1.0408340855860843e-17 1
vt 0.06470396559765483 0.9676428732810407
vt 0.0560382474620523 1
vt 0 0.9676428732810407
vt 3.3861802251067274e-15 0.875
vt 0.03348750000000339 0.875
vt 0.03348750000000339 1
vt 3.3861802251067274e-15 1
vt 0 0.935290890686666
vt 0.032354554656666965 0.9439662070083485
vt 0 1
vt 0.0625 0.9665124999999966
vt 0.0625 0.9999999999999967
vt 0 0.9832562499999966
vt 3.3861802251067274e-15 0.875
vt 0.03348750000000339 0.875
vt 0.03348750000000339 1
vt 3.3861802251067274e-15 1
vt 0.0625 0.9665124999999966
vt 0.0625 0.9999999999999967
vt 0 0.9832562499999966
vt 0 0.935290890686666
vt 0.032354554656666965 0.9439662070083485
vt 0 1
vt 3.3861802251067274e-15 0.875
vt 0.03348750000000339 0.875
vt 0.03348750000000339 1
vt 3.3861802251067274e-15 1
vt 0.06470396559765483 0.9676428732810407
vt 0.0560382474620523 1
vt 0 0.9676428732810407
vt 0 0.9352960344023452
vt 0.032357126718959295 0.9439617525379477
vt 1.0408340855860843e-17 1
vt 3.3861802251067274e-15 0.875
vt 0.03348750000000339 0.875
vt 0.03348750000000339 1
vt 3.3861802251067274e-15 1
vt 0.06470910931333393 0.9676454453433331
vt 0.056033792991651475 1
vt 0 0.9676454453433331
vt 3.3861802251067274e-15 0.9375
vt 0.03348750000000339 0.9375
vt 0.016743750000003388 1
vt 3.3861802251067274e-15 0.875
vt 0.03348750000000339 0.875
vt 0.03348750000000339 1
vt 3.3861802251067274e-15 1
vt 0.03348750000000339 1
vt 3.3861802251067274e-15 1
vt 0.016743750000003388 0.9375
vt 1.3877787807814457e-16 1
vt 0.008675316321682593 0.9676454453433331
vt 0.06470910931333407 1
vt 3.3861802251067274e-15 0.875
vt 0.03348750000000339 0.875
vt 0.03348750000000339 1
vt 3.3861802251067274e-15 1
vt 0.03235712671895928 1
vt 0 0.9913342818643974
vt 0.03235712671895931 0.9352960344023452
vt 0 1
vt 0.008665718135602532 0.9676428732810407
vt 0.06470396559765483 1
vt 3.3861802251067274e-15 0.875
vt 0.03348750000000339 0.875
vt 0.03348750000000339 1
vt 3.3861802251067274e-15 1
vt 0.032354554656666965 0.9999999999999999
vt 0 0.9913246836783174
vt 0.032354554656666965 0.9352908906866659
vt 0 0.9999999999999967
vt 0 0.9665124999999966
vt 0.0625 0.9832562499999966
vt 3.3861802251067274e-15 0.875
vt 0.03348750000000339 0.875
vt 0.03348750000000339 1
vt 3.3861802251067274e-15 1
vt 0 0.9999999999999967
vt 0 0.9665124999999966
vt 0.0625 0.9832562499999966
vt 0.032354554656666965 0.9999999999999999
vt 0 0.9913246836783174
vt 0.032354554656666965 0.9352908906866659
vt 3.3861802251067274e-15 0.875
vt 0.03348750000000339 0.875
vt 0.03348750000000339 1
vt 3.3861802251067274e-15 1
vt 0 1
vt 0.008665718135602532 0.9676428732810407
vt 0.06470396559765483 1
vt 0.03235712671895928 1
vt 0 0.9913342818643974
vt 0.03235712671895931 0.9352960344023452
vt 3.3861802251067274e-15 0.875
vt 0.03348750000000339 0.875
vt 0.03348750000000339 1
vt 3.3861802251067274e-15 1
vt 1.3877787807814457e-16 1
vt 0.008675316321682593 0.9676454453433331
vt 0.06470910931333407 1
vt 0.03348750000000339 1
vt 3.3861802251067274e-15 1
vt 0.016743750000003388 0.9375
vt 3.3861802251067274e-15 0.875
vt 0.03348750000000339 0.875
vt 0.03348750000000339 1
vt 3.3861802251067274e-15 1
vt 3.3861802251067274e-15 0.9375
vt 0.03348750000000339 0.9375
vt 0.016743750000003388 1
vt 0.06470910931333393 0.9676454453433331
vt 0.056033792991651475 1
vt 0 0.9676454453433331
vt 3.3861802251067274e-15 0.875
vt 0.03348750000000339 0.875
vt 0.03348750000000339 1
vt 3.3861802251067274e-15 1
vt 0 0.9352960344023452
vt 0.032357126718959295 0.9439617525379477
vt 1.0408340855860843e-17 1
vt 0.06470396559765483 0.9676428732810407
vt 0.0560382474620523 1
vt 0 0.9676428732810407
vt 3.3861802251067274e-15 0.875
vt 0.03348750000000339 0.875
vt 0.03348750000000339 1
vt 3.3861802251067274e-15 1
vt 0 0.935290890686666
vt 0.032354554656666965 0.9439662070083485
vt 0 1
vt 0.0625 0.9665124999999966
vt 0.0625 0.9999999999999967
vt 0 0.9832562499999966
vt 3.3861802251067274e-15 0.875
vt 0.03348750000000339 0.875
vt 0.03348750000000339 1
vt 3.3861802251067274e-15 1
vt 0.0625 0.9665124999999966
vt 0.0625 0.9999999999999967
vt 0 0.9832562499999966
vt 0 0.935290890686666
vt 0.032354554656666965 0.9439662070083485
vt 0 1
vt 3.3861802251067274e-15 0.875
vt 0.03348750000000339 0.875
vt 0.03348750000000339 1
vt 3.3861802251067274e-15 1
vt 0.06470396559765483 0.9676428732810407
vt 0.0560382474620523 1
vt 0 0.9676428732810407
vt 0 0.9352960344023452
vt 0.032357126718959295 0.9439617525379477
vt 1.0408340855860843e-17 1
vt 3.3861802251067274e-15 0.875
vt 0.03348750000000339 0.875
vt 0.03348750000000339 1
vt 3.3861802251067274e-15 1
vt 0.06470910931333393 0.9676454453433331
vt 0.056033792991651475 1
vt 0 0.9676454453433331
vt 3.3861802251067274e-15 0.9375
vt 0.03348750000000339 0.9375
vt 0.016743750000003388 1
vt 3.3861802251067274e-15 0.875
vt 0.03348750000000339 0.875
vt 0.03348750000000339 1
vt 3.3861802251067274e-15 1
vt 0.03348750000000339 1
vt 3.3861802251067274e-15 1
vt 0.016743750000003388 0.9375
vt 1.3877787807814457e-16 1
vt 0.008675316321682593 0.9676454453433331
vt 0.06470910931333407 1
vt 3.3861802251067274e-15 0.875
vt 0.03348750000000339 0.875
vt 0.03348750000000339 1
vt 3.3861802251067274e-15 1
vt 0.03235712671895928 1
vt 0 0.9913342818643974
vt 0.03235712671895931 0.9352960344023452
vt 0 1
vt 0.008665718135602532 0.9676428732810407
vt 0.06470396559765483 1
vt 3.3861802251067274e-15 0.875
vt 0.03348750000000339 0.875
vt 0.03348750000000339 1
vt 3.3861802251067274e-15 1
vt 0.032354554656666965 0.9999999999999999
vt 0 0.9913246836783174
vt 0.032354554656666965 0.9352908906866659
vt 0 0.9999999999999967
vt 0 0.9665124999999966
vt 0.0625 0.9832562499999966
vt 3.3861802251067274e-15 0.875
vt 0.03348750000000339 0.875
vt 0.03348750000000339 1
vt 3.3861802251067274e-15 1
vt 0 0.9999999999999967
vt 0 0.9665124999999966
vt 0.0625 0.9832562499999966
vt 0.032354554656666965 0.9999999999999999
vt 0 0.9913246836783174
vt 0.032354554656666965 0.9352908906866659
vt 3.3861802251067274e-15 0.875
vt 0.03348750000000339 0.875
vt 0.03348750000000339 1
vt 3.3861802251067274e-15 1
vt 0 1
vt 0.008665718135602532 0.9676428732810407
vt 0.06470396559765483 1
vt 0.03235712671895928 1
vt 0 0.9913342818643974
vt 0.03235712671895931 0.9352960344023452
vt 3.3861802251067274e-15 0.875
vt 0.03348750000000339 0.875
vt 0.03348750000000339 1
vt 3.3861802251067274e-15 1
vt 1.3877787807814457e-16 1
vt 0.008675316321682593 0.9676454453433331
vt 0.06470910931333407 1
vt 0.03348750000000339 1
vt 3.3861802251067274e-15 1
vt 0.016743750000003388 0.9375
vt 3.3861802251067274e-15 0.875
vt 0.03348750000000339 0.875
vt 0.03348750000000339 1
vt 3.3861802251067274e-15 1
vt 3.3861802251067274e-15 0.9375
vt 0.03348750000000339 0.9375
vt 0.016743750000003388 1
vt 0.06470910931333393 0.9676454453433331
vt 0.056033792991651475 1
vt 0 0.9676454453433331
vt 3.3861802251067274e-15 0.875
vt 0.03348750000000339 0.875
vt 0.03348750000000339 1
vt 3.3861802251067274e-15 1
vt 0 0.9352960344023452
vt 0.032357126718959295 0.9439617525379477
vt 1.0408340855860843e-17 1
vt 0.06470396559765483 0.9676428732810407
vt 0.0560382474620523 1
vt 0 0.9676428732810407
vt 3.3861802251067274e-15 0.875
vt 0.03348750000000339 0.875
vt 0.03348750000000339 1
vt 3.3861802251067274e-15 1
vt 0 0.935290890686666
vt 0.032354554656666965 0.9439662070083485
vt 0 1
vt 0.0625 0.9665124999999966
vt 0.0625 0.9999999999999967
vt 0 0.9832562499999966
vt 3.3861802251067274e-15 0.875
vt 0.03348750000000339 0.875
vt 0.03348750000000339 1
vt 3.3861802251067274e-15 1
vt 0.0625 0.9665124999999966
vt 0.0625 0.9999999999999967
vt 0 0.9832562499999966
vt 0 0.935290890686666
vt 0.032354554656666965 0.9439662070083485
vt 0 1
vt 3.3861802251067274e-15 0.875
vt 0.03348750000000339 0.875
vt 0.03348750000000339 1
vt 3.3861802251067274e-15 1
vt 0.06470396559765483 0.9676428732810407
vt 0.0560382474620523 1
vt 0 0.9676428732810407
vt 0 0.9352960344023452
vt 0.032357126718959295 0.9439617525379477
vt 1.0408340855860843e-17 1
vt 3.3861802251067274e-15 0.875
vt 0.03348750000000339 0.875
vt 0.03348750000000339 1
vt 3.3861802251067274e-15 1
vt 0.06470910931333393 0.9676454453433331
vt 0.056033792991651475 1
vt 0 0.9676454453433331
vt 3.3861802251067274e-15 0.9375
vt 0.03348750000000339 0.9375
vt 0.016743750000003388 1
vt 3.3861802251067274e-15 0.875
vt 0.03348750000000339 0.875
vt 0.03348750000000339 1
vt 3.3861802251067274e-15 1
vt 0.03348750000000339 1
vt 3.3861802251067274e-15 1
vt 0.016743750000003388 0.9375
vt 1.3877787807814457e-16 1
vt 0.008675316321682593 0.9676454453433331
vt 0.06470910931333407 1
vt 3.3861802251067274e-15 0.875
vt 0.03348750000000339 0.875
vt 0.03348750000000339 1
vt 3.3861802251067274e-15 1
vt 0.03235712671895928 1
vt 0 0.9913342818643974
vt 0.03235712671895931 0.9352960344023452
vt 0 1
vt 0.008665718135602532 0.9676428732810407
vt 0.06470396559765483 1
vt 3.3861802251067274e-15 0.875
vt 0.03348750000000339 0.875
vt 0.03348750000000339 1
vt 3.3861802251067274e-15 1
vt 0.032354554656666965 0.9999999999999999
vt 0 0.9913246836783174
vt 0.032354554656666965 0.9352908906866659
vt 0 0.9999999999999967
vt 0 0.9665124999999966
vt 0.0625 0.9832562499999966
vt 3.3861802251067274e-15 0.875
vt 0.03348750000000339 0.875
vt 0.03348750000000339 1
vt 3.3861802251067274e-15 1
vt 0 0.9999999999999967
vt 0 0.9665124999999966
vt 0.0625 0.9832562499999966
vt 0.032354554656666965 0.9999999999999999
vt 0 0.9913246836783174
vt 0.032354554656666965 0.9352908906866659
vt 3.3861802251067274e-15 0.875
vt 0.03348750000000339 0.875
vt 0.03348750000000339 1
vt 3.3861802251067274e-15 1
vt 0 1
vt 0.008665718135602532 0.9676428732810407
vt 0.06470396559765483 1
vt 0.03235712671895928 1
vt 0 0.9913342818643974
vt 0.03235712671895931 0.9352960344023452
vt 3.3861802251067274e-15 0.875
vt 0.03348750000000339 0.875
vt 0.03348750000000339 1
vt 3.3861802251067274e-15 1
vt 1.3877787807814457e-16 1
vt 0.008675316321682593 0.9676454453433331
vt 0.06470910931333407 1
vt 0.03348750000000339 1
vt 3.3861802251067274e-15 1
vt 0.016743750000003388 0.9375
vt 3.3861802251067274e-15 0.875
vt 0.03348750000000339 0.875
vt 0.03348750000000339 1
vt 3.3861802251067274e-15 1
vt 3.3861802251067274e-15 0.9375
vt 0.03348750000000339 0.9375
vt 0.016743750000003388 1
vt 0.06470910931333393 0.9676454453433331
vt 0.056033792991651475 1
vt 0 0.9676454453433331
vt 3.3861802251067274e-15 0.875
vt 0.03348750000000339 0.875
vt 0.03348750000000339 1
vt 3.3861802251067274e-15 1
vt 0 0.9352960344023452
vt 0.032357126718959295 0.9439617525379477
vt 1.0408340855860843e-17 1
vt 0.06470396559765483 0.9676428732810407
vt 0.0560382474620523 1
vt 0 0.9676428732810407
vt 3.3861802251067274e-15 0.875
vt 0.03348750000000339 0.875
vt 0.03348750000000339 1
vt 3.3861802251067274e-15 1
vt 0 0.935290890686666
vt 0.032354554656666965 0.9439662070083485
vt 0 1
vt 0.0625 0.9665124999999966
vt 0.0625 0.9999999999999967
vt 0 0.9832562499999966
vt 3.3861802251067274e-15 0.875
vt 0.03348750000000339 0.875
vt 0.03348750000000339 1
vt 3.3861802251067274e-15 1
vt 0.0625 0.9665124999999966
vt 0.0625 0.9999999999999967
vt 0 0.9832562499999966
vt 0 0.935290890686666
vt 0.032354554656666965 0.9439662070083485
vt 0 1
vt 3.3861802251067274e-15 0.875
vt 0.03348750000000339 0.875
vt 0.03348750000000339 1
vt 3.3861802251067274e-15 1
vt 0.06470396559765483 0.9676428732810407
vt 0.0560382474620523 1
vt 0 0.9676428732810407
vt 0 0.9352960344023452
vt 0.032357126718959295 0.9439617525379477
vt 1.0408340855860843e-17 1
vt 3.3861802251067274e-15 0.875
vt 0.03348750000000339 0.875
vt 0.03348750000000339 1
vt 3.3861802251067274e-15 1
vt 0.06470910931333393 0.9676454453433331
vt 0.056033792991651475 1
vt 0 0.9676454453433331
vt 3.3861802251067274e-15 0.9375
vt 0.03348750000000339 0.9375
vt 0.016743750000003388 1
vt 3.3861802251067274e-15 0.875
vt 0.03348750000000339 0.875
vt 0.03348750000000339 1
vt 3.3861802251067274e-15 1
vt 0.03348750000000339 1
vt 3.3861802251067274e-15 1
vt 0.016743750000003388 0.9375
vt 1.3877787807814457e-16 1
vt 0.008675316321682593 0.9676454453433331
vt 0.06470910931333407 1
vt 3.3861802251067274e-15 0.875
vt 0.03348750000000339 0.875
vt 0.03348750000000339 1
vt 3.3861802251067274e-15 1
vt 0.03235712671895928 1
vt 0 0.9913342818643974
vt 0.03235712671895931 0.9352960344023452
vt 0 1
vt 0.008665718135602532 0.9676428732810407
vt 0.06470396559765483 1
vt 3.3861802251067274e-15 0.875
vt 0.03348750000000339 0.875
vt 0.03348750000000339 1
vt 3.3861802251067274e-15 1
vt 0.032354554656666965 0.9999999999999999
vt 0 0.9913246836783174
vt 0.032354554656666965 0.9352908906866659
vt 0 0.9999999999999967
vt 0 0.9665124999999966
vt 0.0625 0.9832562499999966
vt 3.3861802251067274e-15 0.875
vt 0.03348750000000339 0.875
vt 0.03348750000000339 1
vt 3.3861802251067274e-15 1
vt 0 0.9999999999999967
vt 0 0.9665124999999966
vt 0.0625 0.9832562499999966
vt 0.032354554656666965 0.9999999999999999
vt 0 0.9913246836783174
vt 0.032354554656666965 0.9352908906866659
vt 3.3861802251067274e-15 0.875
vt 0.03348750000000339 0.875
vt 0.03348750000000339 1
vt 3.3861802251067274e-15 1
vt 0 1
vt 0.008665718135602532 0.9676428732810407
vt 0.06470396559765483 1
vt 0.03235712671895928 1
vt 0 0.9913342818643974
vt 0.03235712671895931 0.9352960344023452
vt 3.3861802251067274e-15 0.875
vt 0.03348750000000339 0.875
vt 0.03348750000000339 1
vt 3.3861802251067274e-15 1
vt 1.3877787807814457e-16 1
vt 0.008675316321682593 0.9676454453433331
vt 0.06470910931333407 1
vt 0.03348750000000339 1
vt 3.3861802251067274e-15 1
vt 0.016743750000003388 0.9375
vt 3.3861802251067274e-15 0.875
vt 0.03348750000000339 0.875
vt 0.03348750000000339 1
vt 3.3861802251067274e-15 1
vt 3.3861802251067274e-15 0.9375
vt 0.03348750000000339 0.9375
vt 0.016743750000003388 1
vt 0.0011874999999999976 0.999999999999998
vt 0 0.995193749999998
vt 0.03586249999999999 0.995193749999998
vt 0.034675 0.999999999999998
vt 0.0004875000000021494 0.9999999999999986
vt 2.147587663259287e-15 0.9950749999999986
vt 0.036837500000002146 0.9950749999999986
vt 0.036350000000002144 0.9999999999999986
vt 2.147587663259287e-15 1
vt 0.0004875000000021494 0.995075
vt 0.036350000000002144 0.995075
vt 0.036837500000002146 1
vt 0 1
vt 0.0011874999999999976 0.99519375
vt 0.034675 0.99519375
vt 0.03586249999999999 1
vt 0.03348750000000339 0.9951874999999969
vt 0.03230625000000339 0.9999999999999969
vt 0.001181250000003388 0.9999999999999969
vt 3.3861802251067274e-15 0.9951874999999969
vt 0.031125000000001478 0.9950687499999991
vt 0.030637500000001476 0.999999999999999
vt 0.00048750000000147807 0.999999999999999
vt 1.4779844015322396e-15 0.9950687499999991
vt 0.030637500000001476 0.99506875
vt 0.031125000000001478 1
vt 1.4779844015322396e-15 1
vt 0.00048750000000147807 0.99506875
vt 0.03230625000000339 0.9951875
vt 0.03348750000000339 1
vt 3.3861802251067274e-15 1
vt 0.001181250000003388 0.9951875
vt 0.0011874999999999976 0.999999999999998
vt 0 0.995193749999998
vt 0.03586249999999999 0.995193749999998
vt 0.034675 0.999999999999998
vt 0.0004875000000021494 0.9999999999999986
vt 2.147587663259287e-15 0.9950749999999986
vt 0.036837500000002146 0.9950749999999986
vt 0.036350000000002144 0.9999999999999986
vt 2.147587663259287e-15 1
vt 0.0004875000000021494 0.995075
vt 0.036350000000002144 0.995075
vt 0.036837500000002146 1
vt 0 1
vt 0.0011874999999999976 0.99519375
vt 0.034675 0.99519375
vt 0.03586249999999999 1
vt 0.03348750000000339 0.9951874999999969
vt 0.03230625000000339 0.9999999999999969
vt 0.001181250000003388 0.9999999999999969
vt 3.3861802251067274e-15 0.9951874999999969
vt 0.031125000000001478 0.9950687499999991
vt 0.030637500000001476 0.999999999999999
vt 0.00048750000000147807 0.999999999999999
vt 1.4779844015322396e-15 0.9950687499999991
vt 0.030637500000001476 0.99506875
vt 0.031125000000001478 1
vt 1.4779844015322396e-15 1
vt 0.00048750000000147807 0.99506875
vt 0.03230625000000339 0.9951875
vt 0.03348750000000339 1
vt 3.3861802251067274e-15 1
vt 0.001181250000003388 0.9951875
vt 0.0011874999999999976 0.999999999999998
vt 0 0.995193749999998
vt 0.03586249999999999 0.995193749999998
vt 0.034675 0.999999999999998
vt 0.0004875000000021494 0.9999999999999986
vt 2.147587663259287e-15 0.9950749999999986
vt 0.036837500000002146 0.9950749999999986
vt 0.036350000000002144 0.9999999999999986
vt 2.147587663259287e-15 1
vt 0.0004875000000021494 0.995075
vt 0.036350000000002144 0.995075
vt 0.036837500000002146 1
vt 0 1
vt 0.0011874999999999976 0.99519375
vt 0.034675 0.99519375
vt 0.03586249999999999 1
vt 0.03348750000000339 0.9951874999999969
vt 0.03230625000000339 0.9999999999999969
vt 0.001181250000003388 0.9999999999999969
vt 3.3861802251067274e-15 0.9951874999999969
vt 0.031125000000001478 0.9950687499999991
vt 0.030637500000001476 0.999999999999999
vt 0.00048750000000147807 0.999999999999999
vt 1.4779844015322396e-15 0.9950687499999991
vt 0.030637500000001476 0.99506875
vt 0.031125000000001478 1
vt 1.4779844015322396e-15 1
vt 0.00048750000000147807 0.99506875
vt 0.03230625000000339 0.9951875
vt 0.03348750000000339 1
vt 3.3861802251067274e-15 1
vt 0.001181250000003388 0.9951875
vt 0.0011874999999999976 0.999999999999998
vt 0 0.995193749999998
vt 0.03586249999999999 0.995193749999998
vt 0.034675 0.999999999999998
vt 0.0004875000000021494 0.9999999999999986
vt 2.147587663259287e-15 0.9950749999999986
vt 0.036837500000002146 0.9950749999999986
vt 0.036350000000002144 0.9999999999999986
vt 2.147587663259287e-15 1
vt 0.0004875000000021494 0.995075
vt 0.036350000000002144 0.995075
vt 0.036837500000002146 1
vt 0 1
vt 0.0011874999999999976 0.99519375
vt 0.034675 0.99519375
vt 0.03586249999999999 1
vt 0.03348750000000339 0.9951874999999969
vt 0.03230625000000339 0.9999999999999969
vt 0.001181250000003388 0.9999999999999969
vt 3.3861802251067274e-15 0.9951874999999969
vt 0.031125000000001478 0.9950687499999991
vt 0.030637500000001476 0.999999999999999
vt 0.00048750000000147807 0.999999999999999
vt 1.4779844015322396e-15 0.9950687499999991
vt 0.030637500000001476 0.99506875
vt 0.031125000000001478 1
vt 1.4779844015322396e-15 1
vt 0.00048750000000147807 0.99506875
vt 0.03230625000000339 0.9951875
vt 0.03348750000000339 1
vt 3.3861802251067274e-15 1
vt 0.001181250000003388 0.9951875
vt 0.0011874999999999976 0.999999999999998
vt 0 0.995193749999998
vt 0.03586249999999999 0.995193749999998
vt 0.034675 0.999999999999998
vt 0.0004875000000021494 0.9999999999999986
vt 2.147587663259287e-15 0.9950749999999986
vt 0.036837500000002146 0.9950749999999986
vt 0.036350000000002144 0.9999999999999986
vt 2.147587663259287e-15 1
vt 0.0004875000000021494 0.995075
vt 0.036350000000002144 0.995075
vt 0.036837500000002146 1
vt 0 1
vt 0.0011874999999999976 0.99519375
vt 0.034675 0.99519375
vt 0.03586249999999999 1
vt 0.03348750000000339 0.9951874999999969
vt 0.03230625000000339 0.9999999999999969
vt 0.001181250000003388 0.9999999999999969
vt 3.3861802251067274e-15 0.9951874999999969
vt 0.031125000000001478 0.9950687499999991
vt 0.030637500000001476 0.999999999999999
vt 0.00048750000000147807 0.999999999999999
vt 1.4779844015322396e-15 0.9950687499999991
vt 0.030637500000001476 0.99506875
vt 0.031125000000001478 1
vt 1.4779844015322396e-15 1
vt 0.00048750000000147807 0.99506875
vt 0.03230625000000339 0.9951875
vt 0.03348750000000339 1
vt 3.3861802251067274e-15 1
vt 0.001181250000003388 0.9951875
vt 0.0011874999999999976 0.999999999999998
vt 0 0.995193749999998
vt 0.03586249999999999 0.995193749999998
vt 0.034675 0.999999999999998
vt 0.0004875000000021494 0.9999999999999986
vt 2.147587663259287e-15 0.9950749999999986
vt 0.036837500000002146 0.9950749999999986
vt 0.036350000000002144 0.9999999999999986
vt 2.147587663259287e-15 1
vt 0.0004875000000021494 0.995075
vt 0.036350000000002144 0.995075
vt 0.036837500000002146 1
vt 0 1
vt 0.0011874999999999976 0.99519375
vt 0.034675 0.99519375
vt 0.03586249999999999 1
vt 0.03348750000000339 0.9951874999999969
vt 0.03230625000000339 0.9999999999999969
vt 0.001181250000003388 0.9999999999999969
vt 3.3861802251067274e-15 0.9951874999999969
vt 0.031125000000001478 0.9950687499999991
vt 0.030637500000001476 0.999999999999999
vt 0.00048750000000147807 0.999999999999999
vt 1.4779844015322396e-15 0.9950687499999991
vt 0.030637500000001476 0.99506875
vt 0.031125000000001478 1
vt 1.4779844015322396e-15 1
vt 0.00048750000000147807 0.99506875
vt 0.03230625000000339 0.9951875
vt 0.03348750000000339 1
vt 3.3861802251067274e-15 1
vt 0.001181250000003388 0.9951875
vt 0.0011874999999999976 0.999999999999998
vt 0 0.995193749999998
vt 0.03586249999999999 0.995193749999998
vt 0.034675 0.999999999999998
vt 0.0004875000000021494 0.9999999999999986
vt 2.147587663259287e-15 0.9950749999999986
vt 0.036837500000002146 0.9950749999999986
vt 0.036350000000002144 0.9999999999999986
vt 2.147587663259287e-15 1
vt 0.0004875000000021494 0.995075
vt 0.036350000000002144 0.995075
vt 0.036837500000002146 1
vt 0 1
vt 0.0011874999999999976 0.99519375
vt 0.034675 0.99519375
vt 0.03586249999999999 1
vt 0.03348750000000339 0.9951874999999969
vt 0.03230625000000339 0.9999999999999969
vt 0.001181250000003388 0.9999999999999969
vt 3.3861802251067274e-15 0.9951874999999969
vt 0.031125000000001478 0.9950687499999991
vt 0.030637500000001476 0.999999999999999
vt 0.00048750000000147807 0.999999999999999
vt 1.4779844015322396e-15 0.9950687499999991
vt 0.030637500000001476 0.99506875
vt 0.031125000000001478 1
vt 1.4779844015322396e-15 1
vt 0.00048750000000147807 0.99506875
vt 0.03230625000000339 0.9951875
vt 0.03348750000000339 1
vt 3.3861802251067274e-15 1
vt 0.001181250000003388 0.9951875
vt 0.0011874999999999976 0.999999999999998
vt 0 0.995193749999998
vt 0.03586249999999999 0.995193749999998
vt 0.034675 0.999999999999998
vt 0.0004875000000021494 0.9999999999999986
vt 2.147587663259287e-15 0.9950749999999986
vt 0.036837500000002146 0.9950749999999986
vt 0.036350000000002144 0.9999999999999986
vt 2.147587663259287e-15 1
vt 0.0004875000000021494 0.995075
vt 0.036350000000002144 0.995075
vt 0.036837500000002146 1
vt 0 1
vt 0.0011874999999999976 0.99519375
vt 0.034675 0.99519375
vt 0.03586249999999999 1
vt 0.03348750000000339 0.9951874999999969
vt 0.03230625000000339 0.9999999999999969
vt 0.001181250000003388 0.9999999999999969
vt 3.3861802251067274e-15 0.9951874999999969
vt 0.031125000000001478 0.9950687499999991
vt 0.030637500000001476 0.999999999999999
vt 0.00048750000000147807 0.999999999999999
vt 1.4779844015322396e-15 0.9950687499999991
vt 0.030637500000001476 0.99506875
vt 0.031125000000001478 1
vt 1.4779844015322396e-15 1
vt 0.00048750000000147807 0.99506875
vt 0.03230625000000339 0.9951875
vt 0.03348750000000339 1
vt 3.3861802251067274e-15 1
vt 0.001181250000003388 0.9951875
vt 0.0011874999999999976 0.999999999999998
vt 0 0.995193749999998
vt 0.03586249999999999 0.995193749999998
vt 0.034675 0.999999999999998
vt 0.0004875000000021494 0.9999999999999986
vt 2.147587663259287e-15 0.9950749999999986
vt 0.036837500000002146 0.9950749999999986
vt 0.036350000000002144 0.9999999999999986
vt 2.147587663259287e-15 1
vt 0.0004875000000021494 0.995075
vt 0.036350000000002144 0.995075
vt 0.036837500000002146 1
vt 0 1
vt 0.0011874999999999976 0.99519375
vt 0.034675 0.99519375
vt 0.03586249999999999 1
vt 0.03348750000000339 0.9951874999999969
vt 0.03230625000000339 0.9999999999999969
vt 0.001181250000003388 0.9999999999999969
vt 3.3861802251067274e-15 0.9951874999999969
vt 0.031125000000001478 0.9950687499999991
vt 0.030637500000001476 0.999999999999999
vt 0.00048750000000147807 0.999999999999999
vt 1.4779844015322396e-15 0.9950687499999991
vt 0.030637500000001476 0.99506875
vt 0.031125000000001478 1
vt 1.4779844015322396e-15 1
vt 0.00048750000000147807 0.99506875
vt 0.03230625000000339 0.9951875
vt 0.03348750000000339 1
vt 3.3861802251067274e-15 1
vt 0.001181250000003388 0.9951875
vt 0.0011874999999999976 0.999999999999998
vt 0 0.995193749999998
vt 0.03586249999999999 0.995193749999998
vt 0.034675 0.999999999999998
vt 0.0004875000000021494 0.9999999999999986
vt 2.147587663259287e-15 0.9950749999999986
vt 0.036837500000002146 0.9950749999999986
vt 0.036350000000002144 0.9999999999999986
vt 2.147587663259287e-15 1
vt 0.0004875000000021494 0.995075
vt 0.036350000000002144 0.995075
vt 0.036837500000002146 1
vt 0 1
vt 0.0011874999999999976 0.99519375
vt 0.034675 0.99519375
vt 0.03586249999999999 1
vt 0.03348750000000339 0.9951874999999969
vt 0.03230625000000339 0.9999999999999969
vt 0.001181250000003388 0.9999999999999969
vt 3.3861802251067274e-15 0.9951874999999969
vt 0.031125000000001478 0.9950687499999991
vt 0.030637500000001476 0.999999999999999
vt 0.00048750000000147807 0.999999999999999
vt 1.4779844015322396e-15 0.9950687499999991
vt 0.030637500000001476 0.99506875
vt 0.031125000000001478 1
vt 1.4779844015322396e-15 1
vt 0.00048750000000147807 0.99506875
vt 0.03230625000000339 0.9951875
vt 0.03348750000000339 1
vt 3.3861802251067274e-15 1
vt 0.001181250000003388 0.9951875
vt 0.0011874999999999976 0.999999999999998
vt 0 0.995193749999998
vt 0.03586249999999999 0.995193749999998
vt 0.034675 0.999999999999998
vt 0.0004875000000021494 0.9999999999999986
vt 2.147587663259287e-15 0.9950749999999986
vt 0.036837500000002146 0.9950749999999986
vt 0.036350000000002144 0.9999999999999986
vt 2.147587663259287e-15 1
vt 0.0004875000000021494 0.995075
vt 0.036350000000002144 0.995075
vt 0.036837500000002146 1
vt 0 1
vt 0.0011874999999999976 0.99519375
vt 0.034675 0.99519375
vt 0.03586249999999999 1
vt 0.03348750000000339 0.9951874999999969
vt 0.03230625000000339 0.9999999999999969
vt 0.001181250000003388 0.9999999999999969
vt 3.3861802251067274e-15 0.9951874999999969
vt 0.031125000000001478 0.9950687499999991
vt 0.030637500000001476 0.999999999999999
vt 0.00048750000000147807 0.999999999999999
vt 1.4779844015322396e-15 0.9950687499999991
vt 0.030637500000001476 0.99506875
vt 0.031125000000001478 1
vt 1.4779844015322396e-15 1
vt 0.00048750000000147807 0.99506875
vt 0.03230625000000339 0.9951875
vt 0.03348750000000339 1
vt 3.3861802251067274e-15 1
vt 0.001181250000003388 0.9951875
vt 0.0011874999999999976 0.999999999999998
vt 0 0.995193749999998
vt 0.03586249999999999 0.995193749999998
vt 0.034675 0.999999999999998
vt 0.0004875000000021494 0.9999999999999986
vt 2.147587663259287e-15 0.9950749999999986
vt 0.036837500000002146 0.9950749999999986
vt 0.036350000000002144 0.9999999999999986
vt 2.147587663259287e-15 1
vt 0.0004875000000021494 0.995075
vt 0.036350000000002144 0.995075
vt 0.036837500000002146 1
vt 0 1
vt 0.0011874999999999976 0.99519375
vt 0.034675 0.99519375
vt 0.03586249999999999 1
vt 0.03348750000000339 0.9951874999999969
vt 0.03230625000000339 0.9999999999999969
vt 0.001181250000003388 0.9999999999999969
vt 3.3861802251067274e-15 0.9951874999999969
vt 0.031125000000001478 0.9950687499999991
vt 0.030637500000001476 0.999999999999999
vt 0.00048750000000147807 0.999999999999999
vt 1.4779844015322396e-15 0.9950687499999991
vt 0.030637500000001476 0.99506875
vt 0.031125000000001478 1
vt 1.4779844015322396e-15 1
vt 0.00048750000000147807 0.99506875
vt 0.03230625000000339 0.9951875
vt 0.03348750000000339 1
vt 3.3861802251067274e-15 1
vt 0.001181250000003388 0.9951875
vt 0.073898 0.254918
vt 0.072411 0.27624899999999997
vt 0.046745 0.27624899999999997
vt 0.052141 0.254918
vt 0.052141 0.254918
vt 0.046745 0.27624899999999997
vt 0.015487 0.27624899999999997
vt 0.034585 0.254918
vt 0.205589 0.254918
vt 0.224697 0.27624899999999997
vt 0.193436 0.27624899999999997
vt 0.188032 0.254918
vt 0.188032 0.254918
vt 0.193436 0.27624899999999997
vt 0.167765 0.27624899999999997
vt 0.166267 0.254918
vt 0.166267 0.254918
vt 0.167765 0.27624899999999997
vt 0.143715 0.27624899999999997
vt 0.143323 0.254918
vt 0.143323 0.254918
vt 0.143715 0.27624899999999997
vt 0.120084 0.27624899999999997
vt 0.120077 0.254918
vt 0.120077 0.254918
vt 0.120084 0.27624899999999997
vt 0.096453 0.27624899999999997
vt 0.096838 0.254918
vt 0.096838 0.254918
vt 0.096453 0.27624899999999997
vt 0.072411 0.27624899999999997
vt 0.073898 0.254918
vt 0.072411 0.27624899999999997
vt 0.072008 0.30538599999999994
vt 0.045168 0.30538599999999994
vt 0.046745 0.27624899999999997
vt 0.046745 0.27624899999999997
vt 0.045168 0.30538599999999994
vt 0.008455 0.30538599999999994
vt 0.015487 0.27624899999999997
vt 0.224697 0.27624899999999997
vt 0.231738 0.30538599999999994
vt 0.195022 0.30538599999999994
vt 0.193436 0.27624899999999997
vt 0.193436 0.27624899999999997
vt 0.195022 0.30538599999999994
vt 0.168174 0.30538599999999994
vt 0.167765 0.27624899999999997
vt 0.167765 0.27624899999999997
vt 0.168174 0.30538599999999994
vt 0.143829 0.30538599999999994
vt 0.143715 0.27624899999999997
vt 0.143715 0.27624899999999997
vt 0.143829 0.30538599999999994
vt 0.120087 0.30538599999999994
vt 0.120084 0.27624899999999997
vt 0.120084 0.27624899999999997
vt 0.120087 0.30538599999999994
vt 0.096349 0.30538599999999994
vt 0.096453 0.27624899999999997
vt 0.096453 0.27624899999999997
vt 0.096349 0.30538599999999994
vt 0.072008 0.30538599999999994
vt 0.072411 0.27624899999999997
vt 0.072008 0.30538599999999994
vt 0.072417 0.33452400000000004
vt 0.04675 0.33452400000000004
vt 0.045168 0.30538599999999994
vt 0.045168 0.30538599999999994
vt 0.04675 0.33452400000000004
vt 0.015493 0.33452400000000004
vt 0.008455 0.30538599999999994
vt 0.231738 0.30538599999999994
vt 0.224708 0.33452400000000004
vt 0.193446 0.33452400000000004
vt 0.195022 0.30538599999999994
vt 0.195022 0.30538599999999994
vt 0.193446 0.33452400000000004
vt 0.167775 0.33452400000000004
vt 0.168174 0.30538599999999994
vt 0.168174 0.30538599999999994
vt 0.167775 0.33452400000000004
vt 0.143725 0.33452400000000004
vt 0.143829 0.30538599999999994
vt 0.143829 0.30538599999999994
vt 0.143725 0.33452400000000004
vt 0.120092 0.33452400000000004
vt 0.120087 0.30538599999999994
vt 0.120087 0.30538599999999994
vt 0.120092 0.33452400000000004
vt 0.09646 0.33452400000000004
vt 0.096349 0.30538599999999994
vt 0.096349 0.30538599999999994
vt 0.09646 0.33452400000000004
vt 0.072417 0.33452400000000004
vt 0.072008 0.30538599999999994
vt 0.072417 0.33452400000000004
vt 0.073911 0.35585500000000003
vt 0.052152 0.35585500000000003
vt 0.04675 0.33452400000000004
vt 0.04675 0.33452400000000004
vt 0.052152 0.35585500000000003
vt 0.034597 0.35585500000000003
vt 0.015493 0.33452400000000004
vt 0.224708 0.33452400000000004
vt 0.205613 0.35585500000000003
vt 0.188055 0.35585500000000003
vt 0.193446 0.33452400000000004
vt 0.193446 0.33452400000000004
vt 0.188055 0.35585500000000003
vt 0.166289 0.35585500000000003
vt 0.167775 0.33452400000000004
vt 0.167775 0.33452400000000004
vt 0.166289 0.35585500000000003
vt 0.143343 0.35585500000000003
vt 0.143725 0.33452400000000004
vt 0.143725 0.33452400000000004
vt 0.143343 0.35585500000000003
vt 0.120096 0.35585500000000003
vt 0.120092 0.33452400000000004
vt 0.120092 0.33452400000000004
vt 0.120096 0.35585500000000003
vt 0.096853 0.35585500000000003
vt 0.09646 0.33452400000000004
vt 0.09646 0.33452400000000004
vt 0.096853 0.35585500000000003
vt 0.073911 0.35585500000000003
vt 0.072417 0.33452400000000004
vt 0.052141 0.254918
vt 0.062997 0.24711099999999997
vt 0.073898 0.254918
vt 0.034585 0.254918
vt 0.043301 0.24711099999999997
vt 0.052141 0.254918
vt 0.188032 0.254918
vt 0.196868 0.24711099999999997
vt 0.205589 0.254918
vt 0.166267 0.254918
vt 0.17717 0.24711099999999997
vt 0.188032 0.254918
vt 0.143323 0.254918
vt 0.154777 0.24711099999999997
vt 0.166267 0.254918
vt 0.120077 0.254918
vt 0.131677 0.24711099999999997
vt 0.143323 0.254918
vt 0.096838 0.254918
vt 0.108446 0.24711099999999997
vt 0.120077 0.254918
vt 0.073898 0.254918
vt 0.085365 0.24711099999999997
vt 0.096838 0.254918
vt 0.073911 0.35585500000000003
vt 0.063009 0.36366199999999993
vt 0.052152 0.35585500000000003
vt 0.052152 0.35585500000000003
vt 0.043321 0.36366199999999993
vt 0.034597 0.35585500000000003
vt 0.205613 0.35585500000000003
vt 0.196911 0.36366199999999993
vt 0.188055 0.35585500000000003
vt 0.188055 0.35585500000000003
vt 0.177212 0.36366199999999993
vt 0.166289 0.35585500000000003
vt 0.166289 0.35585500000000003
vt 0.154819 0.36366199999999993
vt 0.143343 0.35585500000000003
vt 0.143343 0.35585500000000003
vt 0.131719 0.36366199999999993
vt 0.120096 0.35585500000000003
vt 0.120096 0.35585500000000003
vt 0.108482 0.36366199999999993
vt 0.096853 0.35585500000000003
vt 0.096853 0.35585500000000003
vt 0.085389 0.36366199999999993
vt 0.073911 0.35585500000000003
vt 0.242477 0.31890799999999997
vt 0.25834 0.319238
vt 0.257527 0.3358129999999999
vt 0.243359 0.334083
vt 0.243359 0.334083
vt 0.257527 0.3358129999999999
vt 0.255109 0.352842
vt 0.239872 0.35150799999999993
vt 0.239872 0.35150799999999993
vt 0.255109 0.352842
vt 0.247369 0.37151
vt 0.229857 0.24920999999999993
vt 0.243228 0.23706099999999997
vt 0.250402 0.25488299999999997
vt 0.238135 0.26081
vt 0.238135 0.26081
vt 0.250402 0.25488299999999997
vt 0.254108 0.27167300000000005
vt 0.239444 0.274799
vt 0.239444 0.274799
vt 0.254108 0.27167300000000005
vt 0.255388 0.287717
vt 0.241166 0.296693
vt 0.241166 0.296693
vt 0.255388 0.287717
vt 0.256759 0.3031090000000001
vt 0.241166 0.296693
vt 0.256759 0.3031090000000001
vt 0.25834 0.319238
vt 0.242477 0.31890799999999997
vt 0.25834 0.319238
vt 0.277579 0.31916199999999995
vt 0.276786 0.336962
vt 0.257527 0.3358129999999999
vt 0.257527 0.3358129999999999
vt 0.276786 0.336962
vt 0.274342 0.35688600000000004
vt 0.255109 0.352842
vt 0.255109 0.352842
vt 0.274342 0.35688600000000004
vt 0.268618 0.383671
vt 0.247369 0.37151
vt 0.243228 0.23706099999999997
vt 0.263962 0.22446600000000005
vt 0.269219 0.250618
vt 0.250402 0.25488299999999997
vt 0.250402 0.25488299999999997
vt 0.269219 0.250618
vt 0.272357 0.26957
vt 0.254108 0.27167300000000005
vt 0.254108 0.27167300000000005
vt 0.272357 0.26957
vt 0.274549 0.28630500000000003
vt 0.255388 0.287717
vt 0.255388 0.287717
vt 0.274549 0.28630500000000003
vt 0.276453 0.302447
vt 0.256759 0.3031090000000001
vt 0.256759 0.3031090000000001
vt 0.276453 0.302447
vt 0.277579 0.31916199999999995
vt 0.25834 0.319238
vt 0.277579 0.31916199999999995
vt 0.297507 0.31870599999999993
vt 0.297168 0.337035
vt 0.276786 0.336962
vt 0.276786 0.336962
vt 0.297168 0.337035
vt 0.295826 0.3572850000000001
vt 0.274342 0.35688600000000004
vt 0.274342 0.35688600000000004
vt 0.295826 0.3572850000000001
vt 0.295752 0.383101
vt 0.268618 0.383671
vt 0.263962 0.22446600000000005
vt 0.291716 0.22481300000000004
vt 0.290276 0.24984700000000004
vt 0.269219 0.250618
vt 0.269219 0.250618
vt 0.290276 0.24984700000000004
vt 0.291682 0.268609
vt 0.272357 0.26957
vt 0.272357 0.26957
vt 0.291682 0.268609
vt 0.293876 0.285358
vt 0.274549 0.28630500000000003
vt 0.274549 0.28630500000000003
vt 0.293876 0.285358
vt 0.2963 0.30166500000000007
vt 0.276453 0.302447
vt 0.276453 0.302447
vt 0.2963 0.30166500000000007
vt 0.297507 0.31870599999999993
vt 0.277579 0.31916199999999995
vt 0.297507 0.31870599999999993
vt 0.31652 0.31811199999999995
vt 0.315782 0.3358749999999999
vt 0.297168 0.337035
vt 0.297168 0.337035
vt 0.315782 0.3358749999999999
vt 0.315 0.35345899999999997
vt 0.295826 0.3572850000000001
vt 0.295826 0.3572850000000001
vt 0.315 0.35345899999999997
vt 0.317043 0.371028
vt 0.295752 0.383101
vt 0.291716 0.22481300000000004
vt 0.313574 0.23599899999999996
vt 0.310405 0.25239199999999995
vt 0.290276 0.24984700000000004
vt 0.290276 0.24984700000000004
vt 0.310405 0.25239199999999995
vt 0.311244 0.26878500000000005
vt 0.291682 0.268609
vt 0.291682 0.268609
vt 0.311244 0.26878500000000005
vt 0.31225 0.28520199999999996
vt 0.293876 0.285358
vt 0.293876 0.285358
vt 0.31225 0.28520199999999996
vt 0.314977 0.30130199999999996
vt 0.2963 0.30166500000000007
vt 0.2963 0.30166500000000007
vt 0.314977 0.30130199999999996
vt 0.31652 0.31811199999999995
vt 0.297507 0.31870599999999993
vt 0.664589 0.34113799999999994
vt 0.646191 0.395223
vt 0.624846 0.370055
vt 0.632525 0.347673
vt 0.358526 0.320611
vt 0.374213 0.32035100000000005
vt 0.374213 0.33571700000000004
vt 0.358526 0.33492900000000003
vt 0.358526 0.33492900000000003
vt 0.374213 0.33571700000000004
vt 0.374213 0.352008
vt 0.358526 0.348769
vt 0.358526 0.348769
vt 0.374213 0.352008
vt 0.374213 0.37131800000000004
vt 0.358526 0.362148
vt 0.358526 0.23981600000000003
vt 0.374213 0.23281600000000002
vt 0.374213 0.253336
vt 0.358526 0.255374
vt 0.358526 0.255374
vt 0.374213 0.253336
vt 0.374213 0.27144199999999996
vt 0.358526 0.272243
vt 0.358526 0.272243
vt 0.374213 0.27144199999999996
vt 0.374213 0.28871800000000003
vt 0.358526 0.289508
vt 0.358526 0.289508
vt 0.374213 0.28871800000000003
vt 0.374213 0.30495399999999995
vt 0.358526 0.30583099999999996
vt 0.358526 0.30583099999999996
vt 0.374213 0.30495399999999995
vt 0.374213 0.32035100000000005
vt 0.358526 0.320611
vt 0.374213 0.32035100000000005
vt 0.392977 0.320211
vt 0.392977 0.335828
vt 0.374213 0.33571700000000004
vt 0.374213 0.33571700000000004
vt 0.392977 0.335828
vt 0.392977 0.352826
vt 0.374213 0.352008
vt 0.374213 0.352008
vt 0.392977 0.352826
vt 0.392977 0.37422
vt 0.374213 0.37131800000000004
vt 0.374213 0.23281600000000002
vt 0.392977 0.231016
vt 0.392977 0.252912
vt 0.374213 0.253336
vt 0.374213 0.253336
vt 0.392977 0.252912
vt 0.392977 0.271042
vt 0.374213 0.27144199999999996
vt 0.374213 0.27144199999999996
vt 0.392977 0.271042
vt 0.392977 0.2882100000000001
vt 0.374213 0.28871800000000003
vt 0.374213 0.28871800000000003
vt 0.392977 0.2882100000000001
vt 0.392977 0.30454899999999996
vt 0.374213 0.30495399999999995
vt 0.374213 0.30495399999999995
vt 0.392977 0.30454899999999996
vt 0.392977 0.320211
vt 0.374213 0.32035100000000005
vt 0.392977 0.320211
vt 0.409468 0.320253
vt 0.409468 0.335387
vt 0.392977 0.335828
vt 0.392977 0.335828
vt 0.409468 0.335387
vt 0.409468 0.3516349999999999
vt 0.392977 0.352826
vt 0.392977 0.352826
vt 0.409468 0.3516349999999999
vt 0.409468 0.37000600000000006
vt 0.392977 0.37422
vt 0.392977 0.231016
vt 0.409468 0.235788
vt 0.409468 0.254271
vt 0.392977 0.252912
vt 0.392977 0.252912
vt 0.409468 0.254271
vt 0.409468 0.271038
vt 0.392977 0.271042
vt 0.392977 0.271042
vt 0.409468 0.271038
vt 0.409468 0.28793500000000005
vt 0.392977 0.2882100000000001
vt 0.392977 0.2882100000000001
vt 0.409468 0.28793500000000005
vt 0.409468 0.3044899999999999
vt 0.392977 0.30454899999999996
vt 0.392977 0.30454899999999996
vt 0.409468 0.3044899999999999
vt 0.409468 0.320253
vt 0.392977 0.320211
vt 0.409468 0.320253
vt 0.421417 0.32760900000000004
vt 0.409468 0.335387
vt 0.409468 0.335387
vt 0.421417 0.32760900000000004
vt 0.421417 0.3491409999999999
vt 0.409468 0.3516349999999999
vt 0.409468 0.3516349999999999
vt 0.421417 0.3491409999999999
vt 0.421417 0.36197100000000004
vt 0.409468 0.37000600000000006
vt 0.409468 0.235788
vt 0.421417 0.244541
vt 0.421417 0.26385100000000006
vt 0.409468 0.254271
vt 0.409468 0.254271
vt 0.421417 0.26385100000000006
vt 0.409468 0.271038
vt 0.409468 0.271038
vt 0.421417 0.26385100000000006
vt 0.421417 0.287509
vt 0.409468 0.28793500000000005
vt 0.409468 0.28793500000000005
vt 0.421417 0.287509
vt 0.421417 0.30483400000000005
vt 0.409468 0.3044899999999999
vt 0.409468 0.3044899999999999
vt 0.421417 0.30483400000000005
vt 0.421417 0.32760900000000004
vt 0.409468 0.320253
vt 0.433301 0.381529
vt 0.483095 0.36224900000000004
vt 0.478371 0.39288900000000004
vt 0.457746 0.400875
vt 0.343805 0.33487200000000006
vt 0.358526 0.320611
vt 0.358526 0.33492900000000003
vt 0.343805 0.33487200000000006
vt 0.358526 0.33492900000000003
vt 0.358526 0.348769
vt 0.343805 0.35688999999999993
vt 0.343805 0.35688999999999993
vt 0.358526 0.348769
vt 0.358526 0.362148
vt 0.343805 0.24661
vt 0.358526 0.23981600000000003
vt 0.358526 0.255374
vt 0.343805 0.265721
vt 0.343805 0.265721
vt 0.358526 0.255374
vt 0.358526 0.272243
vt 0.343805 0.28970300000000004
vt 0.343805 0.28970300000000004
vt 0.358526 0.272243
vt 0.358526 0.289508
vt 0.343805 0.28970300000000004
vt 0.358526 0.289508
vt 0.358526 0.30583099999999996
vt 0.343805 0.312843
vt 0.343805 0.312843
vt 0.358526 0.30583099999999996
vt 0.358526 0.320611
vt 0.343805 0.33487200000000006
vt 0.315782 0.3358749999999999
vt 0.332411 0.335194
vt 0.315 0.35345899999999997
vt 0.315 0.35345899999999997
vt 0.332411 0.335194
vt 0.333501 0.35789800000000005
vt 0.317043 0.371028
vt 0.313574 0.23599899999999996
vt 0.33167 0.24466600000000005
vt 0.310405 0.25239199999999995
vt 0.310405 0.25239199999999995
vt 0.33167 0.24466600000000005
vt 0.332317 0.2633110000000001
vt 0.311244 0.26878500000000005
vt 0.311244 0.26878500000000005
vt 0.332317 0.2633110000000001
vt 0.332906 0.287315
vt 0.31225 0.28520199999999996
vt 0.31225 0.28520199999999996
vt 0.332906 0.287315
vt 0.314977 0.30130199999999996
vt 0.314977 0.30130199999999996
vt 0.332906 0.287315
vt 0.332527 0.31170999999999993
vt 0.31652 0.31811199999999995
vt 0.31652 0.31811199999999995
vt 0.332527 0.31170999999999993
vt 0.332411 0.335194
vt 0.315782 0.3358749999999999
vt 0.664589 0.34113799999999994
vt 0.685967 0.366271
vt 0.678299 0.38869599999999993
vt 0.646191 0.395223
vt 0.438025 0.350889
vt 0.45865 0.34290299999999996
vt 0.483095 0.36224900000000004
vt 0.433301 0.381529
vn 0 -1 0
vn 0.4999999999999999 0 0.8660254037844387
vn 0 1 0
vn 0 -1 0
vn 0.8660254037844388 0 0.5000000000000001
vn 0 1 0
vn 0 -1 0
vn 1 0 0
vn 0 1 0
vn 0 -1 0
vn 0.8660254037844387 0 -0.4999999999999999
vn 0 1 0
vn 0 -1 0
vn 0.5 0 -0.8660254037844387
vn 0 1 0
vn 0 -1 0
vn 2.0717043678169394e-16 0 -1
vn 0 1 0
vn 0 -1 0
vn -0.4999999999999994 0 -0.866025403784439
vn 0 1 0
vn 0 -1 0
vn -0.8660254037844389 0 -0.4999999999999996
vn 0 1 0
vn 0 -1 0
vn -1 0 -2.0717043678169412e-16
vn 0 1 0
vn 0 -1 0
vn -0.8660254037844392 0 0.4999999999999995
vn 0 1 0
vn 0 -1 0
vn -0.4999999999999999 0 0.8660254037844387
vn 0 1 0
vn 0 -1 0
vn 0 0 1
vn 0 1 0
vn 0 -1 0
vn 0.4999999999999996 0 0.8660254037844388
vn 0 1 0
vn 0 -1 0
vn 0.8660254037844388 0 0.5000000000000001
vn 0 1 0
vn 0 -1 0
vn 1 0 0
vn 0 1 0
vn 0 -1 0
vn 0.8660254037844387 0 -0.5000000000000003
vn 0 1 0
vn 0 -1 0
vn 0.5 0 -0.8660254037844387
vn 0 1 0
vn 0 -1 0
vn 2.0717043678169394e-16 0 -1
vn 0 1 0
vn 0 -1 0
vn -0.4999999999999999 0 -0.8660254037844389
vn 0 1 0
vn 0 -1 0
vn -0.8660254037844385 0 -0.5000000000000006
vn 0 1 0
vn 0 -1 0
vn -1 0 0
vn 0 1 0
vn 0 -1 0
vn -0.8660254037844392 0 0.4999999999999993
vn 0 1 0
vn 0 -1 0
vn -0.5000000000000003 0 0.8660254037844385
vn 0 1 0
vn 0 -1 0
vn 0 0 1
vn 0 1 0
vn 0 -1 0
vn 0.5000000000000001 0 0.8660254037844386
vn 0 1 0
vn 0 -1 0
vn 0.8660254037844386 0 0.5000000000000001
vn 0 1 0
vn 0 -1 0
vn 1 0 0
vn 0 1 0
vn 0 -1 0
vn 0.8660254037844385 0 -0.5000000000000003
vn 0 1 0
vn 0 -1 0
vn 0.5000000000000003 0 -0.8660254037844385
vn 0 1 0
vn 0 -1 0
vn 0 0 -1
vn 0 1 0
vn 0 -1 0
vn -0.4999999999999994 0 -0.8660254037844392
vn 0 1 0
vn 0 -1 0
vn -0.8660254037844389 0 -0.4999999999999996
vn 0 1 0
vn 0 -1 0
vn -1 0 0
vn 0 1 0
vn 0 -1 0
vn -0.8660254037844392 0 0.49999999999999917
vn 0 1 0
vn 0 -1 0
vn -0.4999999999999999 0 0.8660254037844386
vn 0 1 0
vn 0 -1 0
vn 0 0 1
vn 0 1 0
vn 0 -1 0
vn 0.5000000000000001 0 0.8660254037844386
vn 0 1 0
vn 0 -1 0
vn 0.8660254037844386 0 0.4999999999999999
vn 0 1 0
vn 0 -1 0
vn 1 0 0
vn 0 1 0
vn 0 -1 0
vn 0.8660254037844385 0 -0.5000000000000003
vn 0 1 0
vn 0 -1 0
vn 0.5000000000000003 0 -0.8660254037844385
vn 0 1 0
vn 0 -1 0
vn 0 0 -1
vn 0 1 0
vn 0 -1 0
vn -0.4999999999999994 0 -0.8660254037844392
vn 0 1 0
vn 0 -1 0
vn -0.8660254037844388 0 -0.4999999999999998
vn 0 1 0
vn 0 -1 0
vn -1 0 0
vn 0 1 0
vn 0 -1 0
vn -0.8660254037844392 0 0.4999999999999994
vn 0 1 0
vn 0 -1 0
vn -0.4999999999999999 0 0.8660254037844386
vn 0 1 0
vn 0 -1 0
vn 0 0 1
vn 0 1 0
vn 0.09840063281959249 0.9804434006319872 0.1704348955404636
vn 0.3800757875776356 0.6497457832021384 0.6583105748112208
vn 0.3800757875776378 -0.6497457832021338 0.658310574811224
vn 0.09840063281958963 -0.9804434006319882 0.1704348955404588
vn -0.09840063281958986 -0.980443400631988 -0.1704348955404593
vn -0.3800757875776366 -0.649745783202136 -0.6583105748112225
vn -0.3800757875776345 0.6497457832021406 -0.6583105748112191
vn -0.0984006328195927 0.9804434006319871 -0.17043489554046407
vn 0.17043489554046398 0.9804434006319871 0.09840063281959276
vn 0.6583105748112187 0.6497457832021413 0.3800757875776346
vn 0.6583105748112219 -0.6497457832021366 0.3800757875776366
vn 0.1704348955404592 -0.9804434006319882 0.09840063281958991
vn -0.17043489554045965 -0.980443400631988 -0.09840063281959009
vn -0.658310574811221 -0.6497457832021379 -0.3800757875776359
vn -0.6583105748112179 0.6497457832021424 -0.3800757875776337
vn -0.17043489554046443 0.9804434006319869 -0.09840063281959291
vn 0.19680126563918474 0.9804434006319871 0
vn 0.7601515751552717 0.649745783202138 0
vn 0.7601515751552753 -0.6497457832021335 0
vn 0.19680126563917918 -0.9804434006319882 0
vn -0.1968012656391798 -0.9804434006319882 0
vn -0.7601515751552731 -0.6497457832021362 0
vn -0.7601515751552693 0.6497457832021408 0
vn -0.19680126563918532 0.9804434006319871 0
vn 0.1704348955404636 0.9804434006319872 -0.09840063281959249
vn 0.658310574811221 0.649745783202138 -0.38007578757763594
vn 0.6583105748112243 -0.6497457832021335 -0.380075787577638
vn 0.1704348955404588 -0.9804434006319882 -0.09840063281958963
vn -0.1704348955404593 -0.9804434006319882 0.09840063281958993
vn -0.6583105748112225 -0.649745783202136 0.3800757875776366
vn -0.6583105748112191 0.6497457832021406 0.38007578757763466
vn -0.17043489554046407 0.9804434006319871 0.0984006328195927
vn 0.09840063281959271 0.9804434006319871 -0.17043489554046404
vn 0.38007578757763544 0.6497457832021389 -0.6583105748112205
vn 0.3800757875776374 -0.6497457832021343 -0.6583105748112237
vn 0.09840063281958987 -0.9804434006319881 -0.17043489554045926
vn -0.09840063281958993 -0.9804434006319882 0.1704348955404592
vn -0.38007578757763677 -0.6497457832021356 0.6583105748112228
vn -0.380075787577635 0.6497457832021403 0.6583105748112195
vn -0.09840063281959266 0.9804434006319871 0.17043489554046407
vn 0 0.9804434006319871 -0.1968012656391847
vn 5.363770518058232e-16 0.6497457832021382 -0.7601515751552715
vn 0 -0.6497457832021335 -0.7601515751552753
vn 7.375581092476601e-17 -0.9804434006319882 -0.19680126563917918
vn -8.465917248155226e-17 -0.980443400631988 0.19680126563918027
vn -3.3215645578493613e-16 -0.6497457832021362 0.7601515751552731
vn -3.1322209340647573e-16 0.6497457832021407 0.7601515751552692
vn -7.375581092476635e-17 0.9804434006319869 0.1968012656391858
vn -0.09840063281959256 0.9804434006319869 -0.17043489554046418
vn -0.38007578757763344 0.649745783202143 -0.6583105748112174
vn -0.380075787577635 -0.6497457832021385 -0.6583105748112209
vn -0.09840063281958977 -0.980443400631988 -0.17043489554045935
vn 0.09840063281959001 -0.980443400631988 0.17043489554045965
vn 0.38007578757763655 -0.6497457832021355 0.658310574811223
vn 0.38007578757763455 0.64974578320214 0.6583105748112197
vn 0.09840063281959274 0.9804434006319869 0.17043489554046445
vn -0.17043489554046407 0.9804434006319871 -0.09840063281959263
vn -0.6583105748112206 0.6497457832021388 -0.3800757875776351
vn -0.658310574811224 -0.6497457832021343 -0.38007578757763705
vn -0.1704348955404593 -0.980443400631988 -0.09840063281958981
vn 0.17043489554045926 -0.9804434006319882 0.09840063281958991
vn 0.6583105748112228 -0.6497457832021356 0.38007578757763666
vn 0.6583105748112196 0.6497457832021402 0.3800757875776349
vn 0.1704348955404641 0.9804434006319871 0.09840063281959263
vn -0.19680126563918532 0.9804434006319871 0
vn -0.7601515751552714 0.6497457832021382 -5.363770518058237e-16
vn -0.7601515751552753 -0.6497457832021335 0
vn -0.19680126563917974 -0.9804434006319881 0
vn 0.1968012656391803 -0.980443400631988 0
vn 0.7601515751552731 -0.6497457832021362 0
vn 0.7601515751552693 0.6497457832021408 0
vn 0.19680126563918593 0.980443400631987 0
vn -0.17043489554046418 0.9804434006319869 0.09840063281959256
vn -0.6583105748112174 0.649745783202143 0.3800757875776335
vn -0.658310574811221 -0.6497457832021386 0.3800757875776351
vn -0.17043489554045937 -0.9804434006319881 0.0984006328195898
vn 0.1704348955404597 -0.980443400631988 -0.09840063281959008
vn 0.6583105748112225 -0.6497457832021362 -0.38007578757763627
vn 0.6583105748112192 0.6497457832021406 -0.3800757875776343
vn 0.1704348955404645 0.9804434006319869 -0.09840063281959278
vn -0.09840063281959276 0.9804434006319871 0.170434895540464
vn -0.38007578757763555 0.6497457832021388 0.6583105748112202
vn -0.38007578757763755 -0.6497457832021343 0.6583105748112237
vn -0.09840063281958991 -0.9804434006319882 0.17043489554045924
vn 0.09840063281958991 -0.9804434006319882 -0.1704348955404592
vn 0.38007578757763666 -0.6497457832021356 -0.6583105748112228
vn 0.3800757875776348 0.6497457832021402 -0.6583105748112195
vn 0.09840063281959269 0.9804434006319871 -0.17043489554046404
vn 0 0.9804434006319872 0.19680126563918474
vn 0 0.649745783202138 0.7601515751552717
vn 0 -0.6497457832021335 0.7601515751552753
vn 0 -0.9804434006319882 0.19680126563917918
vn 0 -0.9804434006319882 -0.19680126563917974
vn 0 -0.649745783202136 -0.7601515751552731
vn 0 0.6497457832021407 -0.7601515751552692
vn 0 0.9804434006319871 -0.1968012656391853
vn -0.27477756611357085 0.7103003176459349 -0.6480515009725586
vn -0.6580863553123245 0.704443183545441 -0.2658611481734504
vn -0.658221595409592 0.7042141284994228 0.26613303545078704
vn -0.2753142718247983 0.7101037646198147 0.6480391154879063
vn 0.27527850170748325 0.7101944586949255 0.6479549192163796
vn 0.6581549272371632 0.7042866219761752 0.2661060800861802
vn 0.6582596400922042 0.7042548315137216 -0.26593115371325227
vn 0.27470398508501676 0.7104870621072089 -0.6478779631664269
vn -0.37670875755721045 0.2610403215534463 -0.8887904491515289
vn -0.8960745167113315 0.2565916594299739 -0.36223083912268705
vn -0.8959220229805075 0.2568493955569081 0.3624253257438918
vn -0.3772297797900206 0.2612734305786331 0.8885009216164296
vn 0.3772611209247388 0.26097696725744124 0.8885747403565545
vn 0.8959790861518415 0.25661766836290784 0.3624484093805569
vn 0.8960051721309392 0.25687323335582574 -0.3622028071397707
vn 0.3766902596000775 0.2612155496602016 -0.8887468058666343
vn -0.37680280003880123 -0.261301647508048 -0.8886737865451525
vn -0.8960913019259281 -0.25684025213458117 -0.36201307089128704
vn -0.8959150822738432 -0.2571382861592059 0.3622375838387828
vn -0.3774039467233187 -0.26157090933553795 0.8883394173327235
vn 0.3774402130042697 -0.26122843117805744 0.8884247814821143
vn 0.8959811471915166 -0.2568703257133173 0.3622642952946208
vn 0.8960110245978764 -0.2571658227475059 -0.36198063955087756
vn 0.37678139905621433 -0.2615040812999326 -0.8886233132147277
vn -0.27511485431954863 -0.7102290640078226 -0.6479864918123724
vn -0.6578976569108662 -0.7045149472567329 -0.2661378630015565
vn -0.6581977897234195 -0.7041886594162801 0.2662592750547999
vn -0.27517680443813586 -0.710071906289634 0.6481324048351703
vn 0.2751148543195493 -0.7102290640078222 0.6479864918123727
vn 0.6580823865861134 -0.7043141548398192 0.26621259128259983
vn 0.6581977897234195 -0.7041886594162801 -0.2662592750548002
vn 0.27498724429009314 -0.7105525696076788 -0.6476859279787276
vn -0.09998486752387137 0.9667181505646039 -0.23549743870196602
vn -0.24098636920887648 0.9656200665796025 -0.097485675226297
vn -0.24098636920887645 0.9656200665796025 0.09748567522629699
vn -0.09998486752387147 0.9667181505646036 0.23549743870196582
vn 0.09998486752387147 0.9667181505646036 0.23549743870196582
vn 0.2409863692088764 0.9656200665796025 0.09748567522629707
vn 0.2409863692088764 0.9656200665796025 -0.09748567522629707
vn 0.09998486752387137 0.9667181505646039 -0.23549743870196602
vn -0.10038063593525129 -0.9664495693884594 -0.23642960423368378
vn -0.24193808283496168 -0.9653430975908243 -0.09787066980406324
vn -0.24193808283496168 -0.9653430975908242 0.09787066980406323
vn -0.1003806359352514 -0.9664495693884593 0.23642960423368362
vn 0.1003806359352514 -0.9664495693884593 0.23642960423368362
vn 0.24193808283496163 -0.9653430975908243 0.0978706698040633
vn 0.24193808283496163 -0.9653430975908243 -0.0978706698040633
vn 0.10038063593525129 -0.9664495693884594 -0.23642960423368378
vn 0.1197019065589208 0.9748801564468801 -0.18783006716781525
vn -0.18916872008630642 0.9752874571419037 0.11414714750088137
vn -0.21267790230558928 0.8321053512617107 0.5122194786148992
vn 0.11814253301143975 0.7003451515576868 0.7039595233983852
vn 0.4577784033747441 0.49653756208671607 0.737488564549072
vn 0.7514000201710461 0.49184044653975645 0.43987610168605984
vn 0.7792109972390566 0.624448779638287 0.053795384467156024
vn 0.502537031410481 0.8580706899417664 -0.10569400703919918
vn -0.11009708812285665 0.7974427546741384 -0.5932652730478922
vn -0.6005937662945737 0.7920942939185815 -0.1089667721359249
vn -0.6328809784065906 0.5696769167106916 0.5243375608690611
vn -0.20221682424173568 0.26816256296242186 0.9419114585878081
vn 0.44101332558721323 0.05504118688579927 0.8958112046635213
vn 0.9060005406985487 0.0531256955768928 0.4199293758757644
vn 0.9455741046094258 0.26080769337166365 -0.19459948553435394
vn 0.5392260280294325 0.5696879755253329 -0.6202345534049594
vn -0.35329005043682027 0.3068077951581577 -0.8837732271870082
vn -0.8906921076341169 0.30156205032384975 -0.3401880350670353
vn -0.9306455401598831 0.05630413376413888 0.36156427243519185
vn -0.4632077936902247 -0.29179225099854256 0.8368367953919317
vn 0.26625160789624586 -0.5429600080391976 0.7964323643365697
vn 0.8053109284868952 -0.535403382708528 0.25459286369385975
vn 0.8468280508221389 -0.2883501043529579 -0.4469188625023735
vn 0.3773639363065312 0.05702534281431739 -0.9243076164633449
vn -0.4379064833065149 -0.10818753493252076 -0.892487181512063
vn -0.9015090693805407 -0.10063719867107629 -0.4208961297853306
vn -0.9254413808212004 -0.3326137231199849 0.18145622572954614
vn -0.5154677151164674 -0.6655247162547561 0.5397868901025988
vn 0.04773571177463963 -0.8905315687343538 0.45241002078744835
vn 0.4460642527125637 -0.8942323328330739 0.03708392330782663
vn 0.5227717689050023 -0.6881124540734559 -0.5032006838081017
vn 0.17793460149005214 -0.3599456657619635 -0.9158484565100022
vn 0.347378472122479 0.8750335937633896 0.33711186109566005
vn -0.17645511261522842 0.77317437518037 -0.6091510311871692
vn -0.6222972206197223 0.7635946820895759 -0.17224787572997402
vn -0.6463885575106216 0.628269726304479 0.4329653377911828
vn -0.2200405154024893 0.4361188985720515 0.8725723339011543
vn 0.41814902186137004 0.29390003119754154 0.8595197305347119
vn 0.8666670305723084 0.2940037159707281 0.4030509559775057
vn 0.8748000420115356 0.43810256855299984 -0.20685991860164699
vn 0.44573394575203584 0.6391639587950656 -0.6267301519647359
vn -0.32086442985623403 0.434618242134015 -0.841518271493479
vn -0.8491168041161373 0.4283001103410855 -0.3091272690161957
vn -0.8734729050673282 0.25950571551212737 0.4119488654308705
vn -0.3697731287414161 0.015753278723903995 0.928988518481381
vn 0.3853230093735418 -0.15924701211015113 0.9089370536958579
vn 0.9160059954151454 -0.15682915010049794 0.36923926394990075
vn 0.9348842454912457 0.01523215992343006 -0.3546257588449148
vn 0.42768439223924015 0.26332079336322867 -0.8647243609483382
vn -0.41039387428942725 -0.04526612716949627 -0.9107841927025242
vn -0.9176595673668196 -0.04449525457436096 -0.39486844738533444
vn -0.9318977468027921 -0.20878210503255257 0.2966085334612874
vn -0.44674482188409237 -0.4445360721970028 0.7764063012594705
vn 0.260134484567296 -0.6049832756133403 0.7525458698093165
vn 0.7615944195678654 -0.5972064430236876 0.2516314854982997
vn 0.7875889409963674 -0.43973996305225316 -0.43166239692035197
vn 0.30928520513315266 -0.21359371198157728 -0.9266716722160416
vn -0.38974014127247353 -0.5779074713275579 -0.7170255064254691
vn -0.5774582205449251 -0.6713186614815051 -0.4646216291475993
vn -0.7315222996320864 -0.6769620785371475 0.08122480756301617
vn -0.25827349060256727 -0.8326125686643742 0.4899501143525517
vn 0.05534500299413167 -0.923386760850523 0.3798602644783458
vn 0.20832866994766233 -0.9719629763395982 0.10902815188247438
vn 0.40452209730826383 -0.8225915419729332 -0.3996311147344706
vn -0.04625459808166275 -0.587804707041145 -0.8076794776002283
vn -0.2078139590254065 -0.9571258123689595 -0.2018007376875672
vn -0.22852639812471273 0.667607414106315 -0.7085732326234351
vn -0.7263663834399996 0.6491042623257235 -0.22595471590315172
vn -0.7660930809988574 0.46677082489700794 0.4418443032003976
vn -0.3492410535555852 0.07224670313972073 0.9342435979961684
vn 0.3516340784472383 -0.3208073610932922 0.8794521658071687
vn 0.915806094033573 -0.1533053390772465 0.3712097400949777
vn 0.9402087726779512 0.10453656316915311 -0.3241597919856847
vn 0.44186088370401344 0.3313582569125438 -0.8336430081444869
vn -0.9089635293282958 0.19080812405394623 -0.3706447924172983
vn -0.9855544783500086 -0.13167869812012342 -0.10650394671387434
vn -0.5042591622777866 -0.5212007024773215 0.6885292477419183
vn -0.39774020647318153 -0.6426672397613542 0.6548141317138728
vn 0.5284191648603528 -0.830461661905773 0.17637067305249288
vn 0.7083516106435431 -0.5094714758899027 -0.4885456078538244
vn 0.5882598497402882 -0.4903228346633272 -0.6430659896085728
vn -0.3353797998844594 0.10341489435191344 -0.9363897422845056
vn 0.3466921050592993 0.8755940720138468 0.3363623126091305
vn -0.20881884664643896 -0.9566657415961534 -0.20294173582960526
usemtl m_ae8f1fa5-f93b-b5a2-effc-f23621a55fd9
f 328/1181/301 326/1182/301 324/1183/301
f 326/1184/302 328/1185/302 329/1186/302 327/1187/302
f 327/1188/303 329/1189/303 325/1190/303
f 330/1191/304 328/1192/304 324/1193/304
f 328/1194/305 330/1195/305 331/1196/305 329/1197/305
f 329/1198/306 331/1199/306 325/1200/306
f 332/1201/307 330/1202/307 324/1203/307
f 330/1204/308 332/1205/308 333/1206/308 331/1207/308
f 331/1208/309 333/1209/309 325/1210/309
f 334/1211/310 332/1212/310 324/1213/310
f 332/1214/311 334/1215/311 335/1216/311 333/1217/311
f 333/1218/312 335/1219/312 325/1220/312
f 336/1221/313 334/1222/313 324/1223/313
f 334/1224/314 336/1225/314 337/1226/314 335/1227/314
f 335/1228/315 337/1229/315 325/1230/315
f 338/1231/316 336/1232/316 324/1233/316
f 336/1234/317 338/1235/317 339/1236/317 337/1237/317
f 337/1238/318 339/1239/318 325/1240/318
f 340/1241/319 338/1242/319 324/1243/319
f 338/1244/320 340/1245/320 341/1246/320 339/1247/320
f 339/1248/321 341/1249/321 325/1250/321
f 342/1251/322 340/1252/322 324/1253/322
f 340/1254/323 342/1255/323 343/1256/323 341/1257/323
f 341/1258/324 343/1259/324 325/1260/324
f 344/1261/325 342/1262/325 324/1263/325
f 342/1264/326 344/1265/326 345/1266/326 343/1267/326
f 343/1268/327 345/1269/327 325/1270/327
f 346/1271/328 344/1272/328 324/1273/328
f 344/1274/329 346/1275/329 347/1276/329 345/1277/329
f 345/1278/330 347/1279/330 325/1280/330
f 348/1281/331 346/1282/331 324/1283/331
f 346/1284/332 348/1285/332 349/1286/332 347/1287/332
f 347/1288/333 349/1289/333 325/1290/333
f 326/1291/334 348/1292/334 324/1293/334
f 348/1294/335 326/1295/335 327/1296/335 349/1297/335
f 349/1298/336 327/1299/336 325/1300/336
f 354/1301/337 352/1302/337 350/1303/337
f 352/1304/338 354/1305/338 355/1306/338 353/1307/338
f 353/1308/339 355/1309/339 351/1310/339
f 356/1311/340 354/1312/340 350/1313/340
f 354/1314/341 356/1315/341 357/1316/341 355/1317/341
f 355/1318/342 357/1319/342 351/1320/342
f 358/1321/343 356/1322/343 350/1323/343
f 356/1324/344 358/1325/344 359/1326/344 357/1327/344
f 357/1328/345 359/1329/345 351/1330/345
f 360/1331/346 358/1332/346 350/1333/346
f 358/1334/347 360/1335/347 361/1336/347 359/1337/347
f 359/1338/348 361/1339/348 351/1340/348
f 362/1341/349 360/1342/349 350/1343/349
f 360/1344/350 362/1345/350 363/1346/350 361/1347/350
f 361/1348/351 363/1349/351 351/1350/351
f 364/1351/352 362/1352/352 350/1353/352
f 362/1354/353 364/1355/353 365/1356/353 363/1357/353
f 363/1358/354 365/1359/354 351/1360/354
f 366/1361/355 364/1362/355 350/1363/355
f 364/1364/356 366/1365/356 367/1366/356 365/1367/356
f 365/1368/357 367/1369/357 351/1370/357
f 368/1371/358 366/1372/358 350/1373/358
f 366/1374/359 368/1375/359 369/1376/359 367/1377/359
f 367/1378/360 369/1379/360 351/1380/360
f 370/1381/361 368/1382/361 350/1383/361
f 368/1384/362 370/1385/362 371/1386/362 369/1387/362
f 369/1388/363 371/1389/363 351/1390/363
f 372/1391/364 370/1392/364 350/1393/364
f 370/1394/365 372/1395/365 373/1396/365 371/1397/365
f 371/1398/366 373/1399/366 351/1400/366
f 374/1401/367 372/1402/367 350/1403/367
f 372/1404/368 374/1405/368 375/1406/368 373/1407/368
f 373/1408/369 375/1409/369 351/1410/369
f 352/1411/370 374/1412/370 350/1413/370
f 374/1414/371 352/1415/371 353/1416/371 375/1417/371
f 375/1418/372 353/1419/372 351/1420/372
f 380/1421/373 378/1422/373 376/1423/373
f 378/1424/374 380/1425/374 381/1426/374 379/1427/374
f 379/1428/375 381/1429/375 377/1430/375
f 382/1431/376 380/1432/376 376/1433/376
f 380/1434/377 382/1435/377 383/1436/377 381/1437/377
f 381/1438/378 383/1439/378 377/1440/378
f 384/1441/379 382/1442/379 376/1443/379
f 382/1444/380 384/1445/380 385/1446/380 383/1447/380
f 383/1448/381 385/1449/381 377/1450/381
f 386/1451/382 384/1452/382 376/1453/382
f 384/1454/383 386/1455/383 387/1456/383 385/1457/383
f 385/1458/384 387/1459/384 377/1460/384
f 388/1461/385 386/1462/385 376/1463/385
f 386/1464/386 388/1465/386 389/1466/386 387/1467/386
f 387/1468/387 389/1469/387 377/1470/387
f 390/1471/388 388/1472/388 376/1473/388
f 388/1474/389 390/1475/389 391/1476/389 389/1477/389
f 389/1478/390 391/1479/390 377/1480/390
f 392/1481/391 390/1482/391 376/1483/391
f 390/1484/392 392/1485/392 393/1486/392 391/1487/392
f 391/1488/393 393/1489/393 377/1490/393
f 394/1491/394 392/1492/394 376/1493/394
f 392/1494/395 394/1495/395 395/1496/395 393/1497/395
f 393/1498/396 395/1499/396 377/1500/396
f 396/1501/397 394/1502/397 376/1503/397
f 394/1504/398 396/1505/398 397/1506/398 395/1507/398
f 395/1508/399 397/1509/399 377/1510/399
f 398/1511/400 396/1512/400 376/1513/400
f 396/1514/401 398/1515/401 399/1516/401 397/1517/401
f 397/1518/402 399/1519/402 377/1520/402
f 400/1521/403 398/1522/403 376/1523/403
f 398/1524/404 400/1525/404 401/1526/404 399/1527/404
f 399/1528/405 401/1529/405 377/1530/405
f 378/1531/406 400/1532/406 376/1533/406
f 400/1534/407 378/1535/407 379/1536/407 401/1537/407
f 401/1538/408 379/1539/408 377/1540/408
f 406/1541/409 404/1542/409 402/1543/409
f 404/1544/410 406/1545/410 407/1546/410 405/1547/410
f 405/1548/411 407/1549/411 403/1550/411
f 408/1551/412 406/1552/412 402/1553/412
f 406/1554/413 408/1555/413 409/1556/413 407/1557/413
f 407/1558/414 409/1559/414 403/1560/414
f 410/1561/415 408/1562/415 402/1563/415
f 408/1564/416 410/1565/416 411/1566/416 409/1567/416
f 409/1568/417 411/1569/417 403/1570/417
f 412/1571/418 410/1572/418 402/1573/418
f 410/1574/419 412/1575/419 413/1576/419 411/1577/419
f 411/1578/420 413/1579/420 403/1580/420
f 414/1581/421 412/1582/421 402/1583/421
f 412/1584/422 414/1585/422 415/1586/422 413/1587/422
f 413/1588/423 415/1589/423 403/1590/423
f 416/1591/424 414/1592/424 402/1593/424
f 414/1594/425 416/1595/425 417/1596/425 415/1597/425
f 415/1598/426 417/1599/426 403/1600/426
f 418/1601/427 416/1602/427 402/1603/427
f 416/1604/428 418/1605/428 419/1606/428 417/1607/428
f 417/1608/429 419/1609/429 403/1610/429
f 420/1611/430 418/1612/430 402/1613/430
f 418/1614/431 420/1615/431 421/1616/431 419/1617/431
f 419/1618/432 421/1619/432 403/1620/432
f 422/1621/433 420/1622/433 402/1623/433
f 420/1624/434 422/1625/434 423/1626/434 421/1627/434
f 421/1628/435 423/1629/435 403/1630/435
f 424/1631/436 422/1632/436 402/1633/436
f 422/1634/437 424/1635/437 425/1636/437 423/1637/437
f 423/1638/438 425/1639/438 403/1640/438
f 426/1641/439 424/1642/439 402/1643/439
f 424/1644/440 426/1645/440 427/1646/440 425/1647/440
f 425/1648/441 427/1649/441 403/1650/441
f 404/1651/442 426/1652/442 402/1653/442
f 426/1654/443 404/1655/443 405/1656/443 427/1657/443
f 427/1658/444 405/1659/444 403/1660/444
f 428/1661/445 429/1662/445 437/1663/445 436/1664/445
f 429/1665/446 430/1666/446 438/1667/446 437/1668/446
f 430/1669/447 431/1670/447 439/1671/447 438/1672/447
f 431/1673/448 432/1674/448 440/1675/448 439/1676/448
f 432/1677/449 433/1678/449 441/1679/449 440/1680/449
f 433/1681/450 434/1682/450 442/1683/450 441/1684/450
f 434/1685/451 435/1686/451 443/1687/451 442/1688/451
f 435/1689/452 428/1690/452 436/1691/452 443/1692/452
f 436/1693/453 437/1694/453 445/1695/453 444/1696/453
f 437/1697/454 438/1698/454 446/1699/454 445/1700/454
f 438/1701/455 439/1702/455 447/1703/455 446/1704/455
f 439/1705/456 440/1706/456 448/1707/456 447/1708/456
f 440/1709/457 441/1710/457 449/1711/457 448/1712/457
f 441/1713/458 442/1714/458 450/1715/458 449/1716/458
f 442/1717/459 443/1718/459 451/1719/459 450/1720/459
f 443/1721/460 436/1722/460 444/1723/460 451/1724/460
f 444/1725/461 445/1726/461 453/1727/461 452/1728/461
f 445/1729/462 446/1730/462 454/1731/462 453/1732/462
f 446/1733/463 447/1734/463 455/1735/463 454/1736/463
f 447/1737/464 448/1738/464 456/1739/464 455/1740/464
f 448/1741/465 449/1742/465 457/1743/465 456/1744/465
f 449/1745/466 450/1746/466 458/1747/466 457/1748/466
f 450/1749/467 451/1750/467 459/1751/467 458/1752/467
f 451/1753/468 444/1754/468 452/1755/468 459/1756/468
f 452/1757/469 453/1758/469 461/1759/469 460/1760/469
f 453/1761/470 454/1762/470 462/1763/470 461/1764/470
f 454/1765/471 455/1766/471 463/1767/471 462/1768/471
f 455/1769/472 456/1770/472 464/1771/472 463/1772/472
f 456/1773/473 457/1774/473 465/1775/473 464/1776/473
f 457/1777/474 458/1778/474 466/1779/474 465/1780/474
f 458/1781/475 459/1782/475 467/1783/475 466/1784/475
f 459/1785/476 452/1786/476 460/1787/476 467/1788/476
f 460/1789/477 461/1790/477 469/1791/477 468/1792/477
f 461/1793/478 462/1794/478 470/1795/478 469/1796/478
f 462/1797/479 463/1798/479 471/1799/479 470/1800/479
f 463/1801/480 464/1802/480 472/1803/480 471/1804/480
f 464/1805/481 465/1806/481 473/1807/481 472/1808/481
f 465/1809/482 466/1810/482 474/1811/482 473/1812/482
f 466/1813/483 467/1814/483 475/1815/483 474/1816/483
f 467/1817/484 460/1818/484 468/1819/484 475/1820/484
f 468/1821/485 469/1822/485 477/1823/485 476/1824/485
f 469/1825/486 470/1826/486 478/1827/486 477/1828/486
f 470/1829/487 471/1830/487 479/1831/487 478/1832/487
f 471/1833/488 472/1834/488 480/1835/488 479/1836/488
f 472/1837/489 473/1838/489 481/1839/489 480/1840/489
f 473/1841/490 474/1842/490 482/1843/490 481/1844/490
f 474/1845/491 475/1846/491 483/1847/491 482/1848/491
f 475/1849/492 468/1850/492 476/1851/492 483/1852/492
f 476/1853/493 477/1854/493 485/1855/493 484/1856/493
f 477/1857/494 478/1858/494 486/1859/494 485/1860/494
f 478/1861/495 479/1862/495 487/1863/495 486/1864/495
f 479/1865/496 480/1866/496 488/1867/496 487/1868/496
f 480/1869/497 481/1870/497 489/1871/497 488/1872/497
f 481/1873/498 482/1874/498 490/1875/498 489/1876/498
f 482/1877/499 483/1878/499 491/1879/499 490/1880/499
f 483/1881/500 476/1882/500 484/1883/500 491/1884/500
f 484/1885/501 485/1886/501 493/1887/501 492/1888/501
f 485/1889/502 486/1890/502 494/1891/502 493/1892/502
f 486/1893/503 487/1894/503 495/1895/503 494/1896/503
f 487/1897/504 488/1898/504 496/1899/504 495/1900/504
f 488/1901/505 489/1902/505 497/1903/505 496/1904/505
f 489/1905/506 490/1906/506 498/1907/506 497/1908/506
f 490/1909/507 491/1910/507 499/1911/507 498/1912/507
f 491/1913/508 484/1914/508 492/1915/508 499/1916/508
f 492/1917/509 493/1918/509 501/1919/509 500/1920/509
f 493/1921/510 494/1922/510 502/1923/510 501/1924/510
f 494/1925/511 495/1926/511 503/1927/511 502/1928/511
f 495/1929/512 496/1930/512 504/1931/512 503/1932/512
f 496/1933/513 497/1934/513 505/1935/513 504/1936/513
f 497/1937/514 498/1938/514 506/1939/514 505/1940/514
f 498/1941/515 499/1942/515 507/1943/515 506/1944/515
f 499/1945/516 492/1946/516 500/1947/516 507/1948/516
f 500/1949/517 501/1950/517 509/1951/517 508/1952/517
f 501/1953/518 502/1954/518 510/1955/518 509/1956/518
f 502/1957/519 503/1958/519 511/1959/519 510/1960/519
f 503/1961/520 504/1962/520 512/1963/520 511/1964/520
f 504/1965/521 505/1966/521 513/1967/521 512/1968/521
f 505/1969/522 506/1970/522 514/1971/522 513/1972/522
f 506/1973/523 507/1974/523 515/1975/523 514/1976/523
f 507/1977/524 500/1978/524 508/1979/524 515/1980/524
f 508/1981/525 509/1982/525 517/1983/525 516/1984/525
f 509/1985/526 510/1986/526 518/1987/526 517/1988/526
f 510/1989/527 511/1990/527 519/1991/527 518/1992/527
f 511/1993/528 512/1994/528 520/1995/528 519/1996/528
f 512/1997/529 513/1998/529 521/1999/529 520/2000/529
f 513/2001/530 514/2002/530 522/2003/530 521/2004/530
f 514/2005/531 515/2006/531 523/2007/531 522/2008/531
f 515/2009/532 508/2010/532 516/2011/532 523/2012/532
f 516/2013/533 517/2014/533 429/2015/533 428/2016/533
f 517/2017/534 518/2018/534 430/2019/534 429/2020/534
f 518/2021/535 519/2022/535 431/2023/535 430/2024/535
f 519/2025/536 520/2026/536 432/2027/536 431/2028/536
f 520/2029/537 521/2030/537 433/2031/537 432/2032/537
f 521/2033/538 522/2034/538 434/2035/538 433/2036/538
f 522/2037/539 523/2038/539 435/2039/539 434/2040/539
f 523/2041/540 516/2042/540 428/2043/540 435/2044/540
f 524/2045/541 525/2046/541 526/2047/541 527/2048/541
f 527/2049/542 526/2050/542 528/2051/542 529/2052/542
f 529/2053/543 528/2054/543 530/2055/543 531/2056/543
f 531/2057/544 530/2058/544 532/2059/544 533/2060/544
f 533/2061/545 532/2062/545 534/2063/545 535/2064/545
f 535/2065/546 534/2066/546 536/2067/546 537/2068/546
f 537/2069/547 536/2070/547 538/2071/547 539/2072/547
f 539/2073/548 538/2074/548 525/2075/548 524/2076/548
f 525/2077/549 540/2078/549 541/2079/549 526/2080/549
f 526/2081/550 541/2082/550 542/2083/550 528/2084/550
f 528/2085/551 542/2086/551 543/2087/551 530/2088/551
f 530/2089/552 543/2090/552 544/2091/552 532/2092/552
f 532/2093/553 544/2094/553 545/2095/553 534/2096/553
f 534/2097/554 545/2098/554 546/2099/554 536/2100/554
f 536/2101/555 546/2102/555 547/2103/555 538/2104/555
f 538/2105/556 547/2106/556 540/2107/556 525/2108/556
f 540/2109/557 548/2110/557 549/2111/557 541/2112/557
f 541/2113/558 549/2114/558 550/2115/558 542/2116/558
f 542/2117/559 550/2118/559 551/2119/559 543/2120/559
f 543/2121/560 551/2122/560 552/2123/560 544/2124/560
f 544/2125/561 552/2126/561 553/2127/561 545/2128/561
f 545/2129/562 553/2130/562 554/2131/562 546/2132/562
f 546/2133/563 554/2134/563 555/2135/563 547/2136/563
f 547/2137/564 555/2138/564 548/2139/564 540/2140/564
f 548/2141/565 556/2142/565 557/2143/565 549/2144/565
f 549/2145/566 557/2146/566 558/2147/566 550/2148/566
f 550/2149/567 558/2150/567 559/2151/567 551/2152/567
f 551/2153/568 559/2154/568 560/2155/568 552/2156/568
f 552/2157/569 560/2158/569 561/2159/569 553/2160/569
f 553/2161/570 561/2162/570 562/2163/570 554/2164/570
f 554/2165/571 562/2166/571 563/2167/571 555/2168/571
f 555/2169/572 563/2170/572 556/2171/572 548/2172/572
f 527/2173/573 564/2174/573 524/2175/573
f 529/2176/574 564/2177/574 527/2178/574
f 531/2179/575 564/2180/575 529/2181/575
f 533/2182/576 564/2183/576 531/2184/576
f 535/2185/577 564/2186/577 533/2187/577
f 537/2188/578 564/2189/578 535/2190/578
f 539/2191/579 564/2192/579 537/2193/579
f 524/2194/580 564/2195/580 539/2196/580
f 556/2197/581 565/2198/581 557/2199/581
f 557/2200/582 565/2201/582 558/2202/582
f 558/2203/583 565/2204/583 559/2205/583
f 559/2206/584 565/2207/584 560/2208/584
f 560/2209/585 565/2210/585 561/2211/585
f 561/2212/586 565/2213/586 562/2214/586
f 562/2215/587 565/2216/587 563/2217/587
f 563/2218/588 565/2219/588 556/2220/588
f 566/2221/589 567/2222/589 568/2223/589 569/2224/589
f 569/2225/590 568/2226/590 570/2227/590 571/2228/590
f 571/2229/591 570/2230/591 572/2231/591
f 571/2232/592 572/2233/592 573/2234/592 574/2235/592
f 574/2236/593 573/2237/593 575/2238/593 576/2239/593
f 576/2240/594 575/2241/594 577/2242/594 578/2243/594
f 578/2244/595 577/2245/595 579/2246/595
f 578/2247/596 579/2248/596 567/2249/596 566/2250/596
f 567/2251/597 580/2252/597 581/2253/597 568/2254/597
f 568/2255/598 581/2256/598 582/2257/598 570/2258/598
f 570/2259/599 582/2260/599 583/2261/599 572/2262/599
f 572/2263/600 583/2264/600 584/2265/600 573/2266/600
f 573/2267/601 584/2268/601 585/2269/601 575/2270/601
f 575/2271/602 585/2272/602 586/2273/602 577/2274/602
f 577/2275/603 586/2276/603 587/2277/603 579/2278/603
f 579/2279/604 587/2280/604 580/2281/604 567/2282/604
f 580/2283/605 588/2284/605 589/2285/605 581/2286/605
f 581/2287/606 589/2288/606 590/2289/606 582/2290/606
f 582/2291/607 590/2292/607 591/2293/607 583/2294/607
f 583/2295/608 591/2296/608 592/2297/608 584/2298/608
f 584/2299/609 592/2300/609 593/2301/609 585/2302/609
f 585/2303/610 593/2304/610 594/2305/610 586/2306/610
f 586/2307/611 594/2308/611 595/2309/611 587/2310/611
f 587/2311/612 595/2312/612 588/2313/612 580/2314/612
f 588/2315/613 596/2316/613 597/2317/613 589/2318/613
f 589/2319/614 597/2320/614 598/2321/614 590/2322/614
f 590/2323/615 598/2324/615 599/2325/615 591/2326/615
f 591/2327/616 599/2328/616 600/2329/616 592/2330/616
f 592/2331/617 600/2332/617 601/2333/617 593/2334/617
f 593/2335/618 601/2336/618 602/2337/618 594/2338/618
f 594/2339/619 602/2340/619 603/2341/619 595/2342/619
f 595/2343/620 603/2344/620 596/2345/620 588/2346/620
f 578/2347/621 571/2348/621 574/2349/621 576/2350/621
f 604/2351/622 605/2352/622 606/2353/622 607/2354/622
f 607/2355/623 606/2356/623 608/2357/623 609/2358/623
f 609/2359/624 608/2360/624 610/2361/624 611/2362/624
f 611/2363/625 610/2364/625 612/2365/625 613/2366/625
f 613/2367/626 612/2368/626 614/2369/626 615/2370/626
f 615/2371/627 614/2372/627 616/2373/627 617/2374/627
f 617/2375/628 616/2376/628 618/2377/628 619/2378/628
f 619/2379/629 618/2380/629 605/2381/629 604/2382/629
f 605/2383/630 620/2384/630 621/2385/630 606/2386/630
f 606/2387/631 621/2388/631 622/2389/631 608/2390/631
f 608/2391/632 622/2392/632 623/2393/632 610/2394/632
f 610/2395/633 623/2396/633 624/2397/633 612/2398/633
f 612/2399/634 624/2400/634 625/2401/634 614/2402/634
f 614/2403/635 625/2404/635 626/2405/635 616/2406/635
f 616/2407/636 626/2408/636 627/2409/636 618/2410/636
f 618/2411/637 627/2412/637 620/2413/637 605/2414/637
f 620/2415/638 628/2416/638 629/2417/638 621/2418/638
f 621/2419/639 629/2420/639 630/2421/639 622/2422/639
f 622/2423/640 630/2424/640 631/2425/640 623/2426/640
f 623/2427/641 631/2428/641 632/2429/641 624/2430/641
f 624/2431/642 632/2432/642 633/2433/642 625/2434/642
f 625/2435/643 633/2436/643 634/2437/643 626/2438/643
f 626/2439/644 634/2440/644 635/2441/644 627/2442/644
f 627/2443/645 635/2444/645 628/2445/645 620/2446/645
f 628/2447/646 636/2448/646 629/2449/646
f 629/2450/647 636/2451/647 637/2452/647 630/2453/647
f 630/2454/648 637/2455/648 638/2456/648 631/2457/648
f 631/2458/649 638/2459/649 639/2460/649 632/2461/649
f 632/2462/650 639/2463/650 633/2464/650
f 633/2465/651 639/2466/651 640/2467/651 634/2468/651
f 634/2469/652 640/2470/652 641/2471/652 635/2472/652
f 635/2473/653 641/2474/653 636/2475/653 628/2476/653
f 636/2477/654 639/2478/654 638/2479/654 637/2480/654
f 642/2481/655 604/2482/655 607/2483/655
f 642/2484/656 607/2485/656 609/2486/656 643/2487/656
f 643/2488/657 609/2489/657 611/2490/657
f 643/2491/658 611/2492/658 613/2493/658 644/2494/658
f 644/2495/659 613/2496/659 615/2497/659 645/2498/659
f 645/2499/660 615/2500/660 617/2501/660
f 645/2502/661 617/2503/661 619/2504/661 646/2505/661
f 646/2506/662 619/2507/662 604/2508/662 642/2509/662
f 597/2510/663 642/2511/663 598/2512/663
f 598/2513/664 642/2514/664 643/2515/664 599/2516/664
f 599/2517/665 643/2518/665 600/2519/665
f 600/2520/666 643/2521/666 644/2522/666 601/2523/666
f 601/2524/667 644/2525/667 645/2526/667 602/2527/667
f 602/2528/668 645/2529/668 603/2530/668
f 603/2531/669 645/2532/669 646/2533/669 596/2534/669
f 596/2535/670 646/2536/670 642/2537/670 597/2538/670
f 578/2539/671 566/2540/671 569/2541/671 571/2542/671
f 641/2543/672 640/2544/672 639/2545/672 636/2546/672
o obj_consumable_chemical_selection
v 0.3883555311394576 0.0928799149840595 0
v 0.3883555311394576 -0.221413390010627 0
v 0.35876031729017044 -0.221413390010627 0.1522664555002167
v 0.35876031729017044 0.0928799149840595 0.1522664555002167
v 0 0.0928799149840595 0.3978591732796399
v 0 0.16275239107332623 0.3855563731225906
v 0.14400659234644658 0.16275239107332623 0.3562149668902973
v 0.14862927430592776 0.0928799149840595 0.3675397201729368
v -0.14857902776288992 0.0928799149840595 0.3675397201729368
v -0.14400659234644658 0.16275239107332623 0.3562149668902973
v -0.27459735770179017 0.0928799149840595 0.2813171667710224
v -0.26610569192839534 0.16275239107332623 0.2726176972039039
v -0.35876031729017044 0.0928799149840595 0.1522664555002167
v -0.347655831278808 0.16275239107332623 0.147530649582022
v -0.3883052845964198 0.0928799149840595 0
v -0.37634660735341413 0.16275239107332623 0
v -0.35876031729017044 0.0928799149840595 -0.1522664555002167
v -0.347655831278808 0.16275239107332623 -0.147530649582022
v -0.27459735770179017 0.0928799149840595 -0.2813171667710224
v -0.26610569192839534 0.16275239107332623 -0.2726176972039039
v -0.14857902776288992 0.0928799149840595 -0.3675397201729368
v -0.14400659234644658 0.16275239107332623 -0.3562149668902973
v 0 0.0928799149840595 -0.3978591732796399
v 0 0.16275239107332623 -0.3855563731225906
v 0.14862927430592776 0.0928799149840595 -0.3675397201729368
v 0.14400659234644658 0.16275239107332623 -0.3562149668902973
v 0.27459735770179017 0.0928799149840595 -0.2813171667710224
v 0.26610569192839534 0.16275239107332623 -0.2726176972039039
v 0.35876031729017044 0.0928799149840595 -0.1522664555002167
v 0.3477060778218458 0.16275239107332623 -0.147530649582022
v 0.26610569192839534 0.16275239107332623 0.2726176972039039
v 0.27459735770179017 0.0928799149840595 0.2813171667710224
v 0.3477060778218458 0.16275239107332623 0.147530649582022
v 0.35876031729017044 -0.221413390010627 -0.1522664555002167
v 0.27459735770179017 -0.221413390010627 0.2813171667710224
v 0.14862927430592776 -0.221413390010627 0.3675397201729368
v 0 -0.221413390010627 0.3978591732796399
v -0.14857902776288992 -0.221413390010627 0.3675397201729368
v -0.27459735770179017 -0.221413390010627 0.2813171667710224
v -0.35876031729017044 -0.221413390010627 0.1522664555002167
v -0.3883052845964198 -0.221413390010627 0
v -0.35876031729017044 -0.221413390010627 -0.1522664555002167
v -0.27459735770179017 -0.221413390010627 -0.2813171667710224
v -0.14857902776288992 -0.221413390010627 -0.3675397201729368
v 0 -0.221413390010627 -0.3978591732796399
v 0.14862927430592776 -0.221413390010627 -0.3675397201729368
v 0.27459735770179017 -0.221413390010627 -0.2813171667710224
v 0.31595026262193165 0.1981934112646121 0.134043897945424
v 0.34197797191553225 0.1981934112646121 0
v 0.37634660735341413 0.16275239107332623 0
v 0.31595026262193165 0.1981934112646121 -0.134043897945424
v 0.2417863650980813 0.1981934112646121 0.24770323998209692
v 0.1308922446135706 0.1981934112646121 0.32363056312706634
v 0 0.1981934112646121 0.35029520949255394
v -0.13084199807053273 0.1981934112646121 0.32363056312706634
v -0.2417863650980813 0.1981934112646121 0.24770323998209692
v -0.31590001607889373 0.1981934112646121 0.134043897945424
v -0.3419277253724944 0.1981934112646121 0
v -0.31590001607889373 0.1981934112646121 -0.134043897945424
v -0.2417863650980813 0.1981934112646121 -0.24770323998209692
v -0.13084199807053273 0.1981934112646121 -0.32363056312706634
v 0 0.1981934112646121 -0.35029520949255394
v 0.1308922446135706 0.1981934112646121 -0.32363056312706634
v 0.2417863650980813 0.1981934112646121 -0.24770323998209692
v 0.14400659234644658 -0.2913390010626993 0.3562149668902973
v 0 -0.2913390010626993 0.3855563731225906
v -0.14400659234644658 -0.2913390010626993 0.3562149668902973
v -0.26610569192839534 -0.2913390010626993 0.2726176972039039
v -0.347655831278808 -0.2913390010626993 0.147530649582022
v -0.37634660735341413 -0.2913390010626993 0
v -0.347655831278808 -0.2913390010626993 -0.147530649582022
v -0.26610569192839534 -0.2913390010626993 -0.2726176972039039
v -0.14400659234644658 -0.2913390010626993 -0.3562149668902973
v 0 -0.2913390010626993 -0.3855563731225906
v 0.14400659234644658 -0.2913390010626993 -0.3562149668902973
v 0.26610569192839534 -0.2913390010626993 -0.2726176972039039
v 0.3477060778218458 -0.2913390010626993 -0.147530649582022
v 0.26610569192839534 -0.2913390010626993 0.2726176972039039
v 0.3477060778218458 -0.2913390010626993 0.147530649582022
v 0.37634660735341413 -0.2913390010626993 0
v 0.34197797191553225 -0.3267800212539851 0
v 0.31595026262193165 -0.3267800212539851 0.134043897945424
v 0.31595026262193165 -0.3267800212539851 -0.134043897945424
v 0.2417863650980813 -0.3267800212539851 0.24770323998209692
v 0.1308922446135706 -0.3267800212539851 0.3236820392783511
v 0 -0.3267800212539851 0.35034668564383864
v -0.13084199807053273 -0.3267800212539851 0.3236820392783511
v -0.2417863650980813 -0.3267800212539851 0.24770323998209692
v -0.31590001607889373 -0.3267800212539851 0.134043897945424
v -0.3419277253724944 -0.3267800212539851 0
v -0.31590001607889373 -0.3267800212539851 -0.134043897945424
v -0.2417863650980813 -0.3267800212539851 -0.24770323998209692
v -0.13084199807053273 -0.3267800212539851 -0.3236820392783511
v 0 -0.3267800212539851 -0.35034668564383864
v 0.1308922446135706 -0.3267800212539851 -0.3236820392783511
v 0.2417863650980813 -0.3267800212539851 -0.24770323998209692
vt 0.219448 0.5524994999999999
vt 0.2194475 0.515667
vt 0.2368465 0.515667
vt 0.236847 0.5524994999999999
vt 0.287645 0.5524994999999999
vt 0.2876455 0.5606895000000001
vt 0.270747 0.5606895000000001
vt 0.2707415 0.5524994999999999
vt 0.304548 0.5524994999999999
vt 0.304548 0.5606895000000001
vt 0.2876455 0.5606895000000001
vt 0.287645 0.5524994999999999
vt 0.32145 0.5524994999999999
vt 0.3214505 0.5606895000000001
vt 0.304548 0.5606895000000001
vt 0.304548 0.5524994999999999
vt 0.338352 0.5524994999999999
vt 0.338352 0.5606895000000001
vt 0.3214505 0.5606895000000001
vt 0.32145 0.5524994999999999
vt 0.3552545 0.5524994999999999
vt 0.3552545 0.5606895000000001
vt 0.338352 0.5606895000000001
vt 0.338352 0.5524994999999999
vt 0.372157 0.5524994999999999
vt 0.372157 0.5606895000000001
vt 0.3552545 0.5606895000000001
vt 0.3552545 0.5524994999999999
vt 0.389059 0.5524994999999999
vt 0.389059 0.5606895000000001
vt 0.372157 0.5606895000000001
vt 0.372157 0.5524994999999999
vt 0.4059615 0.5524994999999999
vt 0.4059615 0.5606895000000001
vt 0.389059 0.5606895000000001
vt 0.389059 0.5524994999999999
vt 0.4228645 0.5524994999999999
vt 0.4228635 0.5606895000000001
vt 0.4059615 0.5606895000000001
vt 0.4059615 0.5524994999999999
vt 0.439768 0.5524994999999999
vt 0.4397625 0.5606895000000001
vt 0.4228635 0.5606895000000001
vt 0.4228645 0.5524994999999999
vt 0.456682 0.5524994999999999
vt 0.456647 0.5606895000000001
vt 0.4397625 0.5606895000000001
vt 0.439768 0.5524994999999999
vt 0.4736625 0.5524994999999999
vt 0.473439 0.5606895000000001
vt 0.456647 0.5606895000000001
vt 0.456682 0.5524994999999999
vt 0.2707415 0.5524994999999999
vt 0.270747 0.5606895000000001
vt 0.2538625 0.5606895000000001
vt 0.253827 0.5524994999999999
vt 0.253827 0.5524994999999999
vt 0.2538625 0.5606895000000001
vt 0.23707 0.5606895000000001
vt 0.236847 0.5524994999999999
vt 0.4736625 0.5524994999999999
vt 0.4736625 0.515667
vt 0.4910615 0.515667
vt 0.4910615 0.5524994999999999
vt 0.236847 0.5524994999999999
vt 0.2368465 0.515667
vt 0.253827 0.515667
vt 0.253827 0.5524994999999999
vt 0.253827 0.5524994999999999
vt 0.253827 0.515667
vt 0.270741 0.515667
vt 0.2707415 0.5524994999999999
vt 0.2707415 0.5524994999999999
vt 0.270741 0.515667
vt 0.287645 0.515667
vt 0.287645 0.5524994999999999
vt 0.287645 0.5524994999999999
vt 0.287645 0.515667
vt 0.3045475 0.515667
vt 0.304548 0.5524994999999999
vt 0.304548 0.5524994999999999
vt 0.3045475 0.515667
vt 0.32145 0.515667
vt 0.32145 0.5524994999999999
vt 0.32145 0.5524994999999999
vt 0.32145 0.515667
vt 0.338352 0.515667
vt 0.338352 0.5524994999999999
vt 0.338352 0.5524994999999999
vt 0.338352 0.515667
vt 0.3552545 0.515667
vt 0.3552545 0.5524994999999999
vt 0.3552545 0.5524994999999999
vt 0.3552545 0.515667
vt 0.372157 0.515667
vt 0.372157 0.5524994999999999
vt 0.372157 0.5524994999999999
vt 0.372157 0.515667
vt 0.389059 0.515667
vt 0.389059 0.5524994999999999
vt 0.389059 0.5524994999999999
vt 0.389059 0.515667
vt 0.4059615 0.515667
vt 0.4059615 0.5524994999999999
vt 0.4059615 0.5524994999999999
vt 0.4059615 0.515667
vt 0.422864 0.515667
vt 0.4228645 0.5524994999999999
vt 0.4228645 0.5524994999999999
vt 0.422864 0.515667
vt 0.439768 0.515667
vt 0.439768 0.5524994999999999
vt 0.456682 0.5524994999999999
vt 0.456682 0.515667
vt 0.4736625 0.515667
vt 0.4736625 0.5524994999999999
vt 0.23707 0.5606895000000001
vt 0.2371915 0.5648455
vt 0.221923 0.5648455
vt 0.2206865 0.5606895000000001
vt 0.4898225 0.5606895000000001
vt 0.4885865 0.5648455
vt 0.473318 0.5648455
vt 0.473439 0.5606895000000001
vt 0.2538625 0.5606895000000001
vt 0.2538785 0.5648455
vt 0.2371915 0.5648455
vt 0.23707 0.5606895000000001
vt 0.270747 0.5606895000000001
vt 0.270749 0.5648455
vt 0.2538785 0.5648455
vt 0.2538625 0.5606895000000001
vt 0.2876455 0.5606895000000001
vt 0.287646 0.5648455
vt 0.270749 0.5648455
vt 0.270747 0.5606895000000001
vt 0.304548 0.5606895000000001
vt 0.304548 0.5648455
vt 0.287646 0.5648455
vt 0.2876455 0.5606895000000001
vt 0.3214505 0.5606895000000001
vt 0.3214505 0.5648455
vt 0.304548 0.5648455
vt 0.304548 0.5606895000000001
vt 0.338352 0.5606895000000001
vt 0.338352 0.5648455
vt 0.3214505 0.5648455
vt 0.3214505 0.5606895000000001
vt 0.3552545 0.5606895000000001
vt 0.3552545 0.5648455
vt 0.338352 0.5648455
vt 0.338352 0.5606895000000001
vt 0.372157 0.5606895000000001
vt 0.3721575 0.5648455
vt 0.3552545 0.5648455
vt 0.3552545 0.5606895000000001
vt 0.389059 0.5606895000000001
vt 0.3890585 0.5648455
vt 0.3721575 0.5648455
vt 0.372157 0.5606895000000001
vt 0.4059615 0.5606895000000001
vt 0.405961 0.5648455
vt 0.3890585 0.5648455
vt 0.389059 0.5606895000000001
vt 0.4228635 0.5606895000000001
vt 0.422863 0.5648455
vt 0.405961 0.5648455
vt 0.4059615 0.5606895000000001
vt 0.4397625 0.5606895000000001
vt 0.43976 0.5648455
vt 0.422863 0.5648455
vt 0.4228635 0.5606895000000001
vt 0.456647 0.5606895000000001
vt 0.456631 0.5648455
vt 0.43976 0.5648455
vt 0.4397625 0.5606895000000001
vt 0.473439 0.5606895000000001
vt 0.473318 0.5648455
vt 0.456631 0.5648455
vt 0.456647 0.5606895000000001
vt 0.236847 0.5524994999999999
vt 0.23707 0.5606895000000001
vt 0.2206865 0.5606895000000001
vt 0.219448 0.5524994999999999
vt 0.4910615 0.5524994999999999
vt 0.4898225 0.5606895000000001
vt 0.473439 0.5606895000000001
vt 0.4736625 0.5524994999999999
vt 0.287645 0.515667
vt 0.270741 0.515667
vt 0.2707465 0.5074765
vt 0.2876455 0.5074765
vt 0.3045475 0.515667
vt 0.287645 0.515667
vt 0.2876455 0.5074765
vt 0.304548 0.5074765
vt 0.32145 0.515667
vt 0.3045475 0.515667
vt 0.304548 0.5074765
vt 0.3214505 0.5074765
vt 0.338352 0.515667
vt 0.32145 0.515667
vt 0.3214505 0.5074765
vt 0.338352 0.5074765
vt 0.3552545 0.515667
vt 0.338352 0.515667
vt 0.338352 0.5074765
vt 0.3552545 0.5074765
vt 0.372157 0.515667
vt 0.3552545 0.515667
vt 0.3552545 0.5074765
vt 0.372157 0.5074765
vt 0.389059 0.515667
vt 0.372157 0.515667
vt 0.372157 0.5074765
vt 0.389059 0.5074765
vt 0.4059615 0.515667
vt 0.389059 0.515667
vt 0.389059 0.5074765
vt 0.4059615 0.5074765
vt 0.422864 0.515667
vt 0.4059615 0.515667
vt 0.4059615 0.5074765
vt 0.4228635 0.5074765
vt 0.439768 0.515667
vt 0.422864 0.515667
vt 0.4228635 0.5074765
vt 0.4397625 0.5074765
vt 0.456682 0.515667
vt 0.439768 0.515667
vt 0.4397625 0.5074765
vt 0.456647 0.5074765
vt 0.4736625 0.515667
vt 0.456682 0.515667
vt 0.456647 0.5074765
vt 0.473439 0.5074765
vt 0.270741 0.515667
vt 0.253827 0.515667
vt 0.2538625 0.5074765
vt 0.2707465 0.5074765
vt 0.253827 0.515667
vt 0.2368465 0.515667
vt 0.23707 0.5074765
vt 0.2538625 0.5074765
vt 0.456682 0.5524994999999999
vt 0.439768 0.5524994999999999
vt 0.439768 0.515667
vt 0.456682 0.515667
vt 0.23707 0.5074765
vt 0.2206865 0.5074765
vt 0.221923 0.5033215
vt 0.2371915 0.5033215
vt 0.4898225 0.5074765
vt 0.473439 0.5074765
vt 0.473318 0.5033215
vt 0.4885865 0.5033215
vt 0.2538625 0.5074765
vt 0.23707 0.5074765
vt 0.2371915 0.5033215
vt 0.253878 0.5033215
vt 0.2707465 0.5074765
vt 0.2538625 0.5074765
vt 0.253878 0.5033215
vt 0.270749 0.5033215
vt 0.2876455 0.5074765
vt 0.2707465 0.5074765
vt 0.270749 0.5033215
vt 0.287646 0.5033215
vt 0.304548 0.5074765
vt 0.2876455 0.5074765
vt 0.287646 0.5033215
vt 0.304548 0.5033215
vt 0.3214505 0.5074765
vt 0.304548 0.5074765
vt 0.304548 0.5033215
vt 0.3214505 0.5033215
vt 0.338352 0.5074765
vt 0.3214505 0.5074765
vt 0.3214505 0.5033215
vt 0.338352 0.5033215
vt 0.3552545 0.5074765
vt 0.338352 0.5074765
vt 0.338352 0.5033215
vt 0.3552545 0.5033215
vt 0.372157 0.5074765
vt 0.3552545 0.5074765
vt 0.3552545 0.5033215
vt 0.372157 0.5033215
vt 0.389059 0.5074765
vt 0.372157 0.5074765
vt 0.372157 0.5033215
vt 0.3890585 0.5033215
vt 0.4059615 0.5074765
vt 0.389059 0.5074765
vt 0.3890585 0.5033215
vt 0.405961 0.5033215
vt 0.4228635 0.5074765
vt 0.4059615 0.5074765
vt 0.405961 0.5033215
vt 0.422863 0.5033215
vt 0.4397625 0.5074765
vt 0.4228635 0.5074765
vt 0.422863 0.5033215
vt 0.43976 0.5033215
vt 0.456647 0.5074765
vt 0.4397625 0.5074765
vt 0.43976 0.5033215
vt 0.456631 0.5033215
vt 0.473439 0.5074765
vt 0.456647 0.5074765
vt 0.456631 0.5033215
vt 0.473318 0.5033215
vt 0.2368465 0.515667
vt 0.2194475 0.515667
vt 0.2206865 0.5074765
vt 0.23707 0.5074765
vt 0.4910615 0.515667
vt 0.4736625 0.515667
vt 0.473439 0.5074765
vt 0.4898225 0.5074765
vt 0.497747 0.8047854999999999
vt 0.436391 0.8047854999999999
vt 0.4387265 0.7930455000000001
vt 0.495412 0.7930455000000001
vt 0.486971 0.7565565000000001
vt 0.441102 0.7565565000000001
vt 0.434071 0.746034
vt 0.494002 0.746034
vt 0.496471 0.733622
vt 0.431602 0.733622
vt 0.434071 0.7212095000000001
vt 0.494002 0.7212095000000001
vt 0.494002 0.746034
vt 0.434071 0.746034
vt 0.431602 0.733622
vt 0.496471 0.733622
vt 0.4640365 0.7660560000000001
vt 0.4516245 0.7635875
vt 0.4764485 0.7635875
vt 0.4764485 0.7635875
vt 0.4516245 0.7635875
vt 0.441102 0.7565565000000001
vt 0.486971 0.7565565000000001
vt 0.486971 0.7106870000000001
vt 0.441102 0.7106870000000001
vt 0.4516245 0.7036565
vt 0.4764485 0.7036565
vt 0.494002 0.7212095000000001
vt 0.434071 0.7212095000000001
vt 0.441102 0.7106870000000001
vt 0.486971 0.7106870000000001
vt 0.4764485 0.7036565
vt 0.4516245 0.7036565
vt 0.4640365 0.7011875
vt 0.495412 0.8165255
vt 0.4387265 0.8165255
vt 0.436391 0.8047854999999999
vt 0.497747 0.8047854999999999
vt 0.495412 0.7930455000000001
vt 0.4387265 0.7930455000000001
vt 0.4453765 0.7830925
vt 0.488762 0.7830925
vt 0.488762 0.7830925
vt 0.4453765 0.7830925
vt 0.4553295 0.7764424999999999
vt 0.478809 0.7764424999999999
vt 0.478809 0.7764424999999999
vt 0.4553295 0.7764424999999999
vt 0.4670695 0.7741075
vt 0.4553295 0.833128
vt 0.4453765 0.826478
vt 0.488762 0.826478
vt 0.478809 0.833128
vt 0.488762 0.826478
vt 0.4453765 0.826478
vt 0.4387265 0.8165255
vt 0.495412 0.8165255
vt 0.4553295 0.833128
vt 0.478809 0.833128
vt 0.4670695 0.8354635
vn -0.9816300654601565 0 -0.1907941681097432
vn -0.19674174802299366 -0.17001835543092647 -0.9656015966232762
vn 0.19676316496887017 -0.16939541524070784 -0.9657067102422254
vn 0.5568215835632956 -0.1689275716487403 -0.8132731396123467
vn 0.8258289398451439 -0.16773627154457832 -0.5383967917090234
vn 0.9680436825993416 -0.1656807172905444 -0.1882586744285529
vn 0.9678948761395091 -0.16658053728119948 0.18822973554141584
vn 0.8258759185011253 -0.16740633613207037 0.5384274193080802
vn 0.5568850608662342 -0.1682706730641364 0.8133658522279832
vn 0.19674174802299366 -0.17001835543092647 0.9656015966232762
vn -0.19675844700044912 -0.16953284600005392 0.9656835546187446
vn -0.5568215835632956 -0.1689275716487403 0.8132731396123467
vn -0.8257604224020217 -0.16715101778656266 0.5386838238218696
vn -0.5568474933785619 -0.16865976047638137 -0.813310982536239
vn -0.8257226845007892 -0.16741657199970866 -0.5386592055471406
vn -0.9816300654601565 0 0.1907941681097432
vn -0.8376122235907192 0 -0.5462652861855777
vn -0.5648350115664216 0 -0.8252038594848916
vn -0.1998774088194967 0 -0.9798209129446075
vn 0.19994230169116242 0 -0.9798076729616074
vn 0.5646816207195604 0 -0.8253088314210206
vn 0.8376122235907192 0 -0.5462652861855777
vn 0.9816906880031644 0 -0.19048200200510762
vn 0.9816906880031644 0 0.19048200200510762
vn 0.8376122235907192 0 0.5462652861855777
vn 0.5646816207195604 0 0.8253088314210206
vn 0.19994230169116242 0 0.9798076729616074
vn -0.1998774088194967 0 0.9798209129446075
vn -0.8376122235907192 0 0.5462652861855777
vn -0.7109514435234366 -0.6895584869790982 -0.1380475931953859
vn -0.7110098924725567 -0.6894959472167017 0.13805894240470853
vn -0.6045021555421781 -0.6920918590744768 -0.39444391559218545
vn -0.4059887365283269 -0.6953942566483685 -0.5929586609811816
vn -0.1429311159424801 -0.6980640887644527 -0.7016247031518287
vn 0.14297285274542973 -0.6981204031195042 -0.7015601657207277
vn 0.40586173626041966 -0.695397527090802 -0.5930417610553871
vn 0.6047526992868434 -0.6919321488573333 -0.3943400487941214
vn 0.7105158690842507 -0.6900242067409339 -0.13796301638843986
vn 0.7109514435234354 -0.6895584869790994 0.13804759319538593
vn 0.6046444914159128 -0.6920669103161179 0.3942694898744952
vn 0.4056919912701466 -0.695707985139387 0.5927937311009267
vn 0.14298488302577222 -0.6980586112169072 0.701619197664965
vn -0.1429413426325558 -0.6980115338001178 0.7016749042458403
vn -0.40597970260561905 -0.6954107812154123 0.5929454666675708
vn -0.6046463739032354 -0.6919122152719823 0.3945380195660326
vn -0.9680705043722524 -0.16589226023022663 -0.18793418145765703
vn -0.9679918341508226 -0.1663679436088471 0.1879189089918575
vn -0.19698814234159726 0.16941497269136377 -0.9656574127529863
vn 0.19703599494849525 0.16988280351966367 -0.9655654559702083
vn 0.5566406143820728 0.16815770312724038 -0.8135565212690017
vn 0.8258086009757465 0.16728835801137124 -0.5385673215377441
vn 0.9679971951202607 0.16644279308239085 -0.18782499000463349
vn 0.9681411864630353 0.16557149519866612 0.1878529293133977
vn 0.8257631405978869 0.16760790458908484 0.5385376736581858
vn 0.5565792152879326 0.1687938656926307 0.8134667835959913
vn 0.1970567518073123 0.16927948989203934 0.9656671739626664
vn -0.19697196852572607 0.16988503286590628 0.9655781269391154
vn -0.556754964515049 0.1685397695142837 0.8133991981677379
vn -0.8258086009757465 0.16728835801137124 0.5385673215377441
vn -0.5567298894499902 0.16879919739878932 -0.8133625643896617
vn -0.8258451324409762 0.16703111806859078 -0.5385911462513127
vn -0.5648350115664216 0 0.8252038594848916
vn -0.711012703771447 0.689498673450489 -0.1380308457759809
vn -0.7109595972181856 0.68955549649785 0.1380205360551784
vn -0.6046852278442267 0.6919195029140158 -0.39446568509085406
vn -0.4059737447604617 0.6954101121849506 -0.5929503304966464
vn -0.14306685715924988 0.6974906568339814 -0.7021671154446613
vn 0.14305755401963383 0.6975385274778486 -0.7021214559618258
vn 0.4060626051261893 0.6952475357136777 -0.593080116680867
vn 0.6046835082737393 0.6920600642552241 -0.3942216664325007
vn 0.7108906492417925 0.689580759951783 -0.13824926880423008
vn 0.7104949384883792 0.6900038797947803 0.13817231361797788
vn 0.6047818414714887 0.6919376072101114 0.3942857744767122
vn 0.4059737447604617 0.6954101121849506 0.5929503304966464
vn 0.14304661823522993 0.6975947909502211 0.7020677835156529
vn -0.14305755401963383 0.6975385274778486 0.7021214559618258
vn -0.4062251623625664 0.6949499349227478 0.5933175418057142
vn -0.6045541654648233 0.6920827474761365 0.39438018670442027
vn -0.9679713297635303 0.16623800280485188 -0.18813939294915658
vn -0.9680474357254754 0.16577745551119694 0.18815418525657301
vn 0 -1 0
vn 0 1 0
vn 0 1 0
vn 0 1 0
vn 0 1 0
vn 0 1 0
vn 0 1 0
vn 0 1 0
vn 0 1 0
vn 0 -1 0
vn 0 -1 0
vn 0 -1 0
vn 0 -1 0
vn 0 -1 0
vn 0 -1 0
vn 0 -1 0
usemtl m_6e7319ce-df96-1758-b5cc-d0c7245b1dab
f 647/2547/673 648/2548/673 649/2549/673 650/2550/673
f 651/2551/674 652/2552/674 653/2553/674 654/2554/674
f 655/2555/675 656/2556/675 652/2557/675 651/2558/675
f 657/2559/676 658/2560/676 656/2561/676 655/2562/676
f 659/2563/677 660/2564/677 658/2565/677 657/2566/677
f 661/2567/678 662/2568/678 660/2569/678 659/2570/678
f 663/2571/679 664/2572/679 662/2573/679 661/2574/679
f 665/2575/680 666/2576/680 664/2577/680 663/2578/680
f 667/2579/681 668/2580/681 666/2581/681 665/2582/681
f 669/2583/682 670/2584/682 668/2585/682 667/2586/682
f 671/2587/683 672/2588/683 670/2589/683 669/2590/683
f 673/2591/684 674/2592/684 672/2593/684 671/2594/684
f 675/2595/685 676/2596/685 674/2597/685 673/2598/685
f 654/2599/686 653/2600/686 677/2601/686 678/2602/686
f 678/2603/687 677/2604/687 679/2605/687 650/2606/687
f 675/2607/688 680/2608/688 648/2609/688 647/2610/688
f 650/2611/689 649/2612/689 681/2613/689 678/2614/689
f 678/2615/690 681/2616/690 682/2617/690 654/2618/690
f 654/2619/691 682/2620/691 683/2621/691 651/2622/691
f 651/2623/692 683/2624/692 684/2625/692 655/2626/692
f 655/2627/693 684/2628/693 685/2629/693 657/2630/693
f 657/2631/694 685/2632/694 686/2633/694 659/2634/694
f 659/2635/695 686/2636/695 687/2637/695 661/2638/695
f 661/2639/696 687/2640/696 688/2641/696 663/2642/696
f 663/2643/697 688/2644/697 689/2645/697 665/2646/697
f 665/2647/698 689/2648/698 690/2649/698 667/2650/698
f 667/2651/699 690/2652/699 691/2653/699 669/2654/699
f 669/2655/700 691/2656/700 692/2657/700 671/2658/700
f 673/2659/701 693/2660/701 680/2661/701 675/2662/701
f 679/2663/702 694/2664/702 695/2665/702 696/2666/702
f 696/2667/703 695/2668/703 697/2669/703 676/2670/703
f 677/2671/704 698/2672/704 694/2673/704 679/2674/704
f 653/2675/705 699/2676/705 698/2677/705 677/2678/705
f 652/2679/706 700/2680/706 699/2681/706 653/2682/706
f 656/2683/707 701/2684/707 700/2685/707 652/2686/707
f 658/2687/708 702/2688/708 701/2689/708 656/2690/708
f 660/2691/709 703/2692/709 702/2693/709 658/2694/709
f 662/2695/710 704/2696/710 703/2697/710 660/2698/710
f 664/2699/711 705/2700/711 704/2701/711 662/2702/711
f 666/2703/712 706/2704/712 705/2705/712 664/2706/712
f 668/2707/713 707/2708/713 706/2709/713 666/2710/713
f 670/2711/714 708/2712/714 707/2713/714 668/2714/714
f 672/2715/715 709/2716/715 708/2717/715 670/2718/715
f 674/2719/716 710/2720/716 709/2721/716 672/2722/716
f 676/2723/717 697/2724/717 710/2725/717 674/2726/717
f 650/2727/718 679/2728/718 696/2729/718 647/2730/718
f 647/2731/719 696/2732/719 676/2733/719 675/2734/719
f 683/2735/720 682/2736/720 711/2737/720 712/2738/720
f 684/2739/721 683/2740/721 712/2741/721 713/2742/721
f 685/2743/722 684/2744/722 713/2745/722 714/2746/722
f 686/2747/723 685/2748/723 714/2749/723 715/2750/723
f 687/2751/724 686/2752/724 715/2753/724 716/2754/724
f 688/2755/725 687/2756/725 716/2757/725 717/2758/725
f 689/2759/726 688/2760/726 717/2761/726 718/2762/726
f 690/2763/727 689/2764/727 718/2765/727 719/2766/727
f 691/2767/728 690/2768/728 719/2769/728 720/2770/728
f 692/2771/729 691/2772/729 720/2773/729 721/2774/729
f 693/2775/730 692/2776/730 721/2777/730 722/2778/730
f 680/2779/731 693/2780/731 722/2781/731 723/2782/731
f 682/2783/732 681/2784/732 724/2785/732 711/2786/732
f 681/2787/733 649/2788/733 725/2789/733 724/2790/733
f 673/2791/734 671/2792/734 692/2793/734 693/2794/734
f 725/2795/735 726/2796/735 727/2797/735 728/2798/735
f 726/2799/736 723/2800/736 729/2801/736 727/2802/736
f 724/2803/737 725/2804/737 728/2805/737 730/2806/737
f 711/2807/738 724/2808/738 730/2809/738 731/2810/738
f 712/2811/739 711/2812/739 731/2813/739 732/2814/739
f 713/2815/740 712/2816/740 732/2817/740 733/2818/740
f 714/2819/741 713/2820/741 733/2821/741 734/2822/741
f 715/2823/742 714/2824/742 734/2825/742 735/2826/742
f 716/2827/743 715/2828/743 735/2829/743 736/2830/743
f 717/2831/744 716/2832/744 736/2833/744 737/2834/744
f 718/2835/745 717/2836/745 737/2837/745 738/2838/745
f 719/2839/746 718/2840/746 738/2841/746 739/2842/746
f 720/2843/747 719/2844/747 739/2845/747 740/2846/747
f 721/2847/748 720/2848/748 740/2849/748 741/2850/748
f 722/2851/749 721/2852/749 741/2853/749 742/2854/749
f 723/2855/750 722/2856/750 742/2857/750 729/2858/750
f 649/2859/751 648/2860/751 726/2861/751 725/2862/751
f 648/2863/752 680/2864/752 723/2865/752 726/2866/752
f 708/2867/753 700/2868/753 701/2869/753 707/2870/753
f 730/2871/754 742/2872/754 741/2873/754 731/2874/754
f 732/2875/755 740/2876/755 739/2877/755 733/2878/755
f 731/2879/756 741/2880/756 740/2881/756 732/2882/756
f 727/2883/757 729/2884/757 728/2885/757
f 728/2886/758 729/2887/758 742/2888/758 730/2889/758
f 734/2890/759 738/2891/759 737/2892/759 735/2893/759
f 733/2894/760 739/2895/760 738/2896/760 734/2897/760
f 735/2898/761 737/2899/761 736/2900/761
f 709/2901/762 699/2902/762 700/2903/762 708/2904/762
f 707/2905/763 701/2906/763 702/2907/763 706/2908/763
f 706/2909/764 702/2910/764 703/2911/764 705/2912/764
f 705/2913/765 703/2914/765 704/2915/765
f 694/2916/766 698/2917/766 710/2918/766 697/2919/766
f 710/2920/767 698/2921/767 699/2922/767 709/2923/767
f 694/2924/768 697/2925/768 695/2926/768
o obj_consumable_chemical_selection
v -0.39192303569514414 0.1610520722635494 0.16742419756010896
v -0.3710204737914032 0.2128586609989373 0.15851148880729599
v -0.4015703719584093 0.2128586609989373 0
v -0.4242315628684747 0.1610520722635494 0
v -0.2999718619358988 0.1610520722635494 0.3093539026412412
v -0.28394321470682815 0.2128586609989373 0.2928757550633661
v -0.1623465805552578 0.1610520722635494 0.40418097832523975
v -0.15365392860971167 0.2128586609989373 0.38262465948122704
v 0 0.1610520722635494 0.4375
v 0 0.2128586609989373 0.4141818666350823
v 0.1623465805552578 0.1610520722635494 0.40418097832523975
v 0.1537041751527495 0.2128586609989373 0.38262465948122704
v 0.2999718619358988 0.1610520722635494 0.3093539026412412
v 0.28399346124986596 0.2128586609989373 0.2928757550633661
v 0.39192303569514414 0.1610520722635494 0.16742419756010896
v 0.3710204737914032 0.2128586609989373 0.15851148880729599
v 0.39192303569514414 -0.2896386822529224 0.16742419756010896
v 0.4242315628684747 -0.2896386822529224 0
v 0.4242315628684747 0.1610520722635494 0
v -0.4242315628684747 -0.2896386822529224 0
v -0.39192303569514414 -0.2896386822529224 0.16742419756010896
v -0.2999718619358988 -0.2896386822529224 0.3093539026412412
v -0.1623465805552578 -0.2896386822529224 0.40418097832523975
v 0 -0.2896386822529224 0.4375
v 0.1623465805552578 -0.2896386822529224 0.40418097832523975
v 0.2999718619358988 -0.2896386822529224 0.3093539026412412
v 0.4016206185014471 0.2128586609989373 0
v 0.35594651088005147 0.2494686503719447 0
v 0.32881337763961843 0.2494686503719447 0.14047879900509297
v -0.32881337763961843 0.2494686503719447 0.14047879900509297
v -0.3558962643370136 0.2494686503719447 0
v -0.2516849340765356 0.2494686503719447 0.25955673338860596
v -0.1362183781755815 0.2494686503719447 0.3390974772000473
v 0 0.2494686503719447 0.3670792372379486
v 0.1362183781755815 0.2494686503719447 0.3390974772000473
v 0.2516849340765356 0.2494686503719447 0.25955673338860596
v -0.4015703719584093 -0.34144527098831035 0
v -0.3710204737914032 -0.34144527098831035 0.15851148880729599
v -0.28394321470682815 -0.34144527098831035 0.2928757550633661
v -0.15365392860971167 -0.34144527098831035 0.38262465948122704
v 0 -0.34144527098831035 0.4141818666350823
v 0.1537041751527495 -0.34144527098831035 0.38262465948122704
v 0.28399346124986596 -0.34144527098831035 0.2928757550633661
v 0.3710204737914032 -0.34144527098831035 0.15851148880729599
v 0.4016206185014471 -0.34144527098831035 0
v 0.32881337763961843 -0.3780552603613177 0.14047879900509297
v 0.35594651088005147 -0.3780552603613177 0
v -0.3558962643370136 -0.3780552603613177 0
v -0.32881337763961843 -0.3780552603613177 0.14047879900509297
v -0.2516849340765356 -0.3780552603613177 0.25955673338860596
v -0.1362183781755815 -0.3780552603613177 0.3390974772000473
v 0 -0.3780552603613177 0.3670792372379486
v 0.1362183781755815 -0.3780552603613177 0.3390974772000473
v 0.2516849340765356 -0.3780552603613177 0.25955673338860596
v -0.39192303569514414 0.1610520722635494 -0.16742419756010896
v -0.3710204737914032 0.2128586609989373 -0.15851148880729599
v -0.2999718619358988 0.1610520722635494 -0.3093539026412412
v -0.28394321470682815 0.2128586609989373 -0.2928757550633661
v -0.1623465805552578 0.1610520722635494 -0.40418097832523975
v -0.15365392860971167 0.2128586609989373 -0.38262465948122704
v 0 0.1610520722635494 -0.4375
v 0 0.2128586609989373 -0.4141818666350823
v 0.1623465805552578 0.1610520722635494 -0.40418097832523975
v 0.1537041751527495 0.2128586609989373 -0.38262465948122704
v 0.2999718619358988 0.1610520722635494 -0.3093539026412412
v 0.28399346124986596 0.2128586609989373 -0.2928757550633661
v 0.39192303569514414 0.1610520722635494 -0.16742419756010896
v 0.3710204737914032 0.2128586609989373 -0.15851148880729599
v 0.39192303569514414 -0.2896386822529224 -0.16742419756010896
v -0.39192303569514414 -0.2896386822529224 -0.16742419756010896
v -0.2999718619358988 -0.2896386822529224 -0.3093539026412412
v -0.1623465805552578 -0.2896386822529224 -0.40418097832523975
v 0 -0.2896386822529224 -0.4375
v 0.1623465805552578 -0.2896386822529224 -0.40418097832523975
v 0.2999718619358988 -0.2896386822529224 -0.3093539026412412
v 0.32881337763961843 0.2494686503719447 -0.14047879900509297
v -0.32881337763961843 0.2494686503719447 -0.14047879900509297
v -0.2516849340765356 0.2494686503719447 -0.25955673338860596
v -0.1362183781755815 0.2494686503719447 -0.3390974772000473
v 0 0.2494686503719447 -0.3670792372379486
v 0.1362183781755815 0.2494686503719447 -0.3390974772000473
v 0.2516849340765356 0.2494686503719447 -0.25955673338860596
v -0.3710204737914032 -0.34144527098831035 -0.15851148880729599
v -0.28394321470682815 -0.34144527098831035 -0.2928757550633661
v -0.15365392860971167 -0.34144527098831035 -0.38262465948122704
v 0 -0.34144527098831035 -0.4141818666350823
v 0.1537041751527495 -0.34144527098831035 -0.38262465948122704
v 0.28399346124986596 -0.34144527098831035 -0.2928757550633661
v 0.3710204737914032 -0.34144527098831035 -0.15851148880729599
v 0.32881337763961843 -0.3780552603613177 -0.14047879900509297
v -0.32881337763961843 -0.3780552603613177 -0.14047879900509297
v -0.2516849340765356 -0.3780552603613177 -0.25955673338860596
v -0.1362183781755815 -0.3780552603613177 -0.3390974772000473
v 0 -0.3780552603613177 -0.3670792372379486
v 0.1362183781755815 -0.3780552603613177 -0.3390974772000473
v 0.2516849340765356 -0.3780552603613177 -0.25955673338860596
vt -0.313724 0.592894
vt -0.3137215 0.601493
vt -0.287905 0.601493
vt -0.287906 0.592894
vt -0.339552 0.592894
vt -0.339551 0.601493
vt -0.3137215 0.601493
vt -0.313724 0.592894
vt -0.3653765 0.592894
vt -0.3653735 0.601493
vt -0.339551 0.601493
vt -0.339552 0.592894
vt -0.391194 0.592894
vt -0.3911965 0.601493
vt -0.3653735 0.601493
vt -0.3653765 0.592894
vt -0.417011 0.592894
vt -0.417 0.601493
vt -0.3911965 0.601493
vt -0.391194 0.592894
vt -0.442864 0.592894
vt -0.4428035 0.601493
vt -0.417 0.601493
vt -0.417011 0.592894
vt -0.468831 0.592894
vt -0.468436 0.601493
vt -0.4428035 0.601493
vt -0.442864 0.592894
vt -0.468831 0.592894
vt -0.4688335 0.5180485
vt -0.495638 0.5180485
vt -0.4956385 0.592894
vt -0.287906 0.592894
vt -0.287906 0.5180485
vt -0.313724 0.5180485
vt -0.313724 0.592894
vt -0.313724 0.592894
vt -0.313724 0.5180485
vt -0.3395535 0.5180485
vt -0.339552 0.592894
vt -0.339552 0.592894
vt -0.3395535 0.5180485
vt -0.3653735 0.5180485
vt -0.3653765 0.592894
vt -0.3653765 0.592894
vt -0.3653735 0.5180485
vt -0.391196 0.5180485
vt -0.391194 0.592894
vt -0.391194 0.592894
vt -0.391196 0.5180485
vt -0.417012 0.5180485
vt -0.417011 0.592894
vt -0.442864 0.592894
vt -0.442861 0.5180485
vt -0.4688335 0.5180485
vt -0.468831 0.592894
vt -0.4930155 0.601493
vt -0.490422 0.6075714999999999
vt -0.4681025 0.6075714999999999
vt -0.468436 0.601493
vt -0.3137215 0.601493
vt -0.3137185 0.6075714999999999
vt -0.287906 0.6075714999999999
vt -0.287905 0.601493
vt -0.339551 0.601493
vt -0.3395475 0.6075714999999999
vt -0.3137185 0.6075714999999999
vt -0.3137215 0.601493
vt -0.3653735 0.601493
vt -0.365373 0.6075714999999999
vt -0.3395475 0.6075714999999999
vt -0.339551 0.601493
vt -0.3911965 0.601493
vt -0.391197 0.6075714999999999
vt -0.365373 0.6075714999999999
vt -0.3653735 0.601493
vt -0.417 0.601493
vt -0.4169915 0.6075714999999999
vt -0.391197 0.6075714999999999
vt -0.3911965 0.601493
vt -0.4428035 0.601493
vt -0.442759 0.6075714999999999
vt -0.4169915 0.6075714999999999
vt -0.417 0.601493
vt -0.468436 0.601493
vt -0.4681025 0.6075714999999999
vt -0.442759 0.6075714999999999
vt -0.4428035 0.601493
vt -0.4956385 0.592894
vt -0.4930155 0.601493
vt -0.468436 0.601493
vt -0.468831 0.592894
vt -0.313724 0.5180485
vt -0.287906 0.5180485
vt -0.2879055 0.5094475
vt -0.3137215 0.5094475
vt -0.3395535 0.5180485
vt -0.313724 0.5180485
vt -0.3137215 0.5094475
vt -0.3395495 0.5094475
vt -0.3653735 0.5180485
vt -0.3395535 0.5180485
vt -0.3395495 0.5094475
vt -0.365376 0.5094475
vt -0.391196 0.5180485
vt -0.3653735 0.5180485
vt -0.365376 0.5094475
vt -0.391195 0.5094475
vt -0.417012 0.5180485
vt -0.391196 0.5180485
vt -0.391195 0.5094475
vt -0.4169995 0.5094475
vt -0.442861 0.5180485
vt -0.417012 0.5180485
vt -0.4169995 0.5094475
vt -0.442806 0.5094475
vt -0.4688335 0.5180485
vt -0.442861 0.5180485
vt -0.442806 0.5094475
vt -0.4684335 0.5094475
vt -0.442864 0.592894
vt -0.417011 0.592894
vt -0.417012 0.5180485
vt -0.442861 0.5180485
vt -0.493015 0.5094475
vt -0.4684335 0.5094475
vt -0.468103 0.503371
vt -0.490421 0.503371
vt -0.3137215 0.5094475
vt -0.2879055 0.5094475
vt -0.2879055 0.503371
vt -0.3137185 0.503371
vt -0.3395495 0.5094475
vt -0.3137215 0.5094475
vt -0.3137185 0.503371
vt -0.3395475 0.503371
vt -0.365376 0.5094475
vt -0.3395495 0.5094475
vt -0.3395475 0.503371
vt -0.365372 0.503371
vt -0.391195 0.5094475
vt -0.365376 0.5094475
vt -0.365372 0.503371
vt -0.3911975 0.503371
vt -0.4169995 0.5094475
vt -0.391195 0.5094475
vt -0.3911975 0.503371
vt -0.4169915 0.503371
vt -0.442806 0.5094475
vt -0.4169995 0.5094475
vt -0.4169915 0.503371
vt -0.442758 0.503371
vt -0.4684335 0.5094475
vt -0.442806 0.5094475
vt -0.442758 0.503371
vt -0.468103 0.503371
vt -0.495638 0.5180485
vt -0.4688335 0.5180485
vt -0.4684335 0.5094475
vt -0.493015 0.5094475
vt 0.186276 0.592894
vt 0.212094 0.592894
vt 0.212095 0.601493
vt 0.1862785 0.601493
vt 0.160448 0.592894
vt 0.186276 0.592894
vt 0.1862785 0.601493
vt 0.160449 0.601493
vt 0.1346235 0.592894
vt 0.160448 0.592894
vt 0.160449 0.601493
vt 0.1346265 0.601493
vt 0.108806 0.592894
vt 0.1346235 0.592894
vt 0.1346265 0.601493
vt 0.1088035 0.601493
vt 0.082989 0.592894
vt 0.108806 0.592894
vt 0.1088035 0.601493
vt 0.083 0.601493
vt 0.057136 0.592894
vt 0.082989 0.592894
vt 0.083 0.601493
vt 0.0571965 0.601493
vt 0.031169 0.592894
vt 0.057136 0.592894
vt 0.0571965 0.601493
vt 0.031564 0.601493
vt 0.031169 0.592894
vt 0.0043615 0.592894
vt 0.004362 0.5180485
vt 0.0311665 0.5180485
vt 0.212094 0.592894
vt 0.186276 0.592894
vt 0.186276 0.5180485
vt 0.212094 0.5180485
vt 0.186276 0.592894
vt 0.160448 0.592894
vt 0.1604465 0.5180485
vt 0.186276 0.5180485
vt 0.160448 0.592894
vt 0.1346235 0.592894
vt 0.1346265 0.5180485
vt 0.1604465 0.5180485
vt 0.1346235 0.592894
vt 0.108806 0.592894
vt 0.108804 0.5180485
vt 0.1346265 0.5180485
vt 0.108806 0.592894
vt 0.082989 0.592894
vt 0.082988 0.5180485
vt 0.108804 0.5180485
vt 0.057136 0.592894
vt 0.031169 0.592894
vt 0.0311665 0.5180485
vt 0.057139 0.5180485
vt 0.0069845 0.601493
vt 0.031564 0.601493
vt 0.0318975 0.6075714999999999
vt 0.009578 0.6075714999999999
vt 0.1862785 0.601493
vt 0.212095 0.601493
vt 0.212094 0.6075714999999999
vt 0.1862815 0.6075714999999999
vt 0.160449 0.601493
vt 0.1862785 0.601493
vt 0.1862815 0.6075714999999999
vt 0.1604525 0.6075714999999999
vt 0.1346265 0.601493
vt 0.160449 0.601493
vt 0.1604525 0.6075714999999999
vt 0.134627 0.6075714999999999
vt 0.1088035 0.601493
vt 0.1346265 0.601493
vt 0.134627 0.6075714999999999
vt 0.108803 0.6075714999999999
vt 0.083 0.601493
vt 0.1088035 0.601493
vt 0.108803 0.6075714999999999
vt 0.0830085 0.6075714999999999
vt 0.0571965 0.601493
vt 0.083 0.601493
vt 0.0830085 0.6075714999999999
vt 0.057241 0.6075714999999999
vt 0.031564 0.601493
vt 0.0571965 0.601493
vt 0.057241 0.6075714999999999
vt 0.0318975 0.6075714999999999
vt 0.0043615 0.592894
vt 0.031169 0.592894
vt 0.031564 0.601493
vt 0.0069845 0.601493
vt 0.186276 0.5180485
vt 0.1862785 0.5094475
vt 0.2120945 0.5094475
vt 0.212094 0.5180485
vt 0.1604465 0.5180485
vt 0.1604505 0.5094475
vt 0.1862785 0.5094475
vt 0.186276 0.5180485
vt 0.1346265 0.5180485
vt 0.134624 0.5094475
vt 0.1604505 0.5094475
vt 0.1604465 0.5180485
vt 0.108804 0.5180485
vt 0.108805 0.5094475
vt 0.134624 0.5094475
vt 0.1346265 0.5180485
vt 0.082988 0.5180485
vt 0.0830005 0.5094475
vt 0.108805 0.5094475
vt 0.108804 0.5180485
vt 0.057139 0.5180485
vt 0.057194 0.5094475
vt 0.0830005 0.5094475
vt 0.082988 0.5180485
vt 0.0311665 0.5180485
vt 0.0315665 0.5094475
vt 0.057194 0.5094475
vt 0.057139 0.5180485
vt 0.057136 0.592894
vt 0.057139 0.5180485
vt 0.082988 0.5180485
vt 0.082989 0.592894
vt 0.006985 0.5094475
vt 0.009579 0.503371
vt 0.031897 0.503371
vt 0.0315665 0.5094475
vt 0.1862785 0.5094475
vt 0.1862815 0.503371
vt 0.2120945 0.503371
vt 0.2120945 0.5094475
vt 0.1604505 0.5094475
vt 0.1604525 0.503371
vt 0.1862815 0.503371
vt 0.1862785 0.5094475
vt 0.134624 0.5094475
vt 0.134628 0.503371
vt 0.1604525 0.503371
vt 0.1604505 0.5094475
vt 0.108805 0.5094475
vt 0.1088025 0.503371
vt 0.134628 0.503371
vt 0.134624 0.5094475
vt 0.0830005 0.5094475
vt 0.0830085 0.503371
vt 0.1088025 0.503371
vt 0.108805 0.5094475
vt 0.057194 0.5094475
vt 0.057242 0.503371
vt 0.0830085 0.503371
vt 0.0830005 0.5094475
vt 0.0315665 0.5094475
vt 0.031897 0.503371
vt 0.057242 0.503371
vt 0.057194 0.5094475
vt 0.004362 0.5180485
vt 0.006985 0.5094475
vt 0.0315665 0.5094475
vt 0.0311665 0.5180485
vn -0.902480582445577 0.39405003116762294 0.173934962688608
vn -0.7701976754656086 0.39705653209920594 0.49914091299424185
vn -0.519651385992925 0.40108526909789405 0.7543825580886016
vn -0.1840815728723435 0.4034263024169401 0.8963041855570237
vn 0.18400728735524027 0.40361281439552366 0.8962354680863119
vn 0.5198316596698521 0.4003586915916358 0.7546442629954333
vn 0.7704554486731513 0.3967084457150424 0.49901985001421395
vn 0.9818849054029107 0 0.18947831681202293
vn -0.9818849054029107 0 0.18947831681202293
vn -0.8392617386600039 0 0.5437276285249696
vn -0.5673804977121146 0 0.8234557491547152
vn -0.20104349766544957 0 0.9795823150947767
vn 0.20104349766544957 0 0.9795823150947767
vn 0.8392617386600039 0 0.5437276285249696
vn 0.6209172342472474 0.7746476048391818 0.11992863099221784
vn -0.6208561929227081 0.7747326952420398 0.11969477278697563
vn -0.5283493712520734 0.7770025148318339 0.3422192774268346
vn -0.35450717554742694 0.7806951394508305 0.5146258463420141
vn -0.12507037376112085 0.7833587044121564 0.6088567498426551
vn 0.12504356222235904 0.7834644131078723 0.6087262282342367
vn 0.3543621166330963 0.7808997509215663 0.5144152693164812
vn 0.52806719354659 0.7772747693013714 0.3420365069803635
vn 0.9024936295069016 0.3938926253686789 0.17422355862405353
vn -0.9021926001196006 -0.39463626631323045 0.1740997690974562
vn -0.7703983482725872 -0.39670151925242214 0.49911350372604574
vn -0.5198172301066842 -0.40078891898807506 0.754425801322161
vn -0.18392786069139228 -0.4037576013184884 0.8961865550425473
vn 0.18395638860904537 -0.4034359217071358 0.8963255570194526
vn 0.5198509758490506 -0.4006529333875176 0.7544747774954225
vn 0.7705018737722694 -0.39641596444199145 0.49918057419028966
vn 0.5673804977121146 0 0.8234557491547152
vn 0.6208065272915663 -0.7747493090258454 0.11984474888855731
vn -0.6209365258408315 -0.7746716727598975 0.11967301408463474
vn -0.527995519343257 -0.7772614893957516 0.34217730587480866
vn -0.3544900541402043 -0.7807091554809145 0.5146163775706644
vn -0.12503758063723422 -0.7833960320218345 0.6088154568018395
vn 0.12500620221780553 -0.7833650898634296 0.6088617128628983
vn 0.3543646863356602 -0.780885995355815 0.514434380009139
vn 0.5280574557913865 -0.7772886599509992 0.3420199738242022
vn 0.9024324871485375 -0.3940669429833173 0.17414606107141148
vn -0.9021926001196005 0.39463626631323084 -0.17409976909745617
vn -0.7703983482725872 0.3967015192524226 -0.49911350372604574
vn -0.5198172301066841 0.40078891898807545 -0.7544258013221609
vn -0.18392786069139225 0.40375760131848876 -0.896186555042547
vn 0.18395638860904534 0.4034359217071362 -0.8963255570194523
vn 0.5198509758490505 0.400652933387518 -0.7544747774954224
vn 0.7705018737722695 0.39641596444199195 -0.49918057419028966
vn 0.9818849054029107 0 -0.18947831681202293
vn -0.9818849054029107 0 -0.18947831681202293
vn -0.8392617386600039 0 -0.5437276285249696
vn -0.5673804977121146 0 -0.8234557491547152
vn -0.20104349766544957 0 -0.9795823150947767
vn 0.20104349766544957 0 -0.9795823150947767
vn 0.8392617386600039 0 -0.5437276285249696
vn 0.6208065272915667 0.7747493090258448 -0.11984474888855741
vn -0.620936525840832 0.7746716727598968 -0.11967301408463481
vn -0.5279955193432575 0.7772614893957511 -0.342177305874809
vn -0.3544900541402046 0.780709155480914 -0.5146163775706648
vn -0.1250375806372343 0.7833960320218338 -0.6088154568018399
vn 0.12500620221780565 0.7833650898634291 -0.6088617128628987
vn 0.35436468633566054 0.7808859953558146 -0.5144343800091395
vn 0.5280574557913871 0.7772886599509987 -0.3420199738242025
vn 0.9024324871485374 0.3940669429833178 -0.17414606107141145
vn -0.9024805824455772 -0.39405003116762244 -0.173934962688608
vn -0.7701976754656088 -0.3970565320992056 -0.49914091299424185
vn -0.519651385992925 -0.4010852690978936 -0.7543825580886016
vn -0.18408157287234353 -0.40342630241693983 -0.8963041855570241
vn 0.18400728735524033 -0.4036128143955234 -0.8962354680863122
vn 0.5198316596698522 -0.4003586915916355 -0.7546442629954335
vn 0.7704554486731514 -0.396708445715042 -0.49901985001421406
vn 0.5673804977121146 0 -0.8234557491547152
vn 0.6209172342472469 -0.7746476048391824 -0.11992863099221776
vn -0.6208561929227076 -0.7747326952420402 -0.11969477278697549
vn -0.5283493712520729 -0.7770025148318344 -0.34221927742683433
vn -0.35450717554742656 -0.780695139450831 -0.5146258463420137
vn -0.1250703737611207 -0.7833587044121569 -0.6088567498426545
vn 0.12504356222235896 -0.7834644131078728 -0.6087262282342363
vn 0.3543621166330959 -0.7808997509215666 -0.5144152693164807
vn 0.5280671935465895 -0.777274769301372 -0.3420365069803633
vn 0.9024936295069019 -0.39389262536867864 -0.1742235586240536
usemtl m_6e7319ce-df96-1758-b5cc-d0c7245b1dab
f 743/2927/769 744/2928/769 745/2929/769 746/2930/769
f 747/2931/770 748/2932/770 744/2933/770 743/2934/770
f 749/2935/771 750/2936/771 748/2937/771 747/2938/771
f 751/2939/772 752/2940/772 750/2941/772 749/2942/772
f 753/2943/773 754/2944/773 752/2945/773 751/2946/773
f 755/2947/774 756/2948/774 754/2949/774 753/2950/774
f 757/2951/775 758/2952/775 756/2953/775 755/2954/775
f 757/2955/776 759/2956/776 760/2957/776 761/2958/776
f 746/2959/777 762/2960/777 763/2961/777 743/2962/777
f 743/2963/778 763/2964/778 764/2965/778 747/2966/778
f 747/2967/779 764/2968/779 765/2969/779 749/2970/779
f 749/2971/780 765/2972/780 766/2973/780 751/2974/780
f 751/2975/781 766/2976/781 767/2977/781 753/2978/781
f 755/2979/782 768/2980/782 759/2981/782 757/2982/782
f 769/2983/783 770/2984/783 771/2985/783 758/2986/783
f 744/2987/784 772/2988/784 773/2989/784 745/2990/784
f 748/2991/785 774/2992/785 772/2993/785 744/2994/785
f 750/2995/786 775/2996/786 774/2997/786 748/2998/786
f 752/2999/787 776/3000/787 775/3001/787 750/3002/787
f 754/3003/788 777/3004/788 776/3005/788 752/3006/788
f 756/3007/789 778/3008/789 777/3009/789 754/3010/789
f 758/3011/790 771/3012/790 778/3013/790 756/3014/790
f 761/3015/791 769/3016/791 758/3017/791 757/3018/791
f 763/3019/792 762/3020/792 779/3021/792 780/3022/792
f 764/3023/793 763/3024/793 780/3025/793 781/3026/793
f 765/3027/794 764/3028/794 781/3029/794 782/3030/794
f 766/3031/795 765/3032/795 782/3033/795 783/3034/795
f 767/3035/796 766/3036/796 783/3037/796 784/3038/796
f 768/3039/797 767/3040/797 784/3041/797 785/3042/797
f 759/3043/798 768/3044/798 785/3045/798 786/3046/798
f 755/3047/799 753/3048/799 767/3049/799 768/3050/799
f 787/3051/800 786/3052/800 788/3053/800 789/3054/800
f 780/3055/801 779/3056/801 790/3057/801 791/3058/801
f 781/3059/802 780/3060/802 791/3061/802 792/3062/802
f 782/3063/803 781/3064/803 792/3065/803 793/3066/803
f 783/3067/804 782/3068/804 793/3069/804 794/3070/804
f 784/3071/805 783/3072/805 794/3073/805 795/3074/805
f 785/3075/806 784/3076/806 795/3077/806 796/3078/806
f 786/3079/807 785/3080/807 796/3081/807 788/3082/807
f 760/3083/808 759/3084/808 786/3085/808 787/3086/808
f 797/3087/809 746/3088/809 745/3089/809 798/3090/809
f 799/3091/810 797/3092/810 798/3093/810 800/3094/810
f 801/3095/811 799/3096/811 800/3097/811 802/3098/811
f 803/3099/812 801/3100/812 802/3101/812 804/3102/812
f 805/3103/813 803/3104/813 804/3105/813 806/3106/813
f 807/3107/814 805/3108/814 806/3109/814 808/3110/814
f 809/3111/815 807/3112/815 808/3113/815 810/3114/815
f 809/3115/816 761/3116/816 760/3117/816 811/3118/816
f 746/3119/817 797/3120/817 812/3121/817 762/3122/817
f 797/3123/818 799/3124/818 813/3125/818 812/3126/818
f 799/3127/819 801/3128/819 814/3129/819 813/3130/819
f 801/3131/820 803/3132/820 815/3133/820 814/3134/820
f 803/3135/821 805/3136/821 816/3137/821 815/3138/821
f 807/3139/822 809/3140/822 811/3141/822 817/3142/822
f 769/3143/823 810/3144/823 818/3145/823 770/3146/823
f 798/3147/824 745/3148/824 773/3149/824 819/3150/824
f 800/3151/825 798/3152/825 819/3153/825 820/3154/825
f 802/3155/826 800/3156/826 820/3157/826 821/3158/826
f 804/3159/827 802/3160/827 821/3161/827 822/3162/827
f 806/3163/828 804/3164/828 822/3165/828 823/3166/828
f 808/3167/829 806/3168/829 823/3169/829 824/3170/829
f 810/3171/830 808/3172/830 824/3173/830 818/3174/830
f 761/3175/831 809/3176/831 810/3177/831 769/3178/831
f 812/3179/832 825/3180/832 779/3181/832 762/3182/832
f 813/3183/833 826/3184/833 825/3185/833 812/3186/833
f 814/3187/834 827/3188/834 826/3189/834 813/3190/834
f 815/3191/835 828/3192/835 827/3193/835 814/3194/835
f 816/3195/836 829/3196/836 828/3197/836 815/3198/836
f 817/3199/837 830/3200/837 829/3201/837 816/3202/837
f 811/3203/838 831/3204/838 830/3205/838 817/3206/838
f 807/3207/839 817/3208/839 816/3209/839 805/3210/839
f 787/3211/840 789/3212/840 832/3213/840 831/3214/840
f 825/3215/841 833/3216/841 790/3217/841 779/3218/841
f 826/3219/842 834/3220/842 833/3221/842 825/3222/842
f 827/3223/843 835/3224/843 834/3225/843 826/3226/843
f 828/3227/844 836/3228/844 835/3229/844 827/3230/844
f 829/3231/845 837/3232/845 836/3233/845 828/3234/845
f 830/3235/846 838/3236/846 837/3237/846 829/3238/846
f 831/3239/847 832/3240/847 838/3241/847 830/3242/847
f 760/3243/848 787/3244/848 831/3245/848 811/3246/848