# Made in Blockbench 4.7.4
mtllib swordHUGE.mtl

o under
v 0.401923788646684 -4.5 1.5
v 0.401923788646684 -1.5 1.5
v 1.0980762113533158 -4.5 1.098076211353316
v 1.5 -4.5 0.401923788646684
v 1.5 -1.5 0.401923788646684
v 1.5 -4.5 -0.4019237886466841
v 1.5 -1.5 -0.4019237886466841
v 1.098076211353316 -4.5 -1.0980762113533158
v 0.40192378864668454 -4.5 -1.4999999999999996
v 0.40192378864668454 -1.5 -1.4999999999999996
v -0.4019237886466833 -4.5 -1.5
v -0.4019237886466833 -1.5 -1.5
v -1.0980762113533158 -4.5 -1.098076211353316
v -1.4999999999999996 -4.5 -0.40192378864668377
v -1.4999999999999996 -1.5 -0.40192378864668377
v -1.5 -4.5 0.4019237886466833
v -1.5 -1.5 0.4019237886466833
v -1.098076211353316 -4.5 1.0980762113533158
v -0.40192378864668377 -4.5 1.5
v -0.40192378864668377 -1.5 1.5
v 0.7549273953054048 -1.0625 -0.7549273953054046
v 0.27632260469459563 -1.0625 -1.0312499999999998
v 1.03125 -1.0625 -0.2763226046945953
v 1.03125 -1.0625 0.27632260469459524
v 0.7549273953054046 -1.0625 0.7549273953054048
v 0.27632260469459524 -1.0625 1.03125
v -0.2763226046945951 -1.0625 1.03125
v -0.7549273953054048 -1.0625 0.7549273953054046
v -1.03125 -1.0625 0.2763226046945948
v -1.0312499999999998 -1.0625 -0.2763226046945951
v -0.7549273953054046 -1.0625 -0.7549273953054048
v -0.2763226046945948 -1.0625 -1.03125
v 0.5661955464790536 -0.9375 -0.5661955464790535
v 0.20724195352094674 -0.9375 -0.7734374999999998
v 0.7734375 -0.9375 -0.20724195352094646
v 0.7734375 -0.9375 0.20724195352094643
v 0.5661955464790535 -0.9375 0.5661955464790536
v 0.20724195352094643 -0.9375 0.7734375
v -0.2072419535209463 -0.9375 0.7734375
v -0.5661955464790536 -0.9375 0.5661955464790535
v -0.7734375 -0.9375 0.2072419535209461
v -0.7734374999999998 -0.9375 -0.2072419535209463
v -0.5661955464790535 -0.9375 -0.5661955464790536
v -0.2072419535209461 -0.9375 -0.7734375
v 0.4246466598592902 -1.8125 -0.42464665985929007
v 0.15543146514071005 -1.8125 -0.5800781249999998
v 3.8163916471489756e-17 -1.8125 3.8163916471489756e-17
v 0.580078125 -1.8125 -0.15543146514070982
v 0.580078125 -1.8125 0.15543146514070982
v 0.42464665985929007 -1.8125 0.4246466598592902
v 0.15543146514070982 -1.8125 0.580078125
v -0.1554314651407097 -1.8125 0.580078125
v -0.4246466598592902 -1.8125 0.42464665985929007
v -0.580078125 -1.8125 0.15543146514070957
v -0.5800781249999998 -1.8125 -0.1554314651407097
v -0.42464665985929007 -1.8125 -0.4246466598592902
v -0.15543146514070957 -1.8125 -0.580078125
v 0.765625 -1.171875 -0.7656249999999999
v 0.9686547161616808 -1.171875 -0.41396721616168075
v 1.274519052838329 -1.625 -0.5245190528383289
v 0.41396721616168103 -1.171875 -0.9686547161616803
v 0.5245190528383293 -1.625 -1.2745190528383286
v 1 -3.625 -0.9999999999999999
v 0.5245190528383293 -3.625 -1.2745190528383286
v 1.274519052838329 -3.625 -0.5245190528383289
v -0.7656249999999999 -1.171875 -0.765625
v -0.4139672161616804 -1.171875 -0.9686547161616808
v -0.5245190528383284 -1.625 -1.274519052838329
v -0.9686547161616803 -1.171875 -0.41396721616168064
v -1.2745190528383286 -1.625 -0.5245190528383287
v -0.9999999999999999 -3.625 -1
v -1.2745190528383286 -3.625 -0.5245190528383287
v -0.5245190528383284 -3.625 -1.274519052838329
v -0.765625 -1.171875 0.7656249999999999
v -0.9686547161616808 -1.171875 0.4139672161616804
v -1.274519052838329 -1.625 0.5245190528383284
v -0.41396721616168064 -1.171875 0.9686547161616808
v -0.5245190528383287 -1.625 1.274519052838329
v -1 -3.625 0.9999999999999999
v -0.5245190528383287 -3.625 1.274519052838329
v -1.274519052838329 -3.625 0.5245190528383284
v 0.7656249999999999 -1.171875 0.765625
v 0.41396721616168075 -1.171875 0.9686547161616808
v 0.5245190528383289 -1.625 1.274519052838329
v 0.9686547161616808 -1.171875 0.41396721616168075
v 1.274519052838329 -1.625 0.5245190528383289
v 0.9999999999999999 -3.625 1
v 1.274519052838329 -3.625 0.5245190528383289
v 0.5245190528383289 -3.625 1.274519052838329
v -1.4999999999999998 -3.75 -0.200961894323342
v -1.5 -3.75 0.20096189432334155
v -1.5 -1.5 0.20096189432334155
v -1.4999999999999996 -1.5 -0.200961894323342
v -1.03125 -1.0625 0.13816130234729734
v -1.0312499999999998 -1.0625 -0.13816130234729762
v -0.837890625 -0.96875 0.103620976760473
v -0.8378906249999998 -0.96875 -0.1036209767604732
v 0.10362097676047326 -0.96875 0.837890625
v -0.1036209767604731 -0.96875 0.837890625
v -0.1381613023472975 -1.0625 1.03125
v 0.13816130234729768 -1.0625 1.03125
v -0.20096189432334183 -1.5 1.5
v 0.20096189432334205 -1.5 1.5
v -0.20096189432334183 -3.75 1.5
v 0.20096189432334205 -3.75 1.5
v 0.837890625 -0.96875 -0.10362097676047324
v 0.837890625 -0.96875 0.10362097676047322
v 1.03125 -1.0625 0.13816130234729762
v 1.03125 -1.0625 -0.13816130234729768
v 1.5 -1.5 0.20096189432334197
v 1.5 -1.5 -0.20096189432334208
v 1.5 -3.75 0.20096189432334197
v 1.5 -3.75 -0.20096189432334208
v -0.10362097676047287 -0.96875 -0.837890625
v 0.10362097676047355 -0.96875 -0.8378906249999998
v 0.138161302347298 -1.0625 -1.0312499999999998
v -0.13816130234729718 -1.0625 -1.03125
v 0.20096189432334258 -1.5 -1.4999999999999996
v -0.20096189432334136 -1.5 -1.5
v 0.20096189432334258 -3.75 -1.4999999999999998
v -0.20096189432334136 -3.75 -1.5
v -1.5624999999999998 -3 -0.20096189432334202
v -1.5625 -3 0.20096189432334152
v -1.5525724453237504 -0.7271545228674103 0.20096189432334152
v -1.55257244532375 -0.7271545228674103 -0.20096189432334202
v -1.0662059924024807 -0.2615353320175291 0.13816130234729732
v -1.0662059924024805 -0.2615353320175291 -0.13816130234729765
v -0.8651577191574605 -0.4750116183002375 0.10362097676047297
v -0.8651577191574603 -0.4750116183002375 -0.10362097676047323
v 0.10362097676047326 -0.4750116183002375 0.8651577191574606
v -0.1036209767604731 -0.4750116183002375 0.8651577191574606
v -0.1381613023472975 -0.2615353320175291 1.0662059924024807
v 0.13816130234729768 -0.2615353320175291 1.0662059924024807
v -0.20096189432334183 -0.7271545228674103 1.5525724453237504
v 0.20096189432334205 -0.7271545228674103 1.5525724453237504
v -0.20096189432334183 -3 1.5625
v 0.20096189432334205 -3 1.5625
v 0.8651577191574606 -0.4750116183002375 -0.10362097676047324
v 0.8651577191574606 -0.4750116183002375 0.10362097676047322
v 1.0662059924024807 -0.2615353320175291 0.13816130234729762
v 1.0662059924024807 -0.2615353320175291 -0.13816130234729768
v 1.5525724453237504 -0.7271545228674103 0.20096189432334197
v 1.5525724453237504 -0.7271545228674103 -0.20096189432334208
v 1.5625 -3 0.20096189432334197
v 1.5625 -3 -0.20096189432334208
v -0.10362097676047284 -0.4750116183002375 -0.8651577191574605
v 0.10362097676047358 -0.4750116183002375 -0.8651577191574603
v 0.13816130234729804 -0.2615353320175291 -1.0662059924024805
v -0.13816130234729715 -0.2615353320175291 -1.0662059924024807
v 0.2009618943233426 -0.7271545228674103 -1.55257244532375
v -0.20096189432334133 -0.7271545228674103 -1.5525724453237504
v 0.2009618943233426 -3 -1.5624999999999998
v -0.20096189432334133 -3 -1.5625
v 0.35168331506584893 -4.6875 -1.3124999999999993
v 0.9608166849341514 -4.6875 -0.9608166849341512
v 6.476300976980079e-17 -4.6875 6.476300976980079e-17
v 1.3125 -4.6875 -0.3516833150658485
v 1.3125 -4.6875 0.35168331506584843
v 0.9608166849341512 -4.6875 0.9608166849341514
v 0.35168331506584843 -4.6875 1.3125
v -0.3516833150658482 -4.6875 1.3125
v -0.9608166849341514 -4.6875 0.9608166849341512
v -1.3125 -4.6875 0.3516833150658479
v -1.3124999999999993 -4.6875 -0.3516833150658482
v -0.9608166849341512 -4.6875 -0.9608166849341514
v -0.3516833150658479 -4.6875 -1.3125
v -0.06908065117364831 -0.3779401297299994 -1.1877976056327981
v 0.06908065117364928 -0.3779401297299994 -1.187797605632798
v 0.10048094716167162 -0.7271545228674103 -1.55257244532375
v -0.10048094716167034 -0.7271545228674103 -1.5525724453237504
v 0.10048094716167162 -2.4317886307168526 -1.5600181113309375
v -0.10048094716167034 -2.4317886307168526 -1.5600181113309377
v -1.1877976056327981 -0.3779401297299994 0.06908065117364856
v -1.187797605632798 -0.3779401297299994 -0.06908065117364892
v -1.55257244532375 -0.7271545228674103 -0.10048094716167114
v -1.5525724453237504 -0.7271545228674103 0.10048094716167064
v -1.5600181113309375 -2.4317886307168526 -0.10048094716167114
v -1.5600181113309377 -2.4317886307168526 0.10048094716167064
v 0.0690806511736489 -0.3779401297299994 1.1877976056327981
v -0.0690806511736487 -0.3779401297299994 1.1877976056327981
v -0.10048094716167086 -0.7271545228674103 1.5525724453237504
v 0.10048094716167108 -0.7271545228674103 1.5525724453237504
v -0.10048094716167086 -2.4317886307168526 1.5600181113309377
v 0.10048094716167108 -2.4317886307168526 1.5600181113309377
v 1.1877976056327981 -0.3779401297299994 -0.06908065117364887
v 1.1877976056327981 -0.3779401297299994 0.06908065117364878
v 1.5525724453237504 -0.7271545228674103 0.10048094716167096
v 1.5525724453237504 -0.7271545228674103 -0.10048094716167107
v 1.5600181113309377 -2.4317886307168526 0.10048094716167096
v 1.5600181113309377 -2.4317886307168526 -0.10048094716167107
v 1.0086474061890602 0.125 0.5823428514806717
v 1.0086474061890602 0.625 0.5823428514806717
v 0.7920667825126828 -0.1875 0.457299970099858
v 0.7920667825126828 0.9375 0.457299970099858
v 1.1646857029613433 0.125 1.1102230246251565e-16
v 1.1646857029613433 0.625 1.1102230246251565e-16
v 0.9145999401997162 -0.1875 1.6653345369377348e-16
v 0.9145999401997162 0.9375 1.6653345369377348e-16
v 1.0086474061890602 0.125 -0.5823428514806719
v 1.0086474061890602 0.625 -0.5823428514806719
v 0.7920667825126827 -0.1875 -0.4572999700998582
v 0.7920667825126827 0.9375 -0.4572999700998582
v 0.5823428514806717 0.125 -1.0086474061890602
v 0.5823428514806717 0.625 -1.0086474061890602
v 0.457299970099858 -0.1875 -0.7920667825126828
v 0.457299970099858 0.9375 -0.7920667825126828
v 1.1102230246251565e-16 0.125 -1.1646857029613433
v 1.1102230246251565e-16 0.625 -1.1646857029613433
v 1.6653345369377348e-16 -0.1875 -0.9145999401997162
v 1.6653345369377348e-16 0.9375 -0.9145999401997162
v -0.5823428514806713 0.125 -1.0086474061890602
v -0.5823428514806713 0.625 -1.0086474061890602
v -0.4572999700998578 -0.1875 -0.7920667825126826
v -0.4572999700998578 0.9375 -0.7920667825126826
v -1.00864740618906 0.125 -0.582342851480672
v -1.00864740618906 0.625 -0.582342851480672
v -0.7920667825126824 -0.1875 -0.45729997009985834
v -0.7920667825126824 0.9375 -0.45729997009985834
v -1.1646857029613433 0.125 -1.1102230246251565e-16
v -1.1646857029613433 0.625 -1.1102230246251565e-16
v -0.9145999401997162 -0.1875 -1.6653345369377348e-16
v -0.9145999401997162 0.9375 -1.6653345369377348e-16
v -1.0086474061890598 0.125 0.5823428514806718
v -1.0086474061890598 0.625 0.5823428514806718
v -0.7920667825126826 -0.1875 0.45729997009985834
v -0.7920667825126826 0.9375 0.45729997009985834
v -0.582342851480672 0.125 1.00864740618906
v -0.582342851480672 0.625 1.00864740618906
v -0.45729997009985834 -0.1875 0.7920667825126825
v -0.45729997009985834 0.9375 0.7920667825126825
v -1.1102230246251565e-16 0.125 1.1646857029613433
v -1.1102230246251565e-16 0.625 1.1646857029613433
v -1.6653345369377348e-16 -0.1875 0.9145999401997162
v -1.6653345369377348e-16 0.9375 0.9145999401997162
v 0.5823428514806719 0.125 1.00864740618906
v 0.5823428514806719 0.625 1.00864740618906
v 0.4572999700998583 -0.1875 0.7920667825126826
v 0.4572999700998583 0.9375 0.7920667825126826
v 0.30144284148501305 1.8125 1.125
v 0.30144284148501305 2.3125 1.125
v 0.2367158831733131 1.5 0.8834357029613433
v 0.2367158831733131 2.625 0.8834357029613433
v 0.8235571585149867 1.8125 0.823557158514987
v 0.8235571585149867 2.3125 0.823557158514987
v 0.6467198197880301 1.5 0.6467198197880304
v 0.6467198197880301 2.625 0.6467198197880304
v 1.125 1.8125 0.30144284148501305
v 1.125 2.3125 0.30144284148501305
v 0.8834357029613433 1.5 0.2367158831733132
v 0.8834357029613433 2.625 0.2367158831733132
v 1.125 1.8125 -0.3014428414850131
v 1.125 2.3125 -0.3014428414850131
v 0.8834357029613433 1.5 -0.2367158831733131
v 0.8834357029613433 2.625 -0.2367158831733131
v 0.823557158514987 1.8125 -0.8235571585149867
v 0.823557158514987 2.3125 -0.8235571585149867
v 0.6467198197880304 1.5 -0.6467198197880301
v 0.6467198197880304 2.625 -0.6467198197880301
v 0.30144284148501344 1.8125 -1.1249999999999998
v 0.30144284148501344 2.3125 -1.1249999999999998
v 0.23671588317331343 1.5 -0.883435702961343
v 0.23671588317331343 2.625 -0.883435702961343
v -0.3014428414850125 1.8125 -1.125
v -0.3014428414850125 2.3125 -1.125
v -0.23671588317331266 1.5 -0.8834357029613434
v -0.23671588317331266 2.625 -0.8834357029613434
v -0.8235571585149867 1.8125 -0.823557158514987
v -0.8235571585149867 2.3125 -0.823557158514987
v -0.6467198197880301 1.5 -0.6467198197880304
v -0.6467198197880301 2.625 -0.6467198197880304
v -1.1249999999999996 1.8125 -0.3014428414850127
v -1.1249999999999996 2.3125 -0.3014428414850127
v -0.8834357029613433 1.5 -0.236715883173313
v -0.8834357029613433 2.625 -0.236715883173313
v -1.125 1.8125 0.3014428414850125
v -1.125 2.3125 0.3014428414850125
v -0.8834357029613433 1.5 0.2367158831733127
v -0.8834357029613433 2.625 0.2367158831733127
v -0.823557158514987 1.8125 0.8235571585149867
v -0.823557158514987 2.3125 0.8235571585149867
v -0.6467198197880304 1.5 0.6467198197880301
v -0.6467198197880304 2.625 0.6467198197880301
v -0.30144284148501294 1.8125 1.125
v -0.30144284148501294 2.3125 1.125
v -0.236715883173313 1.5 0.8834357029613433
v -0.236715883173313 2.625 0.8834357029613433
v 1.0086474061890602 3.5625 0.5823428514806717
v 1.0086474061890602 4.0625 0.5823428514806717
v 0.7920667825126828 3.25 0.457299970099858
v 0.7920667825126828 4.375 0.457299970099858
v 1.1646857029613433 3.5625 1.1102230246251565e-16
v 1.1646857029613433 4.0625 1.1102230246251565e-16
v 0.9145999401997162 3.25 1.6653345369377348e-16
v 0.9145999401997162 4.375 1.6653345369377348e-16
v 1.0086474061890602 3.5625 -0.5823428514806719
v 1.0086474061890602 4.0625 -0.5823428514806719
v 0.7920667825126826 3.25 -0.45729997009985823
v 0.7920667825126826 4.375 -0.45729997009985823
v 0.5823428514806717 3.5625 -1.0086474061890602
v 0.5823428514806717 4.0625 -1.0086474061890602
v 0.457299970099858 3.25 -0.7920667825126828
v 0.457299970099858 4.375 -0.7920667825126828
v 1.1102230246251565e-16 3.5625 -1.1646857029613433
v 1.1102230246251565e-16 4.0625 -1.1646857029613433
v 1.6653345369377348e-16 3.25 -0.9145999401997162
v 1.6653345369377348e-16 4.375 -0.9145999401997162
v -0.5823428514806713 3.5625 -1.0086474061890602
v -0.5823428514806713 4.0625 -1.0086474061890602
v -0.4572999700998578 3.25 -0.7920667825126826
v -0.4572999700998578 4.375 -0.7920667825126826
v -1.00864740618906 3.5625 -0.582342851480672
v -1.00864740618906 4.0625 -0.582342851480672
v -0.7920667825126824 3.25 -0.45729997009985834
v -0.7920667825126824 4.375 -0.45729997009985834
v -1.1646857029613433 3.5625 -1.1102230246251565e-16
v -1.1646857029613433 4.0625 -1.1102230246251565e-16
v -0.9145999401997162 3.25 -1.6653345369377348e-16
v -0.9145999401997162 4.375 -1.6653345369377348e-16
v -1.0086474061890598 3.5625 0.5823428514806718
v -1.0086474061890598 4.0625 0.5823428514806718
v -0.7920667825126826 3.25 0.45729997009985834
v -0.7920667825126826 4.375 0.45729997009985834
v -0.582342851480672 3.5625 1.00864740618906
v -0.582342851480672 4.0625 1.00864740618906
v -0.45729997009985834 3.25 0.7920667825126824
v -0.45729997009985834 4.375 0.7920667825126824
v -1.1102230246251565e-16 3.5625 1.1646857029613433
v -1.1102230246251565e-16 4.0625 1.1646857029613433
v -1.6653345369377348e-16 3.25 0.9145999401997162
v -1.6653345369377348e-16 4.375 0.9145999401997162
v 0.582342851480672 3.5625 1.00864740618906
v 0.582342851480672 4.0625 1.00864740618906
v 0.45729997009985823 3.25 0.7920667825126826
v 0.45729997009985823 4.375 0.7920667825126826
vt 1.1646844181271274 0.4176577909364364
vt 1.0086480486061684 1
vt 0 0.4176577909364363
vt 0.06250000000000014 0.2744559715740028
vt 0.3627693556209773 0.3549202533235042
vt 0.0625 0.875
vt 1.1646859381026555 0.4176585509232087
vt 1.0086467322681754 1
vt 0 0.4176585509232088
vt 0.06250000000000006 0.27446304957303
vt 0.3627728946308674 0.3549141236025295
vt 0.0625 0.875
vt 1.125 0.3971125
vt 1.125 1
vt 0 0.69855625
vt 0.70508125 0.6266375
vt 0.70508125 0.9375
vt 0.125 0.78206875
vt 1.1102230246251565e-16 -0.16468441812712742
vt 0.5823422090635637 -0.008648048606168413
vt 0 1
vt 0.7255440284259972 0.5747306443790229
vt 0.6450797466764958 0.875
vt 0.125 0.5747306443790228
vt 0 -0.16468593810265553
vt 0.5823414490767913 -0.008646732268175361
vt 1.6653345369377348e-16 1
vt 0.72553695042697 0.574731524786515
vt 0.645081456980088 0.875
vt 0.125 0.574731524786515
vt 0 -0.125
vt 0.6028875 -0.125
vt 0.30144375 1
vt 0.3733625 0.9375
vt 0.0625 0.9375
vt 0.21793125 0.357425
vt 0 0.9999999999999999
vt 0.156036369520959 0.4176577909364363
vt 1.1646844181271274 1
vt 0.42526795473336054 0.875
vt 0.125 0.7945425640909615
vt 0.4252679547333608 0.2744620086109768
vt 0 1
vt 0.15603920583448017 0.4176585509232087
vt 1.1646859381026555 0.9999999999999998
vt 0.425268475213485 0.875
vt 0.125 0.794544506553118
vt 0.42526847521348504 0.27446304957303
vt 0 1
vt 0 0.3971125
vt 1.125 0.69855625
vt 0.0625 0.9375
vt 0.0625 0.6266375
vt 0.642575 0.78206875
vt 0.5823422090635636 1
vt 0 0.843963630479041
vt 0.5823422090635637 -0.16468441812712742
vt 0.125 0.9375
vt 0.20545743590903842 0.6372320452666395
vt 0.7255379913890232 0.9375
vt 0.5823414490767913 1
vt 0 0.8439607941655198
vt 0.5823414490767912 -0.16468593810265553
vt 0.125 0.9375
vt 0.20545107402949947 0.6372271053691325
vt 0.72553695042697 0.9375
vt 0.6028875 1
vt 0 1
vt 0.30144375 -0.125
vt 0.0625 0.29491875
vt 0.3733625 0.29491875
vt 0.21793125 0.875
vt 0.3125 0.9309177822701071
vt 0.3125000000000002 0.5164360885681263
vt 0.5703122406933623 0.4473577417306924
vt 0.5703122406933623 1
vt 0.3125000000000002 0.9309216531625661
vt 0.3125 0.5164399594605854
vt 0.5703122406933623 0.4473577417306924
vt 0.5703122406933623 1
vt 0.61678125 0.875
vt 0.40954375 0.875
vt 0.375 0.6601124999999999
vt 0.6513249999999999 0.6601124999999999
vt 0.4835600405394146 0.6875
vt 0.06907834683743386 0.6874999999999998
vt 0 0.4296877593066377
vt 0.5526422582693076 0.4296877593066377
vt 0.48356391143187366 0.6874999999999998
vt 0.06908221772989293 0.6875
vt 0 0.4296877593066377
vt 0.5526422582693076 0.4296877593066377
vt 0.36678125 0.625
vt 0.15954374999999998 0.625
vt 0.125 0.4101124999999999
vt 0.401325 0.4101124999999999
vt 0.2578122406933623 0.5164399594605854
vt 0.25781224069336206 0.9309216531625661
vt 0 1
vt 0 0.4473577417306924
vt 0.2578122406933624 0.5164360885681265
vt 0.2578122406933624 0.9309177822701071
vt 0 1
vt 2.220446049250313e-16 0.4473577417306924
vt 0.24178125 0.875
vt 0.03454375 0.875
vt 0 0.6601124999999999
vt 0.276325 0.6601124999999999
vt 0.0690822177298927 0.7421877593066377
vt 0.4835639114318734 0.7421877593066375
vt 0.5526422582693076 0.9999999999999996
vt 0 1
vt 0.06907834683743386 0.7421877593066379
vt 0.4835600405394146 0.7421877593066377
vt 0.5526422582693076 1
vt 0 1
vt 0.36678125 1
vt 0.15954374999999998 1
vt 0.125 0.7851124999999999
vt 0.401325 0.7851124999999999
vt 0.625 0.9481889690364697
vt 0.625 0.6373284800179833
vt 0.8183610894143754 0.5855183063019461
vt 0.8183628936300761 1
vt 0.625 0.9481931930265928
vt 0.6250000000000001 0.6373295789407689
vt 0.8183565788927631 0.5855183063333601
vt 0.8183619914854524 1
vt 0.6875 0.9481875
vt 0.6875 0.637325
vt 0.88085625 0.5855125
vt 0.88085625 1
vt 0.3626704210592311 0.3749999999999999
vt 0.05180680697340723 0.375
vt 0 0.18163800851454748
vt 0.41448169366664 0.18164342110723686
vt 0.36267488669323295 0.37499999999999967
vt 0.051811272607409115 0.375
vt 0 0.18164342110723697
vt 0.41448169366663995 0.18163800851454737
vt 0.36267499999999997 0.3125
vt 0.05181250000000001 0.3125
vt 0 0.11914374999999999
vt 0.4144875 0.11914374999999999
vt 0.19336199148545263 0.6373295789407691
vt 0.1933619914854524 0.948193193026593
vt 0 1
vt 0.000005412592689713058 0.58551830633336
vt 0.19336289363007608 0.6373284800179833
vt 0.19336289363007597 0.9481889690364697
vt 0 1
vt 0.0000018042157006181725 0.5855183063019461
vt 0.1933625 0.637325
vt 0.1933625 0.9481875
vt 0 1
vt 0 0.5855125
vt 0.05181103096353032 0.8066371063699239
vt 0.36267151998201674 0.8066371063699239
vt 0.4144816936980539 0.9999981957842993
vt 0 1
vt 0.05181017371603713 0.8066371063699239
vt 0.36267066273452353 0.806637106369924
vt 0.4144816936980539 1
vt 0 0.9999981957842994
vt 0.05181250000000001 0.8066375
vt 0.36267499999999997 0.8066375
vt 0.4144875 1
vt 0 1
vt 0.26316249999999997 0.8396999999999999
vt 0.70905 0.8396999999999999
vt 0.67765 1
vt 0.125 1
vt 0.2009625 0.3588
vt 0.2637625 0.8396999999999999
vt 0.1256 1
vt 0 0.3588
vt 0.1875 0.8396999999999999
vt 0.6333875 0.8396999999999999
vt 0.77155 1
vt 0.21890000000000004 1
vt 0.6875 0.8396999999999999
vt 0.7503 0.3588
vt 0.9512625 0.3588
vt 0.8256625 1
vt 0.6028875 0.875
vt 0 0.875
vt 0 0.125
vt 0.80385 0.125
vt 0.125 1
vt 0.125 -1.25
vt 0.3259625 -2
vt 0.3259625 1
vt 0.80385 0.875
vt 0.2009625 0.875
vt 0 0.125
vt 0.80385 0.125
vt 0.2009625 -1.25
vt 0.2009625 1
vt 0 1
vt 0 -2
vt 0.26316249999999997 0.8396999999999999
vt 0.70905 0.8396999999999999
vt 0.67765 1
vt 0.125 1
vt 0.2009625 0.3588
vt 0.2637625 0.8396999999999999
vt 0.1256 1
vt 0 0.3588
vt 0.1875 0.8396999999999999
vt 0.6333875 0.8396999999999999
vt 0.77155 1
vt 0.21890000000000004 1
vt 0.6875 0.8396999999999999
vt 0.7503 0.3588
vt 0.9512625 0.3588
vt 0.8256625 1
vt 0.6028875 0.875
vt 0 0.875
vt 0 0.125
vt 0.80385 0.125
vt 0.125 1
vt 0.125 -1.25
vt 0.3259625 -2
vt 0.3259625 1
vt 0.80385 0.875
vt 0.2009625 0.875
vt 0 0.125
vt 0.80385 0.125
vt 0.2009625 -1.25
vt 0.2009625 1
vt 0 1
vt 0 -2
vt 0.26316249999999997 0.8396999999999999
vt 0.70905 0.8396999999999999
vt 0.67765 1
vt 0.125 1
vt 0.2009625 0.3588
vt 0.2637625 0.8396999999999999
vt 0.1256 1
vt 0 0.3588
vt 0.1875 0.8396999999999999
vt 0.6333875 0.8396999999999999
vt 0.77155 1
vt 0.21890000000000004 1
vt 0.6875 0.8396999999999999
vt 0.7503 0.3588
vt 0.9512625 0.3588
vt 0.8256625 1
vt 0.6028875 0.875
vt 0 0.875
vt 0 0.125
vt 0.80385 0.125
vt 0.125 1
vt 0.125 -1.25
vt 0.3259625 -2
vt 0.3259625 1
vt 0.80385 0.875
vt 0.2009625 0.875
vt 0 0.125
vt 0.80385 0.125
vt 0.2009625 -1.25
vt 0.2009625 1
vt 0 1
vt 0 -2
vt 0.26316249999999997 0.7771999999999999
vt 0.70905 0.7771999999999999
vt 0.67765 0.9375
vt 0.125 0.9375
vt 0.2009625 0.3588
vt 0.2637625 0.8396999999999999
vt 0.1256 1
vt 0 0.3588
vt 0.1875 0.7771999999999999
vt 0.6333875 0.7771999999999999
vt 0.77155 0.9375
vt 0.21890000000000004 0.9375
vt 0.6875 0.8396999999999999
vt 0.7503 0.3588
vt 0.9512625 0.3588
vt 0.8256625 1
vt 0.6028875 0.875
vt 0 0.875
vt 0 0.125
vt 0.80385 0.125
vt 0.125 1
vt 0.125 -1.25
vt 0.3259625 -2
vt 0.3259625 1
vt 0.80385 0.875
vt 0.2009625 0.875
vt 0 0.125
vt 0.80385 0.125
vt 0.2009625 -1.25
vt 0.2009625 1
vt 0 1
vt 0 -2
vt 0.6028875 0.875
vt 0.2009625 0.875
vt 0 0.125
vt 0.80385 0.125
vt 0.125 1
vt 0.125 -1.25
vt 0.3259625 -2
vt 0.3259625 1
vt 0.2009625 -1.25
vt 0.2009625 1
vt 0 1
vt 0 -2
vt 0.2009625 0.3588
vt 0.2637625 1
vt 0.1256 1
vt 0 0.3588
vt 0.6875 1
vt 0.7503 0.3588
vt 0.9512625 0.3588
vt 0.8256625 1
vt 0.16612500000000002 0.7408687500000002
vt 0.3733625 0.7408687500000002
vt 0.4769875 0.8125
vt 0.0625 0.8125
vt 0.2006625 0.7134812500000001
vt 0.23520625 0.9283687500000002
vt 0.13158124999999998 1
vt 0.0625 0.7134812500000001
vt 0 0.6158687500000002
vt 0.03454375 0.40098125000000007
vt 0.17270625 0.40098125000000007
vt 0.10362500000000002 0.6875
vt 0.16612500000000002 0.6158687500000002
vt 0.3733625 0.6158687500000002
vt 0.4769875 0.6875
vt 0.0625 0.6875
vt 0.1381625 0.40098125000000007
vt 0.17270625 0.6158687500000002
vt 0.06908124999999998 0.6875
vt 0 0.40098125000000007
vt 0.375 0.6158687500000002
vt 0.40954375 0.40098125000000007
vt 0.5477062500000001 0.40098125000000007
vt 0.478625 0.6875
vt 0.2009625 0.3588
vt 0.2637625 1
vt 0.1256 1
vt 0 0.3588
vt 0.6875 1
vt 0.7503 0.3588
vt 0.9512625 0.3588
vt 0.8256625 1
vt 0.6028875 0.875
vt 0.2009625 0.875
vt 0 0.125
vt 0.80385 0.125
vt 0.125 1
vt 0.125 -1.25
vt 0.3259625 -2
vt 0.3259625 1
vt 0.2009625 -1.25
vt 0.2009625 1
vt 0 1
vt 0 -2
vt 0.291125 0.7408687500000002
vt 0.4983625 0.7408687500000002
vt 0.6019875 0.8125
vt 0.1875 0.8125
vt 0.5756625 0.40098125000000007
vt 0.61020625 0.6158687500000002
vt 0.50658125 0.6875
vt 0.4375 0.40098125000000007
vt 0.375 0.9283687500000002
vt 0.40954375 0.7134812500000001
vt 0.5477062500000001 0.7134812500000001
vt 0.478625 1
vt 0.2009625 0.3588
vt 0.2637625 1
vt 0.1256 1
vt 0 0.3588
vt 0.6875 1
vt 0.7503 0.3588
vt 0.9512625 0.3588
vt 0.8256625 1
vt 0.6028875 0.875
vt 0.2009625 0.875
vt 0 0.125
vt 0.80385 0.125
vt 0.125 1
vt 0.125 -1.25
vt 0.3259625 -2
vt 0.3259625 1
vt 0.2009625 -1.25
vt 0.2009625 1
vt 0 1
vt 0 -2
vt 0.16612500000000002 0.7408687500000002
vt 0.3733625 0.7408687500000002
vt 0.4769875 0.8125
vt 0.0625 0.8125
vt 0.5756625 0.7134812500000001
vt 0.61020625 0.9283687500000002
vt 0.50658125 1
vt 0.4375 0.7134812500000001
vt 0 0.9283687500000002
vt 0.03454375 0.7134812500000001
vt 0.17270625 0.7134812500000001
vt 0.10362500000000002 1
vt 0.2009625 0.3588
vt 0.2637625 1
vt 0.1256 1
vt 0 0.3588
vt 0.6875 1
vt 0.7503 0.3588
vt 0.9512625 0.3588
vt 0.8256625 1
vt 0.6028875 0.875
vt 0.2009625 0.875
vt 0 0.125
vt 0.80385 0.125
vt 0.125 1
vt 0.125 -1.25
vt 0.3259625 -2
vt 0.3259625 1
vt 0.2009625 -1.25
vt 0.2009625 1
vt 0 1
vt 0 -2
vt 0.0625 0.375
vt 0.0625 -0.026924999999999866
vt 0.125 -0.026924999999999866
vt 0.125 0.375
vt 0.19742499999999996 1
vt 0.1875 -1.2728437499999998
vt 0.25 -1.2728437499999998
vt 0.25 0.97715625
vt 0.06249940411057198 -1.2728654200236011
vt 0.06249940411057153 1
vt 0.009825152779950885 0.9773860488675441
vt 0 -1.2725924991130473
vt 0.31330752037785004 0.37610659539548696
vt 0.05243442015946542 1
vt 0 0.9672894437713049
vt 0.2560605048988752 0.37610659539548696
vt 0.6762392663485035 0.8749999999999999
vt 0 0.875
vt 0.02208181138359322 0.8221006474836938
vt 0.6662839674499503 0.8140939309230766
vt 0.2072375 1
vt 0 1
vt 0 0.9375
vt 0.2072375 0.9375
vt 0.12499736334162198 0.7732414619682149
vt 0.12499736334162215 1
vt 0.0625 0.9996146162201498
vt 0.06383546187694178 0.7819795058446919
vt 0.28925393610489425 0.9999999999999999
vt 0.0625 1
vt 0.07123535742625942 0.9388233895082403
vt 0.288875790794727 0.9375174813957983
vt 0.26973749999999996 0.875
vt 0.0625 0.875
vt 0.0625 0.8125
vt 0.26973749999999996 0.8125
vt 0.18749736334162198 0.7107414619682149
vt 0.18749736334162215 0.9375
vt 0.125 0.9371146162201498
vt 0.12633546187694178 0.7194795058446919
vt 0.35175393610489425 0.8749999999999999
vt 0.125 0.875
vt 0.13373535742625942 0.8138233895082403
vt 0.351375790794727 0.8125174813957983
vt 0.31330752037785004 0.37610659539548696
vt 0.05243442015946542 1
vt 0 0.9672894437713049
vt 0.2560605048988752 0.37610659539548696
vt 0.6762392663485035 0.8749999999999999
vt 0 0.875
vt 0.02208181138359322 0.8221006474836938
vt 0.6662839674499503 0.8140939309230766
vt 0.401925 0.0625
vt 0 0.0625
vt 0 0
vt 0.401925 0
vt 0.19742499999999996 1
vt 0.1875 -1.2728437499999998
vt 0.25 -1.2728437499999998
vt 0.25 0.97715625
vt 0.06249940411057198 -1.2728654200236011
vt 0.06249940411057153 1
vt 0.009825152779950885 0.9773860488675441
vt 0 -1.2725924991130473
vt 0.39473749999999996 1
vt 0.1875 1
vt 0.1875 0.9375
vt 0.39473749999999996 0.9375
vt 0.312497363341622 0.7732414619682149
vt 0.31249736334162215 1
vt 0.25 0.9996146162201498
vt 0.2513354618769418 0.7819795058446919
vt 0.47675393610489425 0.9999999999999999
vt 0.25 1
vt 0.2587353574262594 0.9388233895082403
vt 0.476375790794727 0.9375174813957983
vt 0.31330752037785004 0.37610659539548696
vt 0.05243442015946542 1
vt 0 0.9672894437713049
vt 0.2560605048988752 0.37610659539548696
vt 0.6762392663485035 0.8749999999999999
vt 0 0.875
vt 0.02208181138359322 0.8221006474836938
vt 0.6662839674499503 0.8140939309230766
vt 0.125 -0.026924999999999866
vt 0.125 0.375
vt 0.0625 0.375
vt 0.0625 -0.026924999999999866
vt 0.19742499999999996 1
vt 0.1875 -1.2728437499999998
vt 0.25 -1.2728437499999998
vt 0.25 0.97715625
vt 0.06249940411057198 -1.2728654200236011
vt 0.06249940411057153 1
vt 0.009825152779950885 0.9773860488675441
vt 0 -1.2725924991130473
vt 0.26973749999999996 1
vt 0.0625 1
vt 0.0625 0.9375
vt 0.26973749999999996 0.9375
vt 0.18749736334162198 0.7732414619682149
vt 0.18749736334162215 1
vt 0.125 0.9996146162201498
vt 0.12633546187694178 0.7819795058446919
vt 0.35175393610489425 0.9999999999999999
vt 0.125 1
vt 0.13373535742625942 0.9388233895082403
vt 0.351375790794727 0.9375174813957983
vt 0.31330752037785004 0.37610659539548696
vt 0.05243442015946542 1
vt 0 0.9672894437713049
vt 0.2560605048988752 0.37610659539548696
vt 0.6762392663485035 0.8749999999999999
vt 0 0.875
vt 0.02208181138359322 0.8221006474836938
vt 0.6662839674499503 0.8140939309230766
vt 0 0
vt 0.401925 0
vt 0.401925 0.0625
vt 0 0.0625
vt 0.19742499999999996 1
vt 0.1875 -1.2728437499999998
vt 0.25 -1.2728437499999998
vt 0.25 0.97715625
vt 0.06249940411057198 -1.2728654200236011
vt 0.06249940411057153 1
vt 0.009825152779950885 0.9773860488675441
vt 0 -1.2725924991130473
vt 0.7033663030322052 0.75
vt 0.10048173939641891 0.7499999999999996
vt 0 0.37500013113411224
vt 0.803846084847715 0.3750001311341129
vt 0.7033643454512957 0.75
vt 0.10047978181550937 0.75
vt 0 0.3750001311341127
vt 0.8038460848477149 0.3750001311341131
vt 0.3125 0.89951875
vt 0.3125 0.29663125
vt 0.6875 0.19615000000000005
vt 0.6875 1
vt 0.2500000000000002 0.8995202181844906
vt 0.25 0.29663565454870433
vt 0.6249998688658871 0.19615391515228509
vt 0.6249998688658873 1
vt 0.25000000000000044 0.899518260603581
vt 0.25 0.2966336969677946
vt 0.6249998688658871 0.19615391515228486
vt 0.6249998688658878 1
vt 0.10048124999999997 0.625
vt 0.70336875 0.625
vt 0.80385 1
vt 0 1
vt 0.10047978181550987 0.6250001311341122
vt 0.7033643454512961 0.6250001311341127
vt 0.803846084847715 1
vt 0 0.9999999999999993
vt 0.10048173939641902 0.6250001311341127
vt 0.7033663030322054 0.6250001311341122
vt 0.8038460848477151 0.9999999999999993
vt 0 1
vt 0.375 0.29663125
vt 0.375 0.89951875
vt 0 1
vt 0 0.19615000000000005
vt 0.3749998688658873 0.2966336969677945
vt 0.3749998688658871 0.8995182606035808
vt 0 1
vt 2.220446049250313e-16 0.19615391515228486
vt 0.3749998688658873 0.2966356545487042
vt 0.3749998688658873 0.8995202181844905
vt 4.440892098500626e-16 1
vt 0 0.19615391515228486
vt 0.70336875 0.6875
vt 0.10048124999999997 0.6875
vt 0 0.3125
vt 0.80385 0.3125
vt 0.31908125 0.8316749999999999
vt 0.45724375 0.8316749999999999
vt 0.5263249999999999 1
vt 0.25 1
vt 0.28798124999999997 0.3266875
vt 0.31938125 0.8316749999999999
vt 0.25029999999999997 1
vt 0.1875 0.3266875
vt 0.5 0.8316749999999999
vt 0.5314 0.3266875
vt 0.63188125 0.3266875
vt 0.56908125 1
vt 0.30144375 0.5625
vt 0.10048125 0.5625
vt 0 -0.005712500000000009
vt 0.401925 -0.005712500000000009
vt 0.3125 2.25
vt 0.3125 0.54535
vt 0.41298124999999997 -0.022862500000000008
vt 0.41298124999999997 2.25
vt 0.10048125 0.54535
vt 0.10048125 2.25
vt 0 2.25
vt 0 -0.022862500000000008
vt 0.31908125 0.8316749999999999
vt 0.45724375 0.8316749999999999
vt 0.5263249999999999 1
vt 0.25 1
vt 0.28798124999999997 0.3266875
vt 0.31938125 0.8316749999999999
vt 0.25029999999999997 1
vt 0.1875 0.3266875
vt 0.5 0.8316749999999999
vt 0.5314 0.3266875
vt 0.63188125 0.3266875
vt 0.56908125 1
vt 0.30144375 0.5625
vt 0.10048125 0.5625
vt 0 -0.005712500000000009
vt 0.401925 -0.005712500000000009
vt 0.3125 2.25
vt 0.3125 0.54535
vt 0.41298124999999997 -0.022862500000000008
vt 0.41298124999999997 2.25
vt 0.10048125 0.54535
vt 0.10048125 2.25
vt 0 2.25
vt 0 -0.022862500000000008
vt 0.31908125 0.8316749999999999
vt 0.45724375 0.8316749999999999
vt 0.5263249999999999 1
vt 0.25 1
vt 0.28798124999999997 0.3266875
vt 0.31938125 0.8316749999999999
vt 0.25029999999999997 1
vt 0.1875 0.3266875
vt 0.5 0.8316749999999999
vt 0.5314 0.3266875
vt 0.63188125 0.3266875
vt 0.56908125 1
vt 0.30144375 0.5625
vt 0.10048125 0.5625
vt 0 -0.005712500000000009
vt 0.401925 -0.005712500000000009
vt 0.3125 2.25
vt 0.3125 0.54535
vt 0.41298124999999997 -0.022862500000000008
vt 0.41298124999999997 2.25
vt 0.10048125 0.54535
vt 0.10048125 2.25
vt 0 2.25
vt 0 -0.022862500000000008
vt 0.31908125 0.8316749999999999
vt 0.45724375 0.8316749999999999
vt 0.5263249999999999 1
vt 0.25 1
vt 0.28798124999999997 0.3266875
vt 0.31938125 0.8316749999999999
vt 0.25029999999999997 1
vt 0.1875 0.3266875
vt 0.5 0.8316749999999999
vt 0.5314 0.3266875
vt 0.63188125 0.3266875
vt 0.56908125 1
vt 0.30144375 0.5625
vt 0.10048125 0.5625
vt 0 -0.005712500000000009
vt 0.401925 -0.005712500000000009
vt 0.3125 2.25
vt 0.3125 0.54535
vt 0.41298124999999997 -0.022862500000000008
vt 0.41298124999999997 2.25
vt 0.10048125 0.54535
vt 0.10048125 2.25
vt 0 2.25
vt 0 -0.022862500000000008
vt 0 0.5
vt 0.26795 0.5
vt 0.26795 1
vt 0 1
vt 5.551115123125783e-17 0.9712338382135871
vt 0 0.7608192340054607
vt 0.1073608929841336 0.7320513050606374
vt 0.1073631935017324 1
vt 0 0.8926370534788388
vt 0.26794869494923834 0.8926370534788388
vt 0.23918168777008322 0.9999981934508018
vt 0.028767083569711985 1
vt 0 0.5
vt 0.26795 0.5
vt 0.26795 1
vt 0 1
vt 0 0.9712320710551766
vt 5.551115123125783e-17 0.7608174668470502
vt 0.1073631935017324 0.7320513050606374
vt 0.10736089298413354 1
vt 0 0.892637053478839
vt 0.2679486949492383 0.8926370534788388
vt 0.2391816113795264 1
vt 0.028767007179155174 0.999998193450802
vt 0 0.5
vt 0.26795 0.5
vt 0.26795 1
vt 0 1
vt 0.23918253315294977 1
vt 0.02876792894482333 1
vt 0 0.8926391070158664
vt 0.26794869493936263 0.8926368064982676
vt 0.10736294652116113 0.7320513050507615
vt 0.10736294652116107 1
vt 0.0000018065491981245074 0.9712329928208447
vt 0 0.7608183886204736
vt 0 0.5
vt 0.26795 0.5
vt 0.26795 1
vt 0 1
vt 0.23918076599453925 1
vt 0.028766161786412836 1
vt 0 0.8926368064982676
vt 0.2679486949393626 0.8926391070158665
vt 0.10736294652116124 0.7320513050507617
vt 0.10736294652116118 1
vt 0 0.971232916430288
vt 0.0000018065491982910409 0.7608183122299168
vt 0 0.5
vt 0.26795 0.5
vt 0.26795 1
vt 0 1
vt 0.1073631935017324 0.7608174668470502
vt 0.10736319350173235 0.9712320710551767
vt 0.000002300517598752272 1
vt 0 0.7320513050606373
vt 0.26794869494923834 1
vt 0 1
vt 0.02876700717915512 0.892638860028037
vt 0.23918161137952637 0.8926370534788388
vt 0 0.5
vt 0.26795 0.5
vt 0.26795 1
vt 0 1
vt 0.1073631935017324 0.7608192340054607
vt 0.10736319350173235 0.9712338382135872
vt 0 1
vt 0.000002300517598863294 0.7320513050606374
vt 0.26794869494923834 1
vt 0 1
vt 0.028767083569712013 0.8926370534788388
vt 0.23918168777008322 0.892638860028037
vt 0 0.5
vt 0.26795 0.5
vt 0.26795 1
vt 0 1
vt 0.028766161786412864 0.8926368064982677
vt 0.2391807659945393 0.8926368064982676
vt 0.26794869493936263 0.9999976994824011
vt 0 1
vt 5.551115123125783e-17 1
vt 0 0.7320513050507617
vt 0.107361139971963 0.7608183122299168
vt 0.10736294652116124 0.971232916430288
vt 0 0.5
vt 0.26795 0.5
vt 0.26795 1
vt 0 1
vt 0.028767928944823357 0.8926368064982676
vt 0.23918253315294977 0.8926368064982677
vt 0.2679486949393626 1
vt 0 0.9999976994824011
vt 0 1
vt 5.551115123125783e-17 0.7320513050507617
vt 0.10736294652116124 0.7608183886204737
vt 0.10736113997196295 0.971232992820845
vt 0 0.5
vt 0.26795 0.5
vt 0.26795 1
vt 0 1
vt 5.551115123125783e-17 0.9712338382135871
vt 0 0.7608192340054607
vt 0.1073608929841336 0.7320513050606374
vt 0.1073631935017324 1
vt 0 0.8926370534788388
vt 0.26794869494923834 0.8926370534788388
vt 0.23918168777008322 0.9999981934508018
vt 0.028767083569711985 1
vt 0 0.5
vt 0.26795 0.5
vt 0.26795 1
vt 0 1
vt 0 0.9712320710551766
vt 5.551115123125783e-17 0.7608174668470502
vt 0.1073631935017324 0.7320513050606374
vt 0.10736089298413354 1
vt 0 0.892637053478839
vt 0.2679486949492383 0.8926370534788388
vt 0.2391816113795264 1
vt 0.028767007179155174 0.999998193450802
vt 0 0.5
vt 0.26795 0.5
vt 0.26795 1
vt 0 1
vt 0.23918253315294977 1
vt 0.02876792894482333 1
vt 0 0.8926391070158664
vt 0.26794869493936263 0.8926368064982676
vt 0.10736294652116113 0.7320513050507615
vt 0.10736294652116107 1
vt 0.0000018065491981245074 0.9712329928208447
vt 0 0.7608183886204736
vt 0 0.5
vt 0.26795 0.5
vt 0.26795 1
vt 0 1
vt 0.23918076599453925 1
vt 0.028766161786412836 1
vt 0 0.8926368064982676
vt 0.2679486949393626 0.8926391070158665
vt 0.10736294652116124 0.7320513050507617
vt 0.10736294652116118 1
vt 0 0.971232916430288
vt 0.0000018065491982910409 0.7608183122299168
vt 0 0.5
vt 0.26795 0.5
vt 0.26795 1
vt 0 1
vt 0.1073631935017324 0.7608174668470502
vt 0.10736319350173235 0.9712320710551767
vt 0.000002300517598752272 1
vt 0 0.7320513050606373
vt 0.26794869494923834 1
vt 0 1
vt 0.02876700717915512 0.892638860028037
vt 0.23918161137952637 0.8926370534788388
vt 0 0.5
vt 0.26795 0.5
vt 0.26795 1
vt 0 1
vt 0.1073631935017324 0.7608192340054607
vt 0.10736319350173235 0.9712338382135872
vt 0 1
vt 0.000002300517598863294 0.7320513050606374
vt 0.26794869494923834 1
vt 0 1
vt 0.028767083569712013 0.8926370534788388
vt 0.23918168777008322 0.892638860028037
vt 0 0.5
vt 0.26795 0.5
vt 0.26795 1
vt 0 1
vt 0.028766161786412864 0.8926368064982677
vt 0.2391807659945393 0.8926368064982676
vt 0.26794869493936263 0.9999976994824011
vt 0 1
vt 5.551115123125783e-17 1
vt 0 0.7320513050507617
vt 0.107361139971963 0.7608183122299168
vt 0.10736294652116124 0.971232916430288
vt 0 0.5
vt 0.26795 0.5
vt 0.26795 1
vt 0 1
vt 0.028767928944823357 0.8926368064982676
vt 0.23918253315294977 0.8926368064982677
vt 0.2679486949393626 1
vt 0 0.9999976994824011
vt 0 1
vt 5.551115123125783e-17 0.7320513050507617
vt 0.10736294652116124 0.7608183886204737
vt 0.10736113997196295 0.971232992820845
vt 0 0.5
vt 0.26795 0.5
vt 0.26795 1
vt 0 1
vt 5.551115123125783e-17 0.9712338382135871
vt 0 0.7608192340054607
vt 0.1073608929841336 0.7320513050606374
vt 0.1073631935017324 1
vt 0 0.8926370534788388
vt 0.26794869494923834 0.8926370534788388
vt 0.23918168777008322 0.9999981934508018
vt 0.028767083569711985 1
vt 0 0.5
vt 0.26795 0.5
vt 0.26795 1
vt 0 1
vt 0 0.9712320710551766
vt 5.551115123125783e-17 0.7608174668470502
vt 0.1073631935017324 0.7320513050606374
vt 0.10736089298413354 1
vt 0 0.892637053478839
vt 0.2679486949492383 0.8926370534788388
vt 0.2391816113795264 1
vt 0.028767007179155174 0.999998193450802
vt 0 0.5
vt 0.26795 0.5
vt 0.26795 1
vt 0 1
vt 0.23918253315294977 1
vt 0.02876792894482333 1
vt 0 0.8926391070158664
vt 0.26794869493936263 0.8926368064982676
vt 0.10736294652116113 0.7320513050507615
vt 0.10736294652116107 1
vt 0.0000018065491981245074 0.9712329928208447
vt 0 0.7608183886204736
vt 0 0.5
vt 0.26795 0.5
vt 0.26795 1
vt 0 1
vt 0.23918076599453925 1
vt 0.028766161786412836 1
vt 0 0.8926368064982676
vt 0.2679486949393626 0.8926391070158665
vt 0.10736294652116124 0.7320513050507617
vt 0.10736294652116118 1
vt 0 0.971232916430288
vt 0.0000018065491982910409 0.7608183122299168
vt 0 0.5
vt 0.26795 0.5
vt 0.26795 1
vt 0 1
vt 0.1073631935017324 0.7608174668470502
vt 0.10736319350173235 0.9712320710551767
vt 0.000002300517598752272 1
vt 0 0.7320513050606373
vt 0.26794869494923834 1
vt 0 1
vt 0.02876700717915512 0.892638860028037
vt 0.23918161137952637 0.8926370534788388
vt 0 0.5
vt 0.26795 0.5
vt 0.26795 1
vt 0 1
vt 0.1073631935017324 0.7608192340054607
vt 0.10736319350173235 0.9712338382135872
vt 0 1
vt 0.000002300517598863294 0.7320513050606374
vt 0.26794869494923834 1
vt 0 1
vt 0.028767083569712013 0.8926370534788388
vt 0.23918168777008322 0.892638860028037
vt 0 0.5
vt 0.26795 0.5
vt 0.26795 1
vt 0 1
vt 0.028766161786412864 0.8926368064982677
vt 0.2391807659945393 0.8926368064982676
vt 0.26794869493936263 0.9999976994824011
vt 0 1
vt 5.551115123125783e-17 1
vt 0 0.7320513050507617
vt 0.107361139971963 0.7608183122299168
vt 0.10736294652116124 0.971232916430288
vt 0 0.5
vt 0.26795 0.5
vt 0.26795 1
vt 0 1
vt 0.028767928944823357 0.8926368064982676
vt 0.23918253315294977 0.8926368064982677
vt 0.2679486949393626 1
vt 0 0.9999976994824011
vt 0 1
vt 5.551115123125783e-17 0.7320513050507617
vt 0.10736294652116124 0.7608183886204737
vt 0.10736113997196295 0.971232992820845
vn 0 -1 0
vn 0 1 0
vn 0 -1 0
vn 0 1 0
vn 0 -1 0
vn 0 1 0
vn 0 -1 0
vn 0 1 0
vn 0 -1 0
vn 0 1 0
vn 0 -1 0
vn 0 1 0
vn 0 -1 0
vn 0 1 0
vn 0 -1 0
vn 0 1 0
vn 0 -1 0
vn 0 1 0
vn 0 -1 0
vn 0 1 0
vn 0 -1 0
vn 0 1 0
vn 0 -1 0
vn 0 1 0
vn 0.21813675325968473 0.8998141071961996 -0.3778239396438899
vn 0.37782393964388983 0.8998141071961996 -0.2181367532596847
vn -0.727979698681489 0.6855986860457132 0
vn 0.37782393964388983 0.8998141071961996 0.21813675325968476
vn 0.21813675325968473 0.8998141071961995 0.3778239396438899
vn 0 0.6855986860457132 -0.7279796986814892
vn -0.21813675325968473 0.8998141071961996 0.37782393964388994
vn -0.3778239396438901 0.8998141071961997 0.21813675325968462
vn 0.7279796986814888 0.6855986860457134 7.799770357348854e-16
vn -0.37782393964389 0.8998141071961996 -0.21813675325968454
vn -0.21813675325968462 0.8998141071961997 -0.3778239396438901
vn -7.799770357348845e-16 0.6855986860457134 0.7279796986814888
vn -0.48822139851051566 0.2157764216631297 0.8456242675625455
vn -0.8456242675625455 0.21577642166312974 0.48822139851051577
vn -0.9764427970210315 0.21577642166312974 0
vn -0.8456242675625456 0.21577642166312977 -0.4882213985105159
vn -0.48822139851051577 0.21577642166312974 -0.8456242675625455
vn 0 0.21577642166312977 -0.9764427970210315
vn 0.4882213985105156 0.21577642166312969 -0.8456242675625454
vn 0.8456242675625456 0.21577642166312969 -0.4882213985105154
vn 0.9764427970210315 0.21577642166312977 6.97458056192642e-16
vn 0.8456242675625457 0.21577642166312969 0.4882213985105152
vn 0.4882213985105154 0.21577642166312969 0.8456242675625456
vn -6.974580561926412e-16 0.2157764216631298 0.9764427970210315
vn 0.8583978048705194 0.1324296472016934 -0.49559620371377816
vn 0.537428800030768 0.5239819541597044 -0.6607671273697462
vn 0.4955962037137779 0.13242964720169045 -0.8583978048705201
vn 0.8818119081785981 0.39206105326445584 -0.2620990063078938
vn 0.4942401189462162 0.15134998941565792 -0.8560489971537321
vn 0.8785406825240969 0 -0.47766752993069794
vn 0.856048997153732 0.151349989415658 -0.4942401189462164
vn 0.47766752993069794 0 -0.8785406825240969
vn -0.4955962037137778 0.13242964720169362 -0.8583978048705196
vn -0.6607671273697457 0.5239819541597045 -0.5374288000307685
vn -0.8583978048705203 0.13242964720169034 -0.49559620371377755
vn -0.2620990063078943 0.3920610532644556 -0.881811908178598
vn -0.8560489971537323 0.15134998941565792 -0.49424011894621567
vn -0.4776675299306982 0 -0.8785406825240968
vn -0.49424011894621606 0.1513499894156579 -0.8560489971537322
vn -0.8785406825240963 0 -0.4776675299306989
vn -0.8583978048705196 0.13242964720169362 0.4955962037137778
vn -0.5374288000307685 0.5239819541597045 0.6607671273697457
vn -0.49559620371377805 0.13242964720169362 0.8583978048705194
vn -0.881811908178598 0.3920610532644556 0.2620990063078943
vn -0.4942401189462163 0.15134998941565792 0.856048997153732
vn -0.8785406825240968 0 0.4776675299306982
vn -0.8560489971537322 0.1513499894156579 0.49424011894621606
vn -0.4776675299306989 0 0.8785406825240963
vn 0.49559620371377816 0.1324296472016934 0.8583978048705194
vn 0.6607671273697461 0.5239819541597044 0.5374288000307681
vn 0.8583978048705193 0.13242964720169362 0.4955962037137781
vn 0.2620990063078942 0.3920610532644558 0.881811908178598
vn 0.8560489971537318 0.15134998941565794 0.49424011894621644
vn 0.4776675299306982 0 0.8785406825240968
vn 0.4942401189462164 0.15134998941565794 0.856048997153732
vn 0.8785406825240968 0 0.4776675299306982
vn -1 -1.4802973661668753e-16 -5.524544980845176e-16
vn -1 0 0
vn -1 9.868649107779169e-17 0
vn -0.6823182503600114 0.7310552682428689 0
vn -0.6823182503600111 0.731055268242869 0
vn -0.43627350651936886 0.8998141071961998 -4.674351729875984e-16
vn -0.4362735065193696 0.8998141071961997 0
vn -0.4362735065193696 0.8998141071961997 0
vn 0 0.8998141071961997 0.4362735065193696
vn 0 0.8998141071961996 0.43627350651936947
vn 0 0.8998141071961998 0.43627350651936947
vn 0 0.7310552682428691 0.6823182503600111
vn 0 0.7310552682428691 0.6823182503600111
vn 0 0 1
vn 0 0 1
vn 0 0 1
vn 0.43627350651936947 0.8998141071961996 0
vn 0.4362735065193695 0.8998141071961997 0
vn 0.4362735065193696 0.8998141071961997 0
vn 0.6823182503600111 0.7310552682428691 0
vn 0.6823182503600111 0.731055268242869 0
vn 1 0 0
vn 1 0 0
vn 1 0 0
vn 4.674351729875979e-16 0.8998141071961998 -0.43627350651936886
vn 0 0.8998141071961996 -0.4362735065193695
vn 0 0.8998141071961997 -0.4362735065193696
vn 0 0.7310552682428689 -0.6823182503600113
vn 0 0.731055268242869 -0.6823182503600111
vn 5.5245449808451715e-16 -1.4802973661668756e-16 -1
vn 0 0 -1
vn 0 9.868649107779169e-17 -1
vn -0.9965457582448798 -0.08304547985373997 -5.505461866894301e-16
vn -4.2197166519413026e-16 1.8431287213276953e-18 1
vn 4.960945678545666e-16 -2.166889916854404e-18 -1
vn 0.12300056766120668 0.005368035670657105 -0.9923920820663876
vn 0.12034219344715913 0.008186220366604515 0.9926987167677996
vn 0.9984785351787213 0.05514176989682988 1.069796767030933e-15
vn 0.17952877224530603 0.009914618993025258 -0.9837027601192935
vn 0.17729001612163237 0.007737355596712939 0.9841282352986126
vn 0 0.0551417698968301 -0.9984785351787213
vn -0.9837027601192935 0.009914618993025358 -0.17952877224530614
vn 0.9841282352986126 0.00773735559671292 -0.17729001612163273
vn -0.9923920820663876 0.005368035670657127 -0.12300056766120648
vn 0.9926987167677994 0.008186220366604505 -0.12034219344715946
vn 0 -0.08304547985373999 0.9965457582448797
vn 1 0 0
vn -1 0 0
vn -0.9984785351787213 0.05514176989683011 0
vn -0.17952877224530614 0.009914618993025358 0.9837027601192935
vn -0.1772900161216328 0.00773735559671292 -0.9841282352986126
vn -0.12300056766120653 0.005368035670657136 0.9923920820663876
vn -0.12034219344715952 0.008186220366604506 -0.9926987167677996
vn 0.9965457582448797 -0.08304547985373997 0
vn 0 0 -1
vn 0 0 1
vn -1.0697967670309318e-15 0.05514176989682988 0.9984785351787213
vn 0.9837027601192935 0.009914618993025258 0.1795287722453062
vn -0.9841282352986126 0.007737355596712928 0.17729001612163214
vn 0.9923920820663874 0.005368035670657129 0.12300056766120702
vn -0.9926987167677996 0.008186220366604515 0.12034219344715905
vn 5.505461866894296e-16 -0.08304547985373997 -0.9965457582448798
vn -1 1.8431287213276953e-18 -4.2197166519413026e-16
vn 1 -2.166889916854404e-18 4.960945678545666e-16
vn 0.3535533905932735 -0.707106781186548 -0.6123724356957942
vn 0.6123724356957942 -0.7071067811865479 -0.3535533905932738
vn 0.7071067811865476 -0.7071067811865476 0
vn 0.6123724356957945 -0.7071067811865476 0.3535533905932739
vn 0.3535533905932738 -0.7071067811865477 0.6123724356957944
vn 0 -0.7071067811865476 0.7071067811865476
vn -0.3535533905932737 -0.7071067811865477 0.6123724356957944
vn -0.6123724356957944 -0.7071067811865479 0.3535533905932735
vn -0.7071067811865477 -0.7071067811865475 -6.696759803872683e-16
vn -0.6123724356957944 -0.7071067811865481 -0.35355339059327306
vn -0.3535533905932735 -0.7071067811865479 -0.6123724356957944
vn 6.696759803872676e-16 -0.7071067811865475 -0.7071067811865476
vn 1.1113891814404319e-15 0.7223457100756893 -0.6915321215498587
vn 6.909464370574175e-16 0.7223457100756888 -0.6915321215498591
vn 0 0.7223457100756889 -0.6915321215498589
vn 1.1048984563038977e-15 0.00436785521758746 -0.9999904608749018
vn -1.4583901115413687e-15 0.004367855217587525 -0.9999904608749018
vn 0 0.004367855217587655 -0.9999904608749018
vn -0.6915321215498585 0.7223457100756893 -1.1113891814404326e-15
vn -0.6915321215498591 0.7223457100756887 -6.909464370574179e-16
vn -0.691532121549859 0.7223457100756889 0
vn -0.9999904608749018 0.00436785521758746 -1.1048984563038987e-15
vn -0.9999904608749018 0.004367855217587525 1.4583901115413701e-15
vn -0.9999904608749018 0.004367855217587655 0
vn 0 0.7223457100756889 0.691532121549859
vn 0 0.7223457100756889 0.6915321215498589
vn 0 0.7223457100756889 0.6915321215498589
vn 0 0.0043678552175872645 0.9999904608749018
vn 1.458390111541369e-15 0.004367855217587525 0.9999904608749018
vn 0 0.004367855217587525 0.9999904608749018
vn 0.6915321215498589 0.7223457100756889 0
vn 0.6915321215498589 0.7223457100756889 0
vn 0.691532121549859 0.7223457100756889 0
vn 0.9999904608749018 0.0043678552175872645 0
vn 0.9999904608749018 0.004367855217587525 -1.4583901115413685e-15
vn 0.9999904608749018 0.004367855217587525 0
vn 0.9659258262890684 0 0.2588190451025207
vn 0.7642196395164002 -0.6115854446907987 0.20477203524842305
vn 0.7642196395164002 0.6115854446907987 0.20477203524842305
vn 0.9659258262890684 0 -0.25881904510252046
vn 0.7642196395163999 -0.611585444690799 -0.204772035248423
vn 0.7642196395164 0.611585444690799 -0.20477203524842283
vn 0.2588190451025207 0 -0.9659258262890684
vn 0.20477203524842305 -0.6115854446907987 -0.7642196395164002
vn 0.20477203524842305 0.6115854446907987 -0.7642196395164002
vn -0.2588190451025207 0 -0.9659258262890683
vn -0.2047720352484233 -0.6115854446907991 -0.7642196395163998
vn -0.204772035248423 0.611585444690799 -0.7642196395163999
vn -0.9659258262890684 0 -0.2588190451025209
vn -0.7642196395164002 -0.6115854446907987 -0.20477203524842363
vn -0.7642196395164002 0.6115854446907988 -0.2047720352484232
vn -0.9659258262890682 0 0.2588190451025212
vn -0.7642196395164006 -0.6115854446907985 0.20477203524842327
vn -0.7642196395164005 0.6115854446907985 0.20477203524842358
vn -0.2588190451025209 0 0.9659258262890684
vn -0.20477203524842344 -0.6115854446907987 0.7642196395164
vn -0.2047720352484232 0.6115854446907988 0.7642196395164002
vn 0.25881904510252085 0 0.9659258262890684
vn 0.2047720352484232 -0.6115854446907988 0.7642196395164003
vn 0.20477203524842313 0.6115854446907988 0.7642196395164
vn 0.5000000000000002 0 0.8660254037844386
vn 0.3955891946964546 -0.6115854446907987 0.6851805841395163
vn 0.3955891946964548 0.6115854446907986 0.6851805841395161
vn 0.8660254037844387 0 0.5000000000000003
vn 0.685180584139516 -0.6115854446907989 0.3955891946964547
vn 0.6851805841395159 0.6115854446907988 0.3955891946964548
vn 0.8660254037844386 0 -0.5000000000000002
vn 0.6851805841395163 -0.6115854446907987 -0.3955891946964546
vn 0.6851805841395161 0.6115854446907986 -0.3955891946964548
vn 0.5000000000000003 0 -0.8660254037844386
vn 0.39558919469645426 -0.6115854446907992 -0.6851805841395159
vn 0.3955891946964547 0.6115854446907992 -0.6851805841395157
vn -0.4999999999999997 0 -0.8660254037844388
vn -0.3955891946964543 -0.6115854446907986 -0.6851805841395164
vn -0.3955891946964545 0.6115854446907987 -0.6851805841395163
vn -0.866025403784439 0 -0.49999999999999967
vn -0.6851805841395165 -0.6115854446907982 -0.3955891946964548
vn -0.6851805841395165 0.6115854446907983 -0.3955891946964545
vn -0.8660254037844388 0 0.4999999999999997
vn -0.6851805841395165 -0.6115854446907985 0.3955891946964542
vn -0.6851805841395163 0.6115854446907987 0.3955891946964545
vn -0.5000000000000003 0 0.8660254037844387
vn -0.39558919469645454 -0.6115854446907991 0.685180584139516
vn -0.39558919469645476 0.611585444690799 0.6851805841395158
vn 0.9659258262890684 0 0.2588190451025207
vn 0.7642196395164002 -0.6115854446907987 0.20477203524842305
vn 0.7642196395164002 0.6115854446907987 0.20477203524842305
vn 0.9659258262890684 0 -0.25881904510252046
vn 0.7642196395163997 -0.6115854446907992 -0.20477203524842308
vn 0.7642196395163999 0.6115854446907991 -0.2047720352484228
vn 0.2588190451025207 0 -0.9659258262890684
vn 0.20477203524842305 -0.6115854446907987 -0.7642196395164002
vn 0.20477203524842305 0.6115854446907987 -0.7642196395164002
vn -0.2588190451025207 0 -0.9659258262890683
vn -0.2047720352484233 -0.6115854446907991 -0.7642196395163998
vn -0.204772035248423 0.611585444690799 -0.7642196395163999
vn -0.9659258262890684 0 -0.2588190451025209
vn -0.7642196395164002 -0.6115854446907987 -0.20477203524842363
vn -0.7642196395164002 0.6115854446907988 -0.2047720352484232
vn -0.9659258262890682 0 0.2588190451025212
vn -0.7642196395164006 -0.6115854446907985 0.20477203524842327
vn -0.7642196395164005 0.6115854446907985 0.20477203524842358
vn -0.2588190451025209 0 0.9659258262890684
vn -0.20477203524842366 -0.6115854446907987 0.7642196395164003
vn -0.2047720352484232 0.6115854446907988 0.7642196395164002
vn 0.2588190451025208 0 0.9659258262890684
vn 0.2047720352484232 -0.6115854446907989 0.7642196395164
vn 0.20477203524842308 0.6115854446907989 0.7642196395164
usemtl m_06ae47c4-97d3-e777-9611-23daa57ec267
f 159/1/1 160/2/1 156/3/1
f 51/4/2 50/5/2 47/6/2
f 158/7/3 159/8/3 156/9/3
f 50/10/4 49/11/4 47/12/4
f 157/13/5 158/14/5 156/15/5
f 49/16/6 48/17/6 47/18/6
f 155/19/7 157/20/7 156/21/7
f 48/22/8 45/23/8 47/24/8
f 154/25/9 155/26/9 156/27/9
f 45/28/10 46/29/10 47/30/10
f 166/31/11 154/32/11 156/33/11
f 46/34/12 57/35/12 47/36/12
f 165/37/13 166/38/13 156/39/13
f 57/40/14 56/41/14 47/42/14
f 164/43/15 165/44/15 156/45/15
f 56/46/16 55/47/16 47/48/16
f 163/49/17 164/50/17 156/51/17
f 55/52/18 54/53/18 47/54/18
f 162/55/19 163/56/19 156/57/19
f 54/58/20 53/59/20 47/60/20
f 161/61/21 162/62/21 156/63/21
f 53/64/22 52/65/22 47/66/22
f 160/67/23 161/68/23 156/69/23
f 52/70/24 51/71/24 47/72/24
f 34/73/25 33/74/25 21/75/25 22/76/25
f 33/77/26 35/78/26 23/79/26 21/80/26
f 138/81/27 139/82/27 140/83/27 141/84/27
f 36/85/28 37/86/28 25/87/28 24/88/28
f 37/89/29 38/90/29 26/91/29 25/92/29
f 130/93/30 131/94/30 132/95/30 133/96/30
f 39/97/31 40/98/31 28/99/31 27/100/31
f 40/101/32 41/102/32 29/103/32 28/104/32
f 128/105/33 129/106/33 127/107/33 126/108/33
f 42/109/34 43/110/34 31/111/34 30/112/34
f 43/113/35 44/114/35 32/115/35 31/116/35
f 146/117/36 147/118/36 148/119/36 149/120/36
f 46/121/37 45/122/37 33/123/37 34/124/37
f 45/125/38 48/126/38 35/127/38 33/128/38
f 48/129/39 49/130/39 36/131/39 35/132/39
f 49/133/40 50/134/40 37/135/40 36/136/40
f 50/137/41 51/138/41 38/139/41 37/140/41
f 51/141/42 52/142/42 39/143/42 38/144/42
f 52/145/43 53/146/43 40/147/43 39/148/43
f 53/149/44 54/150/44 41/151/44 40/152/44
f 54/153/45 55/154/45 42/155/45 41/156/45
f 55/157/46 56/158/46 43/159/46 42/160/46
f 56/161/47 57/162/47 44/163/47 43/164/47
f 57/165/48 46/166/48 34/167/48 44/168/48
f 59/169/49 58/170/49 21/171/49 23/172/49
f 60/173/50 59/174/50 23/175/50 7/176/50
f 58/177/51 61/178/51 22/179/51 21/180/51
f 61/181/52 62/182/52 10/183/52 22/184/52
f 64/185/53 63/186/53 8/187/53 9/188/53
f 62/189/54 64/190/54 9/191/54 10/192/54
f 63/193/55 65/194/55 6/195/55 8/196/55
f 65/197/56 60/198/56 7/199/56 6/200/56
f 67/201/57 66/202/57 31/203/57 32/204/57
f 68/205/58 67/206/58 32/207/58 12/208/58
f 66/209/59 69/210/59 30/211/59 31/212/59
f 69/213/60 70/214/60 15/215/60 30/216/60
f 72/217/61 71/218/61 13/219/61 14/220/61
f 70/221/62 72/222/62 14/223/62 15/224/62
f 71/225/63 73/226/63 11/227/63 13/228/63
f 73/229/64 68/230/64 12/231/64 11/232/64
f 75/233/65 74/234/65 28/235/65 29/236/65
f 76/237/66 75/238/66 29/239/66 17/240/66
f 74/241/67 77/242/67 27/243/67 28/244/67
f 77/245/68 78/246/68 20/247/68 27/248/68
f 80/249/69 79/250/69 18/251/69 19/252/69
f 78/253/70 80/254/70 19/255/70 20/256/70
f 79/257/71 81/258/71 16/259/71 18/260/71
f 81/261/72 76/262/72 17/263/72 16/264/72
f 83/265/73 82/266/73 25/267/73 26/268/73
f 84/269/74 83/270/74 26/271/74 2/272/74
f 82/273/75 85/274/75 24/275/75 25/276/75
f 85/277/76 86/278/76 5/279/76 24/280/76
f 88/281/77 87/282/77 3/283/77 4/284/77
f 86/285/78 88/286/78 4/287/78 5/288/78
f 87/289/79 89/290/79 1/291/79 3/292/79
f 89/293/80 84/294/80 2/295/80 1/296/80
f 91/297/81 90/298/81 14/299/81 16/300/81
f 92/301/82 91/302/82 16/303/82 17/304/82
f 90/305/83 93/306/83 15/307/83 14/308/83
f 93/309/84 95/310/84 30/311/84 15/312/84
f 94/313/85 92/314/85 17/315/85 29/316/85
f 97/317/86 96/318/86 41/319/86 42/320/86
f 95/321/87 97/322/87 42/323/87 30/324/87
f 96/325/88 94/326/88 29/327/88 41/328/88
f 99/329/89 98/330/89 38/331/89 39/332/89
f 100/333/90 99/334/90 39/335/90 27/336/90
f 98/337/91 101/338/91 26/339/91 38/340/91
f 102/341/92 100/342/92 27/343/92 20/344/92
f 101/345/93 103/346/93 2/347/93 26/348/93
f 105/349/94 104/350/94 19/351/94 1/352/94
f 103/353/95 105/354/95 1/355/95 2/356/95
f 104/357/96 102/358/96 20/359/96 19/360/96
f 107/361/97 106/362/97 35/363/97 36/364/97
f 108/365/98 107/366/98 36/367/98 24/368/98
f 106/369/99 109/370/99 23/371/99 35/372/99
f 110/373/100 108/374/100 24/375/100 5/376/100
f 109/377/101 111/378/101 7/379/101 23/380/101
f 113/381/102 112/382/102 4/383/102 6/384/102
f 111/385/103 113/386/103 6/387/103 7/388/103
f 112/389/104 110/390/104 5/391/104 4/392/104
f 115/393/105 114/394/105 44/395/105 34/396/105
f 116/397/106 115/398/106 34/399/106 22/400/106
f 114/401/107 117/402/107 32/403/107 44/404/107
f 118/405/108 116/406/108 22/407/108 10/408/108
f 117/409/109 119/410/109 12/411/109 32/412/109
f 121/413/110 120/414/110 9/415/110 11/416/110
f 119/417/111 121/418/111 11/419/111 12/420/111
f 120/421/112 118/422/112 10/423/112 9/424/112
f 123/425/113 122/426/113 90/427/113 91/428/113
f 124/429/114 123/430/114 91/431/114 92/432/114
f 122/433/115 125/434/115 93/435/115 90/436/115
f 125/437/116 127/438/116 95/439/116 93/440/116
f 126/441/117 124/442/117 92/443/117 94/444/117
f 129/445/118 128/446/118 96/447/118 97/448/118
f 127/449/119 129/450/119 97/451/119 95/452/119
f 128/453/120 126/454/120 94/455/120 96/456/120
f 131/457/121 130/458/121 98/459/121 99/460/121
f 132/461/122 131/462/122 99/463/122 100/464/122
f 130/465/123 133/466/123 101/467/123 98/468/123
f 134/469/124 132/470/124 100/471/124 102/472/124
f 133/473/125 135/474/125 103/475/125 101/476/125
f 137/477/126 136/478/126 104/479/126 105/480/126
f 135/481/127 137/482/127 105/483/127 103/484/127
f 136/485/128 134/486/128 102/487/128 104/488/128
f 139/489/129 138/490/129 106/491/129 107/492/129
f 140/493/130 139/494/130 107/495/130 108/496/130
f 138/497/131 141/498/131 109/499/131 106/500/131
f 142/501/132 140/502/132 108/503/132 110/504/132
f 141/505/133 143/506/133 111/507/133 109/508/133
f 145/509/134 144/510/134 112/511/134 113/512/134
f 143/513/135 145/514/135 113/515/135 111/516/135
f 144/517/136 142/518/136 110/519/136 112/520/136
f 147/521/137 146/522/137 114/523/137 115/524/137
f 148/525/138 147/526/138 115/527/138 116/528/138
f 146/529/139 149/530/139 117/531/139 114/532/139
f 150/533/140 148/534/140 116/535/140 118/536/140
f 149/537/141 151/538/141 119/539/141 117/540/141
f 153/541/142 152/542/142 120/543/142 121/544/142
f 151/545/143 153/546/143 121/547/143 119/548/143
f 152/549/144 150/550/144 118/551/144 120/552/144
f 155/553/145 154/554/145 9/555/145 8/556/145
f 157/557/146 155/558/146 8/559/146 6/560/146
f 158/561/147 157/562/147 6/563/147 4/564/147
f 159/565/148 158/566/148 4/567/148 3/568/148
f 160/569/149 159/570/149 3/571/149 1/572/149
f 161/573/150 160/574/150 1/575/150 19/576/150
f 162/577/151 161/578/151 19/579/151 18/580/151
f 163/581/152 162/582/152 18/583/152 16/584/152
f 164/585/153 163/586/153 16/587/153 14/588/153
f 165/589/154 164/590/154 14/591/154 13/592/154
f 166/593/155 165/594/155 13/595/155 11/596/155
f 154/597/156 166/598/156 11/599/156 9/600/156
f 168/601/157 167/602/157 149/603/157 148/604/157
f 169/605/158 168/606/158 148/607/158 150/608/158
f 167/609/159 170/610/159 151/611/159 149/612/159
f 172/613/160 171/614/160 152/615/160 153/616/160
f 170/617/161 172/618/161 153/619/161 151/620/161
f 171/621/162 169/622/162 150/623/162 152/624/162
f 174/625/163 173/626/163 126/627/163 127/628/163
f 175/629/164 174/630/164 127/631/164 125/632/164
f 173/633/165 176/634/165 124/635/165 126/636/165
f 178/637/166 177/638/166 122/639/166 123/640/166
f 176/641/167 178/642/167 123/643/167 124/644/167
f 177/645/168 175/646/168 125/647/168 122/648/168
f 180/649/169 179/650/169 133/651/169 132/652/169
f 181/653/170 180/654/170 132/655/170 134/656/170
f 179/657/171 182/658/171 135/659/171 133/660/171
f 184/661/172 183/662/172 136/663/172 137/664/172
f 182/665/173 184/666/173 137/667/173 135/668/173
f 183/669/174 181/670/174 134/671/174 136/672/174
f 186/673/175 185/674/175 141/675/175 140/676/175
f 187/677/176 186/678/176 140/679/176 142/680/176
f 185/681/177 188/682/177 143/683/177 141/684/177
f 190/685/178 189/686/178 144/687/178 145/688/178
f 188/689/179 190/690/179 145/691/179 143/692/179
f 189/693/180 187/694/180 142/695/180 144/696/180
f 191/697/181 195/698/181 196/699/181 192/700/181
f 193/701/182 197/702/182 195/703/182 191/704/182
f 192/705/183 196/706/183 198/707/183 194/708/183
f 195/709/184 199/710/184 200/711/184 196/712/184
f 197/713/185 201/714/185 199/715/185 195/716/185
f 196/717/186 200/718/186 202/719/186 198/720/186
f 203/721/187 207/722/187 208/723/187 204/724/187
f 205/725/188 209/726/188 207/727/188 203/728/188
f 204/729/189 208/730/189 210/731/189 206/732/189
f 207/733/190 211/734/190 212/735/190 208/736/190
f 209/737/191 213/738/191 211/739/191 207/740/191
f 208/741/192 212/742/192 214/743/192 210/744/192
f 215/745/193 219/746/193 220/747/193 216/748/193
f 217/749/194 221/750/194 219/751/194 215/752/194
f 216/753/195 220/754/195 222/755/195 218/756/195
f 219/757/196 223/758/196 224/759/196 220/760/196
f 221/761/197 225/762/197 223/763/197 219/764/197
f 220/765/198 224/766/198 226/767/198 222/768/198
f 227/769/199 231/770/199 232/771/199 228/772/199
f 229/773/200 233/774/200 231/775/200 227/776/200
f 228/777/201 232/778/201 234/779/201 230/780/201
f 231/781/202 235/782/202 236/783/202 232/784/202
f 233/785/203 237/786/203 235/787/203 231/788/203
f 232/789/204 236/790/204 238/791/204 234/792/204
f 239/793/205 243/794/205 244/795/205 240/796/205
f 241/797/206 245/798/206 243/799/206 239/800/206
f 240/801/207 244/802/207 246/803/207 242/804/207
f 243/805/208 247/806/208 248/807/208 244/808/208
f 245/809/209 249/810/209 247/811/209 243/812/209
f 244/813/210 248/814/210 250/815/210 246/816/210
f 251/817/211 255/818/211 256/819/211 252/820/211
f 253/821/212 257/822/212 255/823/212 251/824/212
f 252/825/213 256/826/213 258/827/213 254/828/213
f 255/829/214 259/830/214 260/831/214 256/832/214
f 257/833/215 261/834/215 259/835/215 255/836/215
f 256/837/216 260/838/216 262/839/216 258/840/216
f 263/841/217 267/842/217 268/843/217 264/844/217
f 265/845/218 269/846/218 267/847/218 263/848/218
f 264/849/219 268/850/219 270/851/219 266/852/219
f 267/853/220 271/854/220 272/855/220 268/856/220
f 269/857/221 273/858/221 271/859/221 267/860/221
f 268/861/222 272/862/222 274/863/222 270/864/222
f 275/865/223 279/866/223 280/867/223 276/868/223
f 277/869/224 281/870/224 279/871/224 275/872/224
f 276/873/225 280/874/225 282/875/225 278/876/225
f 279/877/226 283/878/226 284/879/226 280/880/226
f 281/881/227 285/882/227 283/883/227 279/884/227
f 280/885/228 284/886/228 286/887/228 282/888/228
f 287/889/229 291/890/229 292/891/229 288/892/229
f 289/893/230 293/894/230 291/895/230 287/896/230
f 288/897/231 292/898/231 294/899/231 290/900/231
f 291/901/232 295/902/232 296/903/232 292/904/232
f 293/905/233 297/906/233 295/907/233 291/908/233
f 292/909/234 296/910/234 298/911/234 294/912/234
f 299/913/235 303/914/235 304/915/235 300/916/235
f 301/917/236 305/918/236 303/919/236 299/920/236
f 300/921/237 304/922/237 306/923/237 302/924/237
f 303/925/238 307/926/238 308/927/238 304/928/238
f 305/929/239 309/930/239 307/931/239 303/932/239
f 304/933/240 308/934/240 310/935/240 306/936/240
f 311/937/241 315/938/241 316/939/241 312/940/241
f 313/941/242 317/942/242 315/943/242 311/944/242
f 312/945/243 316/946/243 318/947/243 314/948/243
f 315/949/244 319/950/244 320/951/244 316/952/244
f 317/953/245 321/954/245 319/955/245 315/956/245
f 316/957/246 320/958/246 322/959/246 318/960/246
f 323/961/247 327/962/247 328/963/247 324/964/247
f 325/965/248 329/966/248 327/967/248 323/968/248
f 324/969/249 328/970/249 330/971/249 326/972/249
f 327/973/250 331/974/250 332/975/250 328/976/250
f 329/977/251 333/978/251 331/979/251 327/980/251
f 328/981/252 332/982/252 334/983/252 330/984/252
o crystal
v 0 -4.3125 0
v 0.13397459621556132 -4.3125 0.49999999999999994
v 0.13397459621556132 4.3125 0.49999999999999994
v 0.3660254037844386 -4.3125 0.36602540378443865
v 0.3660254037844386 4.3125 0.36602540378443865
v 0.49999999999999994 -4.3125 0.13397459621556132
v 0.49999999999999994 4.3125 0.13397459621556132
v 0.49999999999999994 -4.3125 -0.13397459621556138
v 0.49999999999999994 4.3125 -0.13397459621556138
v 0.36602540378443865 -4.3125 -0.3660254037844386
v 0.36602540378443865 4.3125 -0.3660254037844386
v 0.1339745962155615 -4.3125 -0.4999999999999999
v 0.1339745962155615 4.3125 -0.4999999999999999
v -0.13397459621556113 -4.3125 -0.5
v -0.13397459621556113 4.3125 -0.5
v -0.3660254037844386 -4.3125 -0.3660254037844387
v -0.3660254037844386 4.3125 -0.3660254037844387
v -0.49999999999999994 -4.3125 -0.13397459621556126
v -0.49999999999999994 4.3125 -0.13397459621556126
v -0.5 -4.3125 0.1339745962155611
v -0.5 4.3125 0.1339745962155611
v -0.3660254037844387 -4.3125 0.36602540378443854
v -0.3660254037844387 4.3125 0.36602540378443854
v -0.1339745962155613 -4.3125 0.49999999999999994
v -0.1339745962155613 4.3125 0.49999999999999994
v -0.18750000000000003 4.875 0.0502404735808354
v -0.13725952641916453 4.875 0.13725952641916442
v -1.3877787807814457e-17 4.875 -1.3877787807814457e-17
v -0.18749999999999997 4.875 -0.050240473580835485
v -0.13725952641916447 4.875 -0.13725952641916453
v -0.050240473580835436 4.875 -0.18750000000000003
v 0.05024047358083554 4.875 -0.18749999999999997
v 0.13725952641916447 4.875 -0.13725952641916447
v 0.13725952641916447 4.875 0.13725952641916447
v 0.050240473580835485 4.875 0.18749999999999997
v 0.18749999999999997 4.875 -0.050240473580835526
v 0.18749999999999997 4.875 0.050240473580835485
v -0.0502404735808355 4.875 0.18749999999999997
v -0.06908065117364831 -0.3779401297299994 -1.1877976056327981
v 0.06908065117364928 -0.3779401297299994 -1.187797605632798
v 0.10048094716167162 -0.7271545228674103 -1.55257244532375
v -0.10048094716167034 -0.7271545228674103 -1.5525724453237504
v 0.10048094716167162 -2.4317886307168526 -1.5600181113309375
v -0.10048094716167034 -2.4317886307168526 -1.5600181113309377
v -1.1877976056327981 -0.3779401297299994 0.06908065117364856
v -1.187797605632798 -0.3779401297299994 -0.06908065117364892
v -1.55257244532375 -0.7271545228674103 -0.10048094716167114
v -1.5525724453237504 -0.7271545228674103 0.10048094716167064
v -1.5600181113309375 -2.4317886307168526 -0.10048094716167114
v -1.5600181113309377 -2.4317886307168526 0.10048094716167064
v 0.0690806511736489 -0.3779401297299994 1.1877976056327981
v -0.0690806511736487 -0.3779401297299994 1.1877976056327981
v -0.10048094716167086 -0.7271545228674103 1.5525724453237504
v 0.10048094716167108 -0.7271545228674103 1.5525724453237504
v -0.10048094716167086 -2.4317886307168526 1.5600181113309377
v 0.10048094716167108 -2.4317886307168526 1.5600181113309377
v 1.1877976056327981 -0.3779401297299994 -0.06908065117364887
v 1.1877976056327981 -0.3779401297299994 0.06908065117364878
v 1.5525724453237504 -0.7271545228674103 0.10048094716167096
v 1.5525724453237504 -0.7271545228674103 -0.10048094716167107
v 1.5600181113309377 -2.4317886307168526 0.10048094716167096
v 1.5600181113309377 -2.4317886307168526 -0.10048094716167107
v 0.824242785849046 -0.3410691520656255 -0.7316927505455723
v 0.731692750545572 -0.3410691520656255 -0.8242427858490462
v 0.8281610830436431 -0.03809554105363916 -0.9460177525979687
v 0.9460177525979685 -0.03809554105363916 -0.8281610830436433
v -0.7316927505455717 -0.3410691520656255 -0.8242427858490461
v -0.8242427858490459 -0.3410691520656255 -0.7316927505455724
v -0.9460177525979683 -0.03809554105363916 -0.8281610830436436
v -0.828161083043643 -0.03809554105363916 -0.9460177525979689
v -0.8242427858490461 -0.3410691520656255 0.7316927505455721
v -0.7316927505455723 -0.3410691520656255 0.824242785849046
v -0.8281610830436433 -0.03809554105363916 0.9460177525979685
v -0.9460177525979686 -0.03809554105363916 0.8281610830436432
v 0.7316927505455723 -0.3410691520656255 0.824242785849046
v 0.8242427858490462 -0.3410691520656255 0.731692750545572
v 0.9460177525979687 -0.03809554105363916 0.8281610830436431
v 0.8281610830436433 -0.03809554105363916 0.9460177525979685
v 1.1002125688737627 1.3464308479343745 0.0654427575621408
v 1.1002125688737627 1.3464308479343745 -0.06544275756214085
v 1.254533885719837 1.6494044589463606 -0.08333725024992567
v 1.254533885719837 1.6494044589463606 0.08333725024992555
v 0.06544275756214121 1.3464308479343745 -1.1002125688737625
v -0.06544275756214035 1.3464308479343745 -1.1002125688737627
v -0.08333725024992511 1.6494044589463606 -1.254533885719837
v 0.08333725024992608 1.6494044589463606 -1.254533885719837
v -1.1002125688737627 1.3464308479343745 -0.06544275756214085
v -1.1002125688737627 1.3464308479343745 0.0654427575621406
v -1.254533885719837 1.6494044589463606 0.08333725024992539
v -1.254533885719837 1.6494044589463606 -0.08333725024992564
v -0.06544275756214074 1.3464308479343745 1.1002125688737627
v 0.06544275756214088 1.3464308479343745 1.1002125688737627
v 0.08333725024992564 1.6494044589463606 1.254533885719837
v -0.08333725024992553 1.6494044589463606 1.254533885719837
v 0.824242785849046 3.0964308479343745 -0.7316927505455723
v 0.731692750545572 3.0964308479343745 -0.8242427858490462
v 0.8281610830436431 3.3994044589463606 -0.9460177525979687
v 0.9460177525979685 3.3994044589463606 -0.8281610830436433
v -0.7316927505455717 3.0964308479343745 -0.8242427858490461
v -0.8242427858490459 3.0964308479343745 -0.7316927505455724
v -0.9460177525979683 3.3994044589463606 -0.8281610830436436
v -0.828161083043643 3.3994044589463606 -0.9460177525979689
v -0.8242427858490461 3.0964308479343745 0.7316927505455721
v -0.7316927505455723 3.0964308479343745 0.824242785849046
v -0.8281610830436433 3.3994044589463606 0.9460177525979685
v -0.9460177525979686 3.3994044589463606 0.8281610830436432
v 0.7316927505455723 3.0964308479343745 0.824242785849046
v 0.8242427858490462 3.0964308479343745 0.731692750545572
v 0.9460177525979687 3.3994044589463606 0.8281610830436431
v 0.8281610830436433 3.3994044589463606 0.9460177525979685
vt 0.5176375191676121 0.7411812404161939
vt 0.44828802160274145 1
vt 0 0.7411812404161939
vt 0 0.5
vt 0.26795 0.5
vt 0.26795 1
vt 0 1
vt 0 0.5492713539657815
vt 0.19411381635893044 0.6012844225772749
vt 6.938893903907228e-17 0.9375
vt 0.5176381947122913 0.7411815781880927
vt 0.44828743656363346 1
vt 0 0.7411815781880928
vt 0 0.5
vt 0.26795 0.5
vt 0.26795 1
vt 0 1
vt 2.7755575615628914e-17 0.5492718606242909
vt 0.19411406968785458 0.6012839837979439
vt 0 0.9375
vt 0.5 0.73205
vt 0.5 1
vt 0 0.866025
vt 0 0.5
vt 0.26795 0.5
vt 0.26795 1
vt 0 1
vt 0.4375 0.7365375000000001
vt 0.4375 0.9375
vt 0.0625 0.83701875
vt 5.551115123125783e-17 0.48236248083238786
vt 0.25881875958380607 0.5517119783972586
vt 0 1
vt 0 0.5
vt 0.26795 0.5
vt 0.26795 1
vt 0 1
vt 0.45072864603421847 0.7433861836410696
vt 0.39871557742272506 0.9375
vt 0.0625 0.7433861836410696
vt 0 0.48236180528770867
vt 0.2588184218119073 0.5517125634363665
vt 8.326672684688674e-17 1
vt 0 0.5
vt 0.26795 0.5
vt 0.26795 1
vt 0 1
vt 0.4507281393757091 0.7433859303121455
vt 0.3987160162020561 0.9375
vt 0.0625 0.7433859303121454
vt 0 0.5
vt 0.26795 0.5
vt 0.133975 1
vt 0 0.5
vt 0.26795 0.5
vt 0.26795 1
vt 0 1
vt 0.2634625 0.9375
vt 0.0625 0.9375
vt 0.16298125 0.5625
vt 0 1
vt 0.06934949756487069 0.7411812404161939
vt 0.5176375191676121 1
vt 0 0.5
vt 0.26795 0.5
vt 0.26795 1
vt 0 1
vt 0.25661381635893044 0.9375
vt 0.0625 0.8854869313885065
vt 0.25661381635893055 0.5492713539657815
vt 0 1
vt 0.06935075814865788 0.7411815781880927
vt 0.5176381947122913 0.9999999999999999
vt 0 0.5
vt 0.26795 0.5
vt 0.26795 1
vt 0 1
vt 0.25661406968785455 0.9375
vt 0.0625 0.885487876826347
vt 0.2566140696878546 0.5492718606242909
vt 0 1
vt 0 0.73205
vt 0.5 0.866025
vt 0 0.5
vt 0.26795 0.5
vt 0.26795 1
vt 0 1
vt 0.0625 0.9375
vt 0.0625 0.7365375000000001
vt 0.4375 0.83701875
vt 0.258818759583806 1
vt 0 0.9306505024351293
vt 0.25881875958380607 0.48236248083238786
vt 0 0.5
vt 0.26795 0.5
vt 0.26795 1
vt 0 1
vt 0.0625 1
vt 0.11451306861149341 0.8058861836410696
vt 0.45072864603421847 0.9999999999999999
vt 0.2588184218119073 1
vt 0 0.9306492418513421
vt 0.2588184218119072 0.48236180528770867
vt 0 0.5
vt 0.26795 0.5
vt 0.26795 1
vt 0 1
vt 0.0625 1
vt 0.114512123173653 0.8058859303121454
vt 0.4507281393757091 1
vt 0.26795 1
vt 0 1
vt 0.133975 0.5
vt 0 0.5
vt 0.26795 0.5
vt 0.26795 1
vt 0 1
vt 0.0625 0.5625
vt 0.2634625 0.5625
vt 0.16298125 0.9375
vt 0.18749995628862914 0.7655445656559314
vt 0.1874999562886291 0.9665060868678603
vt 0.0625 1
vt 0.06250000000000006 0.7320513050507615
vt 0.125 0.76554375
vt 0.125 0.96650625
vt 0 1
vt 0 0.73205
vt 0.03349391313213963 0.812500043711371
vt 0.2344554343440684 0.8125000437113707
vt 0.2679486949492383 0.9374999999999998
vt 0 0.9375
vt 0.03349326060516983 0.812500043711371
vt 0.23445478181709856 0.8125000437113709
vt 0.26794869494923834 0.9375
vt 0 0.9375
vt 0.03349375000000002 0.875
vt 0.23445625 0.875
vt 0.26795 1
vt 0 1
vt 0.375 0.9665060868678602
vt 0.3750000000000001 0.7655445656559314
vt 0.49999995628862914 0.7320513050507617
vt 0.4999999562886291 1
vt 0.23445543434406851 0.625
vt 0.03349391313213977 0.625
vt 0 0.500000043711371
vt 0.26794869494923834 0.5000000437113709
vt 0.37500000000000006 0.9665067393948301
vt 0.375 0.7655452181829014
vt 0.4999999562886291 0.7320513050507617
vt 0.49999995628862914 1
vt 0.4375 0.96650625
vt 0.4375 0.76554375
vt 0.5625 0.73205
vt 0.5625 1
vt 0.23445478181709853 0.625
vt 0.0334932606051698 0.6249999999999999
vt 0 0.5000000437113709
vt 0.26794869494923834 0.500000043711371
vt 0.18749995628862914 0.7655452181829014
vt 0.18749995628862903 0.9665067393948302
vt 0.0625 1
vt 0.06250000000000006 0.7320513050507617
vt 0.23445625 0.5625
vt 0.03349375000000002 0.5625
vt 0 0.4375
vt 0.26795 0.4375
vt 0.125 -0.01715
vt 0.3259625 -0.01715
vt 0.3259625 1.6875
vt 0.125 1.6875
vt 0.125 -0.01715
vt 0.3259625 -0.01715
vt 0.3259625 1.6875
vt 0.125 1.6875
vt 0.125 -0.01715
vt 0.3259625 -0.01715
vt 0.3259625 1.6875
vt 0.125 1.6875
vt 0.125 -0.01715
vt 0.3259625 -0.01715
vt 0.3259625 1.6875
vt 0.125 1.6875
vt 0.4820625 1
vt 0.3439 1
vt 0.3125 0.4950125000000001
vt 0.5134624999999999 0.4950125000000001
vt 0.4820625 1
vt 0.3439 1
vt 0.3125 0.4950125000000001
vt 0.5134624999999999 0.4950125000000001
vt 0.4820625 1
vt 0.3439 1
vt 0.3125 0.4950125000000001
vt 0.5134624999999999 0.4950125000000001
vt 0.4820625 1
vt 0.3439 1
vt 0.3125 0.4950125000000001
vt 0.5134624999999999 0.4950125000000001
vt 0.08039375 0.5974875000000001
vt 0.21128124999999998 0.5974875000000001
vt 0.229175 0.9375
vt 0.0625 0.9375
vt 0.08039375 0.5974875000000001
vt 0.21128124999999998 0.5974875000000001
vt 0.229175 0.9375
vt 0.0625 0.9375
vt 0.08039375 0.5974875000000001
vt 0.21128124999999998 0.5974875000000001
vt 0.229175 0.9375
vt 0.0625 0.9375
vt 0.08039375 0.5974875000000001
vt 0.21128124999999998 0.5974875000000001
vt 0.229175 0.9375
vt 0.0625 0.9375
vt 0.08039375 0.5974875000000001
vt 0.21128124999999998 0.5974875000000001
vt 0.229175 0.9375
vt 0.0625 0.9375
vt 0.08039375 0.5974875000000001
vt 0.21128124999999998 0.5974875000000001
vt 0.229175 0.9375
vt 0.0625 0.9375
vt 0.08039375 0.5974875000000001
vt 0.21128124999999998 0.5974875000000001
vt 0.229175 0.9375
vt 0.0625 0.9375
vt 0.08039375 0.5974875000000001
vt 0.21128124999999998 0.5974875000000001
vt 0.229175 0.9375
vt 0.0625 0.9375
vt 0.08039375 0.5974875000000001
vt 0.21128124999999998 0.5974875000000001
vt 0.229175 0.9375
vt 0.0625 0.9375
vt 0.08039375 0.5974875000000001
vt 0.21128124999999998 0.5974875000000001
vt 0.229175 0.9375
vt 0.0625 0.9375
vt 0.08039375 0.5974875000000001
vt 0.21128124999999998 0.5974875000000001
vt 0.229175 0.9375
vt 0.0625 0.9375
vt 0.08039375 0.5974875000000001
vt 0.21128124999999998 0.5974875000000001
vt 0.229175 0.9375
vt 0.0625 0.9375
vn 0 -1 0
vn 0.49999999999999994 0 0.8660254037844388
vn 0 1 0
vn 0 -1 0
vn 0.8660254037844388 0 0.5
vn 0 1 0
vn 0 -1 0
vn 1 0 0
vn 0 1 0
vn 0 -1 0
vn 0.8660254037844388 0 -0.5
vn 0 1 0
vn 0 -1 0
vn 0.5000000000000001 0 -0.8660254037844388
vn 0 1 0
vn 0 -1 0
vn 4.1434087356338784e-16 0 -1
vn 0 1 0
vn 0 -1 0
vn -0.4999999999999995 0 -0.8660254037844389
vn 0 1 0
vn 0 -1 0
vn -0.8660254037844389 0 -0.49999999999999983
vn 0 1 0
vn 0 -1 0
vn -1 0 -2.0717043678169412e-16
vn 0 1 0
vn 0 -1 0
vn -0.8660254037844388 0 0.4999999999999996
vn 0 1 0
vn 0 -1 0
vn -0.5 0 0.8660254037844387
vn 0 1 0
vn 0 -1 0
vn 0 0 1
vn 0 1 0
vn -0.75704240802426 0.4856429311786321 0.4370786380607688
vn -0.8741572761215378 0.485642931178632 -4.829321192266533e-16
vn -0.7570424080242599 0.485642931178632 -0.43707863806076863
vn -0.43707863806076874 0.4856429311786321 -0.75704240802426
vn 4.829321192266528e-16 0.485642931178632 -0.8741572761215378
vn 0.4370786380607691 0.4856429311786321 -0.7570424080242598
vn 0.4370786380607688 0.4856429311786321 0.7570424080242598
vn 0.7570424080242599 0.4856429311786321 -0.437078638060769
vn 0.8741572761215377 0.4856429311786321 0
vn 0.7570424080242598 0.485642931178632 0.4370786380607688
vn -0.437078638060769 0.4856429311786321 0.7570424080242597
vn 0 0.4856429311786321 0.8741572761215379
vn 0.9999904608749018 0.004367855217587525 0
vn 1.1048984563038975e-15 0.004367855217587525 -0.9999904608749018
vn -0.9999904608749018 0.004367855217587525 -1.1048984563038987e-15
vn 0 0.004367855217587525 0.9999904608749018
vn 0.6915321215498589 0.722345710075689 0
vn 0 0.7223457100756889 0.6915321215498589
vn -0.6915321215498591 0.7223457100756887 -1.1113891814404334e-15
vn 1.1113891814404326e-15 0.7223457100756888 -0.6915321215498591
vn 0.6300800300016174 -0.4538703687026968 -0.6300800300016174
vn -0.6300800300016159 -0.4538703687026967 -0.6300800300016189
vn -0.6300800300016174 -0.4538703687026968 0.6300800300016174
vn 0.6300800300016174 -0.4538703687026968 0.6300800300016174
vn 0.8910677238087337 -0.4538703687026973 0
vn 1.5116782060007439e-15 -0.4538703687026972 -0.8910677238087338
vn -0.8910677238087337 -0.45387036870269737 0
vn 0 -0.4538703687026973 0.8910677238087337
vn 0.6300800300016173 -0.45387036870269715 -0.6300800300016173
vn -0.6300800300016157 -0.453870368702697 -0.6300800300016188
vn -0.6300800300016173 -0.4538703687026972 0.6300800300016173
vn 0.6300800300016173 -0.45387036870269715 0.6300800300016173
usemtl m_d482d8d8-d388-9095-87a0-61129156fbe8
f 338/985/253 336/986/253 335/987/253
f 336/988/254 338/989/254 339/990/254 337/991/254
f 369/992/255 368/993/255 362/994/255
f 340/995/256 338/996/256 335/997/256
f 338/998/257 340/999/257 341/1000/257 339/1001/257
f 368/1002/258 371/1003/258 362/1004/258
f 342/1005/259 340/1006/259 335/1007/259
f 340/1008/260 342/1009/260 343/1010/260 341/1011/260
f 371/1012/261 370/1013/261 362/1014/261
f 344/1015/262 342/1016/262 335/1017/262
f 342/1018/263 344/1019/263 345/1020/263 343/1021/263
f 370/1022/264 367/1023/264 362/1024/264
f 346/1025/265 344/1026/265 335/1027/265
f 344/1028/266 346/1029/266 347/1030/266 345/1031/266
f 367/1032/267 366/1033/267 362/1034/267
f 348/1035/268 346/1036/268 335/1037/268
f 346/1038/269 348/1039/269 349/1040/269 347/1041/269
f 366/1042/270 365/1043/270 362/1044/270
f 350/1045/271 348/1046/271 335/1047/271
f 348/1048/272 350/1049/272 351/1050/272 349/1051/272
f 365/1052/273 364/1053/273 362/1054/273
f 352/1055/274 350/1056/274 335/1057/274
f 350/1058/275 352/1059/275 353/1060/275 351/1061/275
f 364/1062/276 363/1063/276 362/1064/276
f 354/1065/277 352/1066/277 335/1067/277
f 352/1068/278 354/1069/278 355/1070/278 353/1071/278
f 363/1072/279 360/1073/279 362/1074/279
f 356/1075/280 354/1076/280 335/1077/280
f 354/1078/281 356/1079/281 357/1080/281 355/1081/281
f 360/1082/282 361/1083/282 362/1084/282
f 358/1085/283 356/1086/283 335/1087/283
f 356/1088/284 358/1089/284 359/1090/284 357/1091/284
f 361/1092/285 372/1093/285 362/1094/285
f 336/1095/286 358/1096/286 335/1097/286
f 358/1098/287 336/1099/287 337/1100/287 359/1101/287
f 372/1102/288 369/1103/288 362/1104/288
f 361/1105/289 360/1106/289 355/1107/289 357/1108/289
f 360/1109/290 363/1110/290 353/1111/290 355/1112/290
f 363/1113/291 364/1114/291 351/1115/291 353/1116/291
f 364/1117/292 365/1118/292 349/1119/292 351/1120/292
f 365/1121/293 366/1122/293 347/1123/293 349/1124/293
f 366/1125/294 367/1126/294 345/1127/294 347/1128/294
f 368/1129/295 369/1130/295 337/1131/295 339/1132/295
f 367/1133/296 370/1134/296 343/1135/296 345/1136/296
f 370/1137/297 371/1138/297 341/1139/297 343/1140/297
f 371/1141/298 368/1142/298 339/1143/298 341/1144/298
f 372/1145/299 361/1146/299 357/1147/299 359/1148/299
f 369/1149/300 372/1150/300 359/1151/300 337/1152/300
f 395/1153/301 396/1154/301 394/1155/301 393/1156/301
f 377/1157/302 378/1158/302 376/1159/302 375/1160/302
f 383/1161/303 384/1162/303 382/1163/303 381/1164/303
f 389/1165/304 390/1166/304 388/1167/304 387/1168/304
f 391/1169/305 392/1170/305 393/1171/305 394/1172/305
f 385/1173/306 386/1174/306 387/1175/306 388/1176/306
f 379/1177/307 380/1178/307 381/1179/307 382/1180/307
f 373/1181/308 374/1182/308 375/1183/308 376/1184/308
f 397/1185/309 398/1186/309 399/1187/309 400/1188/309
f 401/1189/310 402/1190/310 403/1191/310 404/1192/310
f 405/1193/311 406/1194/311 407/1195/311 408/1196/311
f 409/1197/312 410/1198/312 411/1199/312 412/1200/312
f 413/1201/313 414/1202/313 415/1203/313 416/1204/313
f 417/1205/314 418/1206/314 419/1207/314 420/1208/314
f 421/1209/315 422/1210/315 423/1211/315 424/1212/315
f 425/1213/316 426/1214/316 427/1215/316 428/1216/316
f 429/1217/317 430/1218/317 431/1219/317 432/1220/317
f 433/1221/318 434/1222/318 435/1223/318 436/1224/318
f 437/1225/319 438/1226/319 439/1227/319 440/1228/319
f 441/1229/320 442/1230/320 443/1231/320 444/1232/320
o frame
v 1.0086474061890602 0.125 0.5823428514806717
v 1.0086474061890602 0.625 0.5823428514806717
v 0.7920667825126828 -0.1875 0.457299970099858
v 0.7920667825126828 0.9375 0.457299970099858
v 0.9145999401997162 -0.1875 1.6653345369377348e-16
v 0.9145999401997162 0.9375 1.6653345369377348e-16
v 1.0086474061890602 0.125 -0.5823428514806719
v 1.0086474061890602 0.625 -0.5823428514806719
v 0.7920667825126827 -0.1875 -0.4572999700998582
v 0.7920667825126827 0.9375 -0.4572999700998582
v 0.5823428514806717 0.125 -1.0086474061890602
v 0.5823428514806717 0.625 -1.0086474061890602
v 0.457299970099858 -0.1875 -0.7920667825126828
v 0.457299970099858 0.9375 -0.7920667825126828
v 1.6653345369377348e-16 -0.1875 -0.9145999401997162
v 1.6653345369377348e-16 0.9375 -0.9145999401997162
v -0.5823428514806713 0.125 -1.0086474061890602
v -0.5823428514806713 0.625 -1.0086474061890602
v -0.4572999700998578 -0.1875 -0.7920667825126826
v -0.4572999700998578 0.9375 -0.7920667825126826
v -1.00864740618906 0.125 -0.582342851480672
v -1.00864740618906 0.625 -0.582342851480672
v -0.7920667825126824 -0.1875 -0.45729997009985834
v -0.7920667825126824 0.9375 -0.45729997009985834
v -0.9145999401997162 -0.1875 -1.6653345369377348e-16
v -0.9145999401997162 0.9375 -1.6653345369377348e-16
v -1.0086474061890598 0.125 0.5823428514806718
v -1.0086474061890598 0.625 0.5823428514806718
v -0.7920667825126826 -0.1875 0.45729997009985834
v -0.7920667825126826 0.9375 0.45729997009985834
v -0.582342851480672 0.125 1.00864740618906
v -0.582342851480672 0.625 1.00864740618906
v -0.45729997009985834 -0.1875 0.7920667825126825
v -0.45729997009985834 0.9375 0.7920667825126825
v -1.6653345369377348e-16 -0.1875 0.9145999401997162
v -1.6653345369377348e-16 0.9375 0.9145999401997162
v 0.5823428514806719 0.125 1.00864740618906
v 0.5823428514806719 0.625 1.00864740618906
v 0.4572999700998583 -0.1875 0.7920667825126826
v 0.4572999700998583 0.9375 0.7920667825126826
v 0.8270322577794312 -0.600724090293175 -0.4922654453666067
v 0.49226544536660655 -0.600724090293175 -0.8270322577794313
v 0.6219226760261255 -0.06210433738297705 -1.0482272307345142
v 1.048227230734514 -0.06210433738297705 -0.6219226760261258
v 0.4922654453666068 -0.600724090293175 0.8270322577794311
v 0.8270322577794313 -0.600724090293175 0.49226544536660655
v 1.0482272307345142 -0.06210433738297705 0.6219226760261256
v 0.6219226760261258 -0.06210433738297705 1.048227230734514
v -0.8270322577794311 -0.600724090293175 0.4922654453666069
v -0.4922654453666069 -0.600724090293175 0.827032257779431
v -0.6219226760261258 -0.06210433738297705 1.048227230734514
v -1.0482272307345137 -0.06210433738297705 0.6219226760261257
v -0.8270322577794309 -0.600724090293175 -0.4922654453666069
v -1.048227230734514 -0.06210433738297705 -0.6219226760261258
v -0.49226544536660644 -0.600724090293175 -0.8270322577794313
v -0.6219226760261253 -0.06210433738297705 -1.0482272307345142
v -1.0482272307345137 0.812104337382977 0.6219226760261257
v -0.6219226760261258 0.812104337382977 1.048227230734514
v -0.4922654453666069 1.3507240902931752 0.8270322577794309
v -0.8270322577794311 1.3507240902931752 0.4922654453666068
v 0.6219226760261258 0.812104337382977 1.048227230734514
v 1.0482272307345142 0.812104337382977 0.6219226760261256
v 0.8270322577794313 1.3507240902931752 0.49226544536660655
v 0.4922654453666068 1.3507240902931752 0.8270322577794311
v 1.048227230734514 0.812104337382977 -0.6219226760261258
v 0.6219226760261255 0.812104337382977 -1.0482272307345142
v 0.49226544536660655 1.3507240902931752 -0.8270322577794313
v 0.8270322577794312 1.3507240902931752 -0.4922654453666067
v -0.6219226760261253 0.812104337382977 -1.0482272307345142
v -1.048227230734514 0.812104337382977 -0.6219226760261258
v -0.8270322577794309 1.3507240902931752 -0.4922654453666069
v -0.49226544536660644 1.3507240902931752 -0.8270322577794313
v 0.870517803500783 -0.4660691520656255 -0.6854177328938352
v 0.685417732893835 -0.4660691520656255 -0.8705178035007831
v 0.8056066314743129 -0.06210433738297705 -1.0413199705829639
v 1.0413199705829637 -0.06210433738297705 -0.805606631474313
v 0.6854177328938353 -0.4660691520656255 0.870517803500783
v 0.8705178035007831 -0.4660691520656255 0.685417732893835
v 1.0413199705829639 -0.06210433738297705 0.8056066314743129
v 0.8056066314743131 -0.06210433738297705 1.0413199705829637
v -0.870517803500783 -0.4660691520656255 0.6854177328938352
v -0.6854177328938353 -0.4660691520656255 0.8705178035007829
v -0.8056066314743131 -0.06210433738297705 1.0413199705829634
v -1.0413199705829634 -0.06210433738297705 0.8056066314743129
v -0.8705178035007828 -0.4660691520656255 -0.6854177328938355
v -1.0413199705829634 -0.06210433738297705 -0.8056066314743132
v -0.6854177328938347 -0.4660691520656255 -0.8705178035007831
v -0.8056066314743126 -0.06210433738297705 -1.0413199705829639
v -1.0413199705829634 0.812104337382977 0.8056066314743129
v -0.8056066314743131 0.812104337382977 1.0413199705829634
v -0.6854177328938353 1.2160691520656255 0.8705178035007829
v -0.870517803500783 1.2160691520656255 0.6854177328938352
v 0.8056066314743131 0.812104337382977 1.0413199705829637
v 1.0413199705829639 0.812104337382977 0.8056066314743129
v 0.8705178035007831 1.2160691520656255 0.685417732893835
v 0.6854177328938353 1.2160691520656255 0.870517803500783
v 1.0413199705829637 0.812104337382977 -0.805606631474313
v 0.8056066314743129 0.812104337382977 -1.0413199705829639
v 0.685417732893835 1.2160691520656255 -0.8705178035007831
v 0.870517803500783 1.2160691520656255 -0.6854177328938352
v -0.8056066314743126 0.812104337382977 -1.0413199705829639
v -1.0413199705829634 0.812104337382977 -0.8056066314743132
v -0.8705178035007828 1.2160691520656255 -0.6854177328938355
v -0.6854177328938349 1.2160691520656255 -0.8705178035007833
v 0.824242785849046 -0.3410691520656255 -0.7316927505455723
v 0.731692750545572 -0.3410691520656255 -0.8242427858490462
v 0.8281610830436431 -0.03809554105363916 -0.9460177525979687
v 0.9460177525979685 -0.03809554105363916 -0.8281610830436433
v 0.7729202838322977 -0.4420603557362876 -0.6055368776258854
v 0.6055368776258854 -0.4420603557362876 -0.7729202838322977
v -0.7316927505455717 -0.3410691520656255 -0.8242427858490461
v -0.8242427858490459 -0.3410691520656255 -0.7316927505455724
v -0.9460177525979683 -0.03809554105363916 -0.8281610830436436
v -0.828161083043643 -0.03809554105363916 -0.9460177525979689
v -0.605536877625885 -0.4420603557362876 -0.7729202838322977
v -0.7729202838322973 -0.4420603557362876 -0.6055368776258855
v -0.8242427858490461 -0.3410691520656255 0.7316927505455721
v -0.7316927505455723 -0.3410691520656255 0.824242785849046
v -0.8281610830436433 -0.03809554105363916 0.9460177525979685
v -0.9460177525979686 -0.03809554105363916 0.8281610830436432
v -0.7729202838322977 -0.4420603557362876 0.6055368776258854
v -0.6055368776258856 -0.4420603557362876 0.7729202838322975
v 0.7316927505455723 -0.3410691520656255 0.824242785849046
v 0.8242427858490462 -0.3410691520656255 0.731692750545572
v 0.9460177525979687 -0.03809554105363916 0.8281610830436431
v 0.8281610830436433 -0.03809554105363916 0.9460177525979685
v 0.6055368776258855 -0.4420603557362876 0.7729202838322976
v 0.7729202838322977 -0.4420603557362876 0.6055368776258854
v 0.30144284148501305 1.8125 1.125
v 0.30144284148501305 2.3125 1.125
v 0.2367158831733131 1.5 0.8834357029613433
v 0.2367158831733131 2.625 0.8834357029613433
v 0.6467198197880301 1.5 0.6467198197880304
v 0.6467198197880301 2.625 0.6467198197880304
v 1.125 1.8125 0.30144284148501305
v 1.125 2.3125 0.30144284148501305
v 0.8834357029613433 1.5 0.2367158831733132
v 0.8834357029613433 2.625 0.2367158831733132
v 1.125 1.8125 -0.3014428414850131
v 1.125 2.3125 -0.3014428414850131
v 0.8834357029613433 1.5 -0.2367158831733131
v 0.8834357029613433 2.625 -0.2367158831733131
v 0.6467198197880304 1.5 -0.6467198197880301
v 0.6467198197880304 2.625 -0.6467198197880301
v 0.30144284148501344 1.8125 -1.1249999999999998
v 0.30144284148501344 2.3125 -1.1249999999999998
v 0.23671588317331343 1.5 -0.883435702961343
v 0.23671588317331343 2.625 -0.883435702961343
v -0.3014428414850125 1.8125 -1.125
v -0.3014428414850125 2.3125 -1.125
v -0.23671588317331266 1.5 -0.8834357029613434
v -0.23671588317331266 2.625 -0.8834357029613434
v -0.6467198197880301 1.5 -0.6467198197880304
v -0.6467198197880301 2.625 -0.6467198197880304
v -1.1249999999999996 1.8125 -0.3014428414850127
v -1.1249999999999996 2.3125 -0.3014428414850127
v -0.8834357029613433 1.5 -0.236715883173313
v -0.8834357029613433 2.625 -0.236715883173313
v -1.125 1.8125 0.3014428414850125
v -1.125 2.3125 0.3014428414850125
v -0.8834357029613433 1.5 0.2367158831733127
v -0.8834357029613433 2.625 0.2367158831733127
v -0.6467198197880304 1.5 0.6467198197880301
v -0.6467198197880304 2.625 0.6467198197880301
v -0.30144284148501294 1.8125 1.125
v -0.30144284148501294 2.3125 1.125
v -0.236715883173313 1.5 0.8834357029613433
v -0.236715883173313 2.625 0.8834357029613433
v 0.9328843522984 1.086775909706825 0.23671588317331327
v 0.9328843522984002 1.086775909706825 -0.2367158831733132
v 1.1809743246685285 1.6253956626170227 -0.3014428414850131
v 1.1809743246685285 1.6253956626170227 0.301442841485013
v -0.236715883173313 1.086775909706825 0.9328843522984
v 0.2367158831733132 1.086775909706825 0.9328843522984002
v 0.3014428414850128 1.6253956626170227 1.1809743246685285
v -0.301442841485013 1.6253956626170227 1.1809743246685285
v -0.9328843522984 1.086775909706825 -0.23671588317331294
v -0.9328843522984002 1.086775909706825 0.23671588317331277
v -1.1809743246685285 1.6253956626170227 0.3014428414850125
v -1.180974324668528 1.6253956626170227 -0.30144284148501266
v -0.23671588317331277 1.086775909706825 -0.9328843522984002
v -0.3014428414850125 1.6253956626170227 -1.1809743246685285
v 0.2367158831733135 1.086775909706825 -0.9328843522983998
v 0.30144284148501344 1.6253956626170227 -1.1809743246685283
v -1.180974324668528 2.4996043373829773 -0.30144284148501266
v -1.1809743246685285 2.4996043373829773 0.3014428414850125
v -0.9328843522984002 3.038224090293175 0.23671588317331277
v -0.9328843522984 3.038224090293175 -0.236715883173313
v -0.301442841485013 2.4996043373829773 1.1809743246685285
v 0.3014428414850128 2.4996043373829773 1.1809743246685285
v 0.2367158831733132 3.038224090293175 0.9328843522984002
v -0.236715883173313 3.038224090293175 0.9328843522984
v 1.1809743246685285 2.4996043373829773 0.301442841485013
v 1.1809743246685285 2.4996043373829773 -0.3014428414850131
v 0.9328843522984002 3.038224090293175 -0.2367158831733132
v 0.9328843522984 3.038224090293175 0.23671588317331327
v 0.30144284148501344 2.4996043373829773 -1.1809743246685283
v -0.3014428414850125 2.4996043373829773 -1.1809743246685285
v -0.23671588317331277 3.038224090293175 -0.9328843522984002
v 0.2367158831733135 3.038224090293175 -0.9328843522983998
v 1.1002125688737627 1.2214308479343745 0.1308855151242816
v 1.1002125688737627 1.2214308479343745 -0.1308855151242817
v 1.3059743246685285 1.6253956626170227 -0.16667450049985122
v 1.3059743246685285 1.6253956626170227 0.166674500499851
v -0.13088551512428148 1.2214308479343745 1.1002125688737627
v 0.1308855151242817 1.2214308479343745 1.1002125688737627
v 0.16667450049985122 1.6253956626170227 1.3059743246685285
v -0.166674500499851 1.6253956626170227 1.3059743246685285
v -1.1002125688737627 1.2214308479343745 -0.1308855151242816
v -1.1002125688737627 1.2214308479343745 0.13088551512428132
v -1.3059743246685285 1.6253956626170227 0.16667450049985089
v -1.305974324668528 1.6253956626170227 -0.16667450049985122
v -0.13088551512428115 1.2214308479343745 -1.1002125688737627
v -0.16667450049985066 1.6253956626170227 -1.3059743246685285
v 0.1308855151242821 1.2214308479343745 -1.1002125688737625
v 0.16667450049985166 1.6253956626170227 -1.305974324668528
v -1.305974324668528 2.4996043373829773 -0.16667450049985122
v -1.3059743246685285 2.4996043373829773 0.16667450049985089
v -1.1002125688737627 2.9035691520656255 0.13088551512428132
v -1.1002125688737627 2.9035691520656255 -0.1308855151242816
v -0.166674500499851 2.4996043373829773 1.3059743246685285
v 0.16667450049985122 2.4996043373829773 1.3059743246685285
v 0.1308855151242817 2.9035691520656255 1.1002125688737627
v -0.13088551512428148 2.9035691520656255 1.1002125688737627
v 1.3059743246685285 2.4996043373829773 0.166674500499851
v 1.3059743246685285 2.4996043373829773 -0.16667450049985122
v 1.1002125688737627 2.9035691520656255 -0.1308855151242817
v 1.1002125688737627 2.9035691520656255 0.1308855151242816
v 0.16667450049985166 2.4996043373829773 -1.305974324668528
v -0.16667450049985066 2.4996043373829773 -1.3059743246685285
v -0.13088551512428115 2.9035691520656255 -1.1002125688737627
v 0.13088551512428204 2.9035691520656255 -1.1002125688737627
v 1.1002125688737627 1.3464308479343745 0.0654427575621408
v 1.1002125688737627 1.3464308479343745 -0.06544275756214091
v 1.254533885719837 1.6494044589463606 -0.08333725024992567
v 1.254533885719837 1.6494044589463606 0.08333725024992555
v 0.9747164064422409 1.2454396442637123 0.11835794158665652
v 0.9747164064422409 1.2454396442637123 -0.11835794158665669
v 0.06544275756214113 1.3464308479343745 -1.1002125688737623
v -0.06544275756214035 1.3464308479343745 -1.1002125688737627
v -0.08333725024992511 1.6494044589463606 -1.254533885719837
v 0.083337250249926 1.6494044589463606 -1.254533885719837
v 0.11835794158665697 1.2454396442637123 -0.9747164064422407
v -0.11835794158665608 1.2454396442637123 -0.9747164064422407
v -1.1002125688737627 1.3464308479343745 -0.0654427575621408
v -1.1002125688737627 1.3464308479343745 0.06544275756214057
v -1.254533885719837 1.6494044589463606 0.08333725024992533
v -1.254533885719837 1.6494044589463606 -0.08333725024992567
v -0.9747164064422409 1.2454396442637123 -0.11835794158665652
v -0.9747164064422409 1.2454396442637123 0.11835794158665641
v -0.0654427575621408 1.3464308479343745 1.1002125688737627
v 0.06544275756214091 1.3464308479343745 1.1002125688737627
v 0.08333725024992567 1.6494044589463606 1.254533885719837
v -0.08333725024992555 1.6494044589463606 1.254533885719837
v -0.1183579415866563 1.2454396442637123 0.9747164064422409
v 0.11835794158665669 1.2454396442637123 0.9747164064422409
v 1.0086474061890602 3.5625 0.5823428514806717
v 1.0086474061890602 4.0625 0.5823428514806717
v 0.7920667825126828 3.25 0.457299970099858
v 0.7920667825126828 4.375 0.457299970099858
v 0.9145999401997162 3.25 1.6653345369377348e-16
v 0.9145999401997162 4.375 1.6653345369377348e-16
v 1.0086474061890602 3.5625 -0.5823428514806719
v 1.0086474061890602 4.0625 -0.5823428514806719
v 0.7920667825126826 3.25 -0.45729997009985823
v 0.7920667825126826 4.375 -0.45729997009985823
v 0.5823428514806717 3.5625 -1.0086474061890602
v 0.5823428514806717 4.0625 -1.0086474061890602
v 0.457299970099858 3.25 -0.7920667825126828
v 0.457299970099858 4.375 -0.7920667825126828
v 1.6653345369377348e-16 3.25 -0.9145999401997162
v 1.6653345369377348e-16 4.375 -0.9145999401997162
v -0.5823428514806713 3.5625 -1.0086474061890602
v -0.5823428514806713 4.0625 -1.0086474061890602
v -0.4572999700998578 3.25 -0.7920667825126826
v -0.4572999700998578 4.375 -0.7920667825126826
v -1.00864740618906 3.5625 -0.582342851480672
v -1.00864740618906 4.0625 -0.582342851480672
v -0.7920667825126824 3.25 -0.45729997009985834
v -0.7920667825126824 4.375 -0.45729997009985834
v -0.9145999401997162 3.25 -1.6653345369377348e-16
v -0.9145999401997162 4.375 -1.6653345369377348e-16
v -1.0086474061890598 3.5625 0.5823428514806718
v -1.0086474061890598 4.0625 0.5823428514806718
v -0.7920667825126826 3.25 0.45729997009985834
v -0.7920667825126826 4.375 0.45729997009985834
v -0.582342851480672 3.5625 1.00864740618906
v -0.582342851480672 4.0625 1.00864740618906
v -0.45729997009985834 3.25 0.7920667825126824
v -0.45729997009985834 4.375 0.7920667825126824
v -1.6653345369377348e-16 3.25 0.9145999401997162
v -1.6653345369377348e-16 4.375 0.9145999401997162
v 0.582342851480672 3.5625 1.00864740618906
v 0.582342851480672 4.0625 1.00864740618906
v 0.45729997009985823 3.25 0.7920667825126826
v 0.45729997009985823 4.375 0.7920667825126826
v 0.8270322577794312 2.836775909706825 -0.49226544536660666
v 0.49226544536660644 2.836775909706825 -0.8270322577794312
v 0.6219226760261255 3.3753956626170227 -1.0482272307345142
v 1.048227230734514 3.3753956626170227 -0.6219226760261259
v 0.49226544536660666 2.836775909706825 0.827032257779431
v 0.8270322577794312 2.836775909706825 0.49226544536660644
v 1.0482272307345142 3.3753956626170227 0.6219226760261256
v 0.6219226760261259 3.3753956626170227 1.048227230734514
v -0.8270322577794311 2.836775909706825 0.4922654453666069
v -0.4922654453666067 2.836775909706825 0.8270322577794309
v -0.6219226760261258 3.3753956626170227 1.048227230734514
v -1.0482272307345137 3.3753956626170227 0.6219226760261257
v -0.8270322577794309 2.836775909706825 -0.49226544536660677
v -1.048227230734514 3.3753956626170227 -0.6219226760261258
v -0.49226544536660644 2.836775909706825 -0.8270322577794312
v -0.6219226760261253 3.3753956626170227 -1.0482272307345142
v -1.0482272307345137 4.249604337382977 0.6219226760261257
v -0.6219226760261258 4.249604337382977 1.048227230734514
v -0.49226544536660677 4.788224090293175 0.8270322577794309
v -0.827032257779431 4.788224090293175 0.49226544536660666
v 0.6219226760261259 4.249604337382977 1.048227230734514
v 1.0482272307345142 4.249604337382977 0.6219226760261256
v 0.8270322577794312 4.788224090293175 0.49226544536660644
v 0.49226544536660666 4.788224090293175 0.827032257779431
v 1.048227230734514 4.249604337382977 -0.6219226760261259
v 0.6219226760261255 4.249604337382977 -1.0482272307345142
v 0.49226544536660644 4.788224090293175 -0.8270322577794312
v 0.8270322577794312 4.788224090293175 -0.49226544536660666
v -0.6219226760261253 4.249604337382977 -1.0482272307345142
v -1.048227230734514 4.249604337382977 -0.6219226760261258
v -0.8270322577794309 4.788224090293175 -0.49226544536660677
v -0.49226544536660644 4.788224090293175 -0.8270322577794312
v 0.870517803500783 2.9714308479343745 -0.6854177328938352
v 0.6854177328938351 2.9714308479343745 -0.8705178035007831
v 0.8056066314743129 3.3753956626170227 -1.0413199705829639
v 1.0413199705829637 3.3753956626170227 -0.805606631474313
v 0.6854177328938353 2.9714308479343745 0.8705178035007829
v 0.8705178035007831 2.9714308479343745 0.6854177328938351
v 1.0413199705829639 3.3753956626170227 0.8056066314743129
v 0.8056066314743131 3.3753956626170227 1.0413199705829637
v -0.870517803500783 2.9714308479343745 0.6854177328938352
v -0.6854177328938353 2.9714308479343745 0.8705178035007829
v -0.8056066314743132 3.3753956626170227 1.0413199705829634
v -1.0413199705829634 3.3753956626170227 0.805606631474313
v -0.8705178035007828 2.9714308479343745 -0.6854177328938355
v -1.0413199705829634 3.3753956626170227 -0.8056066314743132
v -0.6854177328938347 2.9714308479343745 -0.8705178035007831
v -0.8056066314743126 3.3753956626170227 -1.0413199705829639
v -1.0413199705829634 4.249604337382977 0.805606631474313
v -0.8056066314743132 4.249604337382977 1.0413199705829634
v -0.6854177328938353 4.653569152065625 0.8705178035007829
v -0.870517803500783 4.653569152065625 0.6854177328938352
v 0.8056066314743131 4.249604337382977 1.0413199705829637
v 1.0413199705829639 4.249604337382977 0.8056066314743129
v 0.8705178035007831 4.653569152065625 0.6854177328938351
v 0.6854177328938353 4.653569152065625 0.8705178035007829
v 1.0413199705829637 4.249604337382977 -0.805606631474313
v 0.8056066314743129 4.249604337382977 -1.0413199705829639
v 0.6854177328938351 4.653569152065625 -0.8705178035007831
v 0.870517803500783 4.653569152065625 -0.6854177328938352
v -0.8056066314743126 4.249604337382977 -1.0413199705829639
v -1.0413199705829634 4.249604337382977 -0.8056066314743132
v -0.8705178035007828 4.653569152065625 -0.6854177328938355
v -0.6854177328938349 4.653569152065625 -0.8705178035007833
v 0.824242785849046 3.0964308479343745 -0.7316927505455723
v 0.7316927505455721 3.0964308479343745 -0.8242427858490461
v 0.8281610830436431 3.3994044589463606 -0.9460177525979687
v 0.9460177525979685 3.3994044589463606 -0.8281610830436433
v 0.7729202838322977 2.9954396442637123 -0.6055368776258854
v 0.6055368776258854 2.9954396442637123 -0.7729202838322976
v -0.7316927505455717 3.0964308479343745 -0.8242427858490461
v -0.8242427858490459 3.0964308479343745 -0.7316927505455724
v -0.9460177525979683 3.3994044589463606 -0.8281610830436436
v -0.8281610830436429 3.3994044589463606 -0.9460177525979689
v -0.605536877625885 2.9954396442637123 -0.7729202838322977
v -0.7729202838322973 2.9954396442637123 -0.6055368776258855
v -0.8242427858490461 3.0964308479343745 0.7316927505455721
v -0.7316927505455723 3.0964308479343745 0.824242785849046
v -0.8281610830436433 3.3994044589463606 0.9460177525979685
v -0.9460177525979686 3.3994044589463606 0.8281610830436432
v -0.7729202838322977 2.9954396442637123 0.6055368776258854
v -0.6055368776258856 2.9954396442637123 0.7729202838322975
v 0.7316927505455723 3.0964308479343745 0.824242785849046
v 0.8242427858490461 3.0964308479343745 0.7316927505455721
v 0.9460177525979687 3.3994044589463606 0.8281610830436431
v 0.8281610830436433 3.3994044589463606 0.9460177525979685
v 0.6055368776258855 2.9954396442637123 0.7729202838322977
v 0.7729202838322976 2.9954396442637123 0.6055368776258854
v -0.12657509282777238 4.858150200028382 -0.2210769222152652
v -0.22107692221526512 4.858150200028382 -0.12657509282777252
v -0.2112064653611487 4.694926109735206 -0.1167046359736561
v -0.11670463597365593 4.694926109735206 -0.21120646536114876
v -0.22107692221526515 4.858150200028382 0.1265750928277725
v -0.12657509282777252 4.858150200028382 0.22107692221526512
v -0.1167046359736561 4.694926109735206 0.2112064653611487
v -0.21120646536114873 4.694926109735206 0.11670463597365609
v 0.1265750928277725 4.858150200028382 0.22107692221526515
v 0.2210769222152652 4.858150200028382 0.12657509282777243
v 0.2112064653611488 4.694926109735206 0.11670463597365602
v 0.11670463597365609 4.694926109735206 0.21120646536114873
v 0.2210769222152652 4.858150200028382 -0.12657509282777246
v 0.1265750928277724 4.858150200028382 -0.22107692221526518
v 0.116704635973656 4.694926109735206 -0.2112064653611488
v 0.21120646536114876 4.694926109735206 -0.11670463597365605
v 0.765625 -1.171875 -0.7656249999999999
v 0.9686547161616808 -1.171875 -0.4139672161616807
v 1.274519052838329 -1.625 -0.524519052838329
v 0.9999999999999999 -1.625 -0.9999999999999999
v 0.41396721616168103 -1.171875 -0.9686547161616803
v 0.5245190528383294 -1.625 -1.2745190528383286
v 0.9999999999999999 -3.625 -0.9999999999999999
v 0.5245190528383294 -3.625 -1.2745190528383286
v 1.274519052838329 -3.625 -0.524519052838329
v -0.7656249999999999 -1.171875 -0.765625
v -0.4139672161616804 -1.171875 -0.9686547161616808
v -0.5245190528383284 -1.625 -1.274519052838329
v -0.9999999999999999 -1.625 -0.9999999999999999
v -0.9686547161616803 -1.171875 -0.41396721616168064
v -1.2745190528383286 -1.625 -0.5245190528383287
v -0.9999999999999999 -3.625 -0.9999999999999999
v -1.2745190528383286 -3.625 -0.5245190528383287
v -0.5245190528383284 -3.625 -1.274519052838329
v -0.765625 -1.171875 0.7656249999999999
v -0.9686547161616808 -1.171875 0.4139672161616804
v -1.274519052838329 -1.625 0.5245190528383284
v -0.9999999999999999 -1.625 0.9999999999999999
v -0.41396721616168064 -1.171875 0.9686547161616808
v -0.5245190528383288 -1.625 1.274519052838329
v -0.9999999999999999 -3.625 0.9999999999999999
v -0.5245190528383288 -3.625 1.274519052838329
v -1.274519052838329 -3.625 0.5245190528383284
v 0.7656249999999999 -1.171875 0.765625
v 0.4139672161616807 -1.171875 0.9686547161616808
v 0.524519052838329 -1.625 1.274519052838329
v 0.9999999999999999 -1.625 0.9999999999999999
v 0.9686547161616808 -1.171875 0.41396721616168075
v 1.274519052838329 -1.625 0.5245190528383289
v 0.9999999999999999 -3.625 0.9999999999999999
v 1.274519052838329 -3.625 0.5245190528383289
v 0.524519052838329 -3.625 1.274519052838329
vt 0.2104125 1
vt 0 1
vt 0 0.5
vt 0.2104125 0.5
vt 0.2104125 1
vt 0 1
vt 0 0.5
vt 0.2104125 0.5
vt 0 0.12578749999999994
vt 0.3014375 0.12578749999999994
vt 0.3014375 1
vt 0 1
vt 0.2104125 1
vt 0 1
vt 0 0.5
vt 0.2104125 0.5
vt 0 0.5552437499999999
vt 0.3014375 0.5552437499999999
vt 0.269075 1
vt 0.032362500000000016 1
vt 0.2104125 1
vt 0 1
vt 0 0.5
vt 0.2104125 0.5
vt 0.2104125 1
vt 0 1
vt 0 0.5
vt 0.2104125 0.5
vt 0 0.12578749999999994
vt 0.3014375 0.12578749999999994
vt 0.3014375 1
vt 0 1
vt 0.2104125 1
vt 0 1
vt 0 0.5
vt 0.2104125 0.5
vt 0 0.5552437499999999
vt 0.3014375 0.5552437499999999
vt 0.269075 1
vt 0.032362500000000016 1
vt 0.2104125 1
vt 0 1
vt 0 0.5
vt 0.2104125 0.5
vt 0.2104125 1
vt 0 1
vt 0 0.5
vt 0.2104125 0.5
vt 0 0.12578749999999994
vt 0.3014375 0.12578749999999994
vt 0.3014375 1
vt 0 1
vt 0.2104125 1
vt 0 1
vt 0 0.5
vt 0.2104125 0.5
vt 0 0.5552437499999999
vt 0.3014375 0.5552437499999999
vt 0.269075 1
vt 0.032362500000000016 1
vt 0.2104125 1
vt 0 1
vt 0 0.5
vt 0.2104125 0.5
vt 0.2104125 1
vt 0 1
vt 0 0.5
vt 0.2104125 0.5
vt 0 0.12578749999999994
vt 0.3014375 0.12578749999999994
vt 0.3014375 1
vt 0 1
vt 0.2104125 1
vt 0 1
vt 0 0.5
vt 0.2104125 0.5
vt 0 0.5552437499999999
vt 0.3014375 0.5552437499999999
vt 0.269075 1
vt 0.032362500000000016 1
vt 0 0.9375
vt 0.4734375 0.9375
vt 0.4734375 1
vt 0 1
vt 0 1
vt 2.220446049250313e-16 0.5808300723080795
vt 0.06249294771511582 0.5818020636279086
vt 0.056259586852941856 0.9819907429286693
vt 0 0.9375882996008286
vt 0.41912701141911246 0.9439443266722906
vt 0.400264040203272 1
vt 0.000030054684722391478 1
vt 0 0.9375
vt 0.4734375 0.9375
vt 0.4734375 1
vt 0 1
vt 0.125 1
vt 0.12500000000000022 0.5808300723080795
vt 0.18749294771511582 0.5818020636279086
vt 0.18125958685294186 0.9819907429286693
vt 0 0.9375882996008286
vt 0.41912701141911246 0.9439443266722906
vt 0.400264040203272 1
vt 0.000030054684722391478 1
vt 0 0.9375
vt 0.4734375 0.9375
vt 0.4734375 1
vt 0 1
vt 0 1
vt 2.220446049250313e-16 0.5808300723080795
vt 0.06249294771511582 0.5818020636279086
vt 0.056259586852941856 0.9819907429286693
vt 0 0.8750882996008286
vt 0.41912701141911246 0.8814443266722906
vt 0.400264040203272 0.9375
vt 0.000030054684722391478 0.9375
vt 0 0.9375
vt 0.4734375 0.9375
vt 0.4734375 1
vt 0 1
vt 0 1
vt 2.220446049250313e-16 0.5808300723080795
vt 0.06249294771511582 0.5818020636279086
vt 0.056259586852941856 0.9819907429286693
vt 0 0.9375882996008286
vt 0.41912701141911246 0.9439443266722906
vt 0.400264040203272 1
vt 0.000030054684722391478 1
vt 0.4191270114191125 0.875
vt 0 0.868643972928538
vt 0.018862971215840463 0.8125882996008285
vt 0.41909695673439 0.8125882996008285
vt 0.4734375 0.9375
vt 0 0.9375
vt 0 0.875
vt 0.4734375 0.875
vt 0.06249293896088992 0.5808250905331256
vt 0.06249293896088992 1
vt 0 0.9990274460012564
vt 0.006233189957053131 0.5988338410492009
vt 0.1875 1
vt 0.1875 0.46177500000000005
vt 0.2434750000000001 0.4808875
vt 0.2434750000000001 0.9808875
vt 0.05597500000000011 0.46177500000000005
vt 0.05597500000000011 1
vt 0 0.9808875
vt 0 0.4808875
vt 0.4191270114191125 0.9375
vt 0 0.931143972928538
vt 0.018862971215840463 0.8750882996008285
vt 0.41909695673439 0.8750882996008285
vt 0.4734375 1
vt 0 1
vt 0 0.9375
vt 0.4734375 0.9375
vt 0.06249293896088992 0.5808250905331256
vt 0.06249293896088992 1
vt 0 0.9990274460012564
vt 0.006233189957053131 0.5988338410492009
vt 0.1875 1
vt 0.1875 0.46177500000000005
vt 0.2434750000000001 0.4808875
vt 0.2434750000000001 0.9808875
vt 0.05597500000000011 0.46177500000000005
vt 0.05597500000000011 1
vt 0 0.9808875
vt 0 0.4808875
vt 0.4191270114191125 1
vt 0 0.993643972928538
vt 0.018862971215840463 0.9375882996008285
vt 0.41909695673439 0.9375882996008285
vt 0.4734375 0.9375
vt 0 0.9375
vt 0 0.875
vt 0.4734375 0.875
vt 0.06249293896088992 0.5808250905331256
vt 0.06249293896088992 1
vt 0 0.9990274460012564
vt 0.006233189957053131 0.5988338410492009
vt 0.1875 1
vt 0.1875 0.46177500000000005
vt 0.2434750000000001 0.4808875
vt 0.2434750000000001 0.9808875
vt 0.05597500000000011 0.46177500000000005
vt 0.05597500000000011 1
vt 0 0.9808875
vt 0 0.4808875
vt 0.4191270114191125 0.9375
vt 0 0.931143972928538
vt 0.018862971215840463 0.8750882996008285
vt 0.41909695673439 0.8750882996008285
vt 0.4734375 1
vt 0 1
vt 0 0.9375
vt 0.4734375 0.9375
vt 0.12499293896088992 0.5808250905331256
vt 0.12499293896088992 1
vt 0.0625 0.9990274460012564
vt 0.06873318995705313 0.5988338410492009
vt 0.1875 1
vt 0.1875 0.46177500000000005
vt 0.2434750000000001 0.4808875
vt 0.2434750000000001 0.9808875
vt 0.05597500000000011 0.46177500000000005
vt 0.05597500000000011 1
vt 0 0.9808875
vt 0 0.4808875
vt 0.37129999999999996 1
vt 0.2404125 1
vt 0.1875 0.8389187499999999
vt 0.4242125 0.8389187499999999
vt 0.032362500000000016 1
vt 0 0.55524375
vt 0.11836250000000001 0.40699375000000004
vt 0.18308750000000001 1
vt 0.18308750000000001 0.55524375
vt 0.150725 1
vt 0 1
vt 0.064725 0.40699375000000004
vt 0.37129999999999996 1
vt 0.2404125 1
vt 0.1875 0.8389187499999999
vt 0.4242125 0.8389187499999999
vt 0.15736250000000002 1
vt 0.125 0.55524375
vt 0.2433625 0.40699375000000004
vt 0.3080875 1
vt 0.18308750000000001 0.55524375
vt 0.150725 1
vt 0 1
vt 0.064725 0.40699375000000004
vt 0.37129999999999996 1
vt 0.2404125 1
vt 0.1875 0.8389187499999999
vt 0.4242125 0.8389187499999999
vt 0.032362500000000016 1
vt 0 0.55524375
vt 0.11836250000000001 0.40699375000000004
vt 0.18308750000000001 1
vt 0.18308750000000001 0.55524375
vt 0.150725 1
vt 0 1
vt 0.064725 0.40699375000000004
vt 0.37129999999999996 1
vt 0.2404125 1
vt 0.1875 0.8389187499999999
vt 0.4242125 0.8389187499999999
vt 0.032362500000000016 1
vt 0 0.55524375
vt 0.11836250000000001 0.40699375000000004
vt 0.18308750000000001 1
vt 0.3705875 0.55524375
vt 0.338225 1
vt 0.1875 1
vt 0.25222500000000003 0.40699375000000004
vt 0 0.85174375
vt 0.032362500000000016 0.40698749999999995
vt 0.18308750000000001 0.40698749999999995
vt 0.11836250000000001 1
vt 0.11836250000000001 0.72674375
vt 0.35507500000000003 0.72674375
vt 0.4734375 0.875
vt 0 0.875
vt 0.150725 0.40698749999999995
vt 0.18308750000000001 0.85174375
vt 0.064725 1
vt 0 0.40698749999999995
vt 0.1875 1
vt 0.1875 0.12578749999999994
vt 0.338225 0.12578749999999994
vt 0.338225 1
vt 0.150725 0.12578749999999994
vt 0.150725 1
vt 0 1
vt 0 0.12578749999999994
vt 0.125 0.85174375
vt 0.15736250000000002 0.40698749999999995
vt 0.3080875 0.40698749999999995
vt 0.2433625 1
vt 0.11836250000000001 0.85174375
vt 0.35507500000000003 0.85174375
vt 0.4734375 1
vt 0 1
vt 0.150725 0.40698749999999995
vt 0.18308750000000001 0.85174375
vt 0.064725 1
vt 0 0.40698749999999995
vt 0.1875 1
vt 0.1875 0.12578749999999994
vt 0.338225 0.12578749999999994
vt 0.338225 1
vt 0.150725 0.12578749999999994
vt 0.150725 1
vt 0 1
vt 0 0.12578749999999994
vt 0 0.85174375
vt 0.032362500000000016 0.40698749999999995
vt 0.18308750000000001 0.40698749999999995
vt 0.11836250000000001 1
vt 0.11836250000000001 0.72674375
vt 0.35507500000000003 0.72674375
vt 0.4734375 0.875
vt 0 0.875
vt 0.150725 0.40698749999999995
vt 0.18308750000000001 0.85174375
vt 0.064725 1
vt 0 0.40698749999999995
vt 0.1875 1
vt 0.1875 0.12578749999999994
vt 0.338225 0.12578749999999994
vt 0.338225 1
vt 0.150725 0.12578749999999994
vt 0.150725 1
vt 0 1
vt 0 0.12578749999999994
vt 0 0.85174375
vt 0.032362500000000016 0.40698749999999995
vt 0.18308750000000001 0.40698749999999995
vt 0.11836250000000001 1
vt 0.11836250000000001 0.78924375
vt 0.35507500000000003 0.78924375
vt 0.4734375 0.9375
vt 0 0.9375
vt 0.338225 0.40698749999999995
vt 0.3705875 0.85174375
vt 0.25222500000000003 1
vt 0.1875 0.40698749999999995
vt 0.1875 1
vt 0.1875 0.12578749999999994
vt 0.338225 0.12578749999999994
vt 0.338225 1
vt 0.150725 0.12578749999999994
vt 0.150725 1
vt 0 1
vt 0 0.12578749999999994
vt 0.40298301932007186 0.875
vt 0.0625 0.8749999999999999
vt 0.06593933187593615 0.8096466878397913
vt 0.520543616583653 0.7977340062930002
vt 0.0833375 0.8866624999999999
vt 0.25001249999999997 0.8866624999999999
vt 0.33335 1
vt 0 1
vt 0.13976599370700005 0.541956383416347
vt 0.13976599370699994 0.882439402736419
vt 0.0625 1
vt 0.07441268154679145 0.5453957152922831
vt 0.11836250000000001 0.8389187499999999
vt 0.171275 1
vt 0.10583125000000002 1
vt 0 0.785225
vt 0.41757500000000003 0.8125
vt 0.1808625 0.8125
vt 0.0625 0.75880625
vt 0.5359375 0.75880625
vt 0.3125 1
vt 0.36541250000000003 0.8389187499999999
vt 0.483775 0.785225
vt 0.37794375 1
vt 0.40298301932007186 0.875
vt 0.0625 0.8749999999999999
vt 0.06593933187593615 0.8096466878397913
vt 0.520543616583653 0.7977340062930002
vt 0.0833375 0.8866624999999999
vt 0.25001249999999997 0.8866624999999999
vt 0.33335 1
vt 0 1
vt 0.13976599370700005 0.541956383416347
vt 0.13976599370699994 0.882439402736419
vt 0.0625 1
vt 0.07441268154679145 0.5453957152922831
vt 0.11836250000000001 0.8389187499999999
vt 0.171275 1
vt 0.10583125000000002 1
vt 0 0.785225
vt 0.41757500000000003 0.8125
vt 0.1808625 0.8125
vt 0.0625 0.75880625
vt 0.5359375 0.75880625
vt 0.3125 1
vt 0.36541250000000003 0.8389187499999999
vt 0.483775 0.785225
vt 0.37794375 1
vt 0.40298301932007186 0.875
vt 0.0625 0.8749999999999999
vt 0.06593933187593615 0.8096466878397913
vt 0.520543616583653 0.7977340062930002
vt 0.0833375 0.8866624999999999
vt 0.25001249999999997 0.8866624999999999
vt 0.33335 1
vt 0 1
vt 0.13976599370700005 0.541956383416347
vt 0.13976599370699994 0.882439402736419
vt 0.0625 1
vt 0.07441268154679145 0.5453957152922831
vt 0.11836250000000001 0.8389187499999999
vt 0.171275 1
vt 0.10583125000000002 1
vt 0 0.785225
vt 0.41757500000000003 0.8125
vt 0.1808625 0.8125
vt 0.0625 0.75880625
vt 0.5359375 0.75880625
vt 0.3125 1
vt 0.36541250000000003 0.8389187499999999
vt 0.483775 0.785225
vt 0.37794375 1
vt 0.40298301932007186 0.875
vt 0.0625 0.8749999999999999
vt 0.06593933187593615 0.8096466878397913
vt 0.520543616583653 0.7977340062930002
vt 0.0833375 0.8866624999999999
vt 0.25001249999999997 0.8866624999999999
vt 0.33335 1
vt 0 1
vt 0.13976599370700005 0.541956383416347
vt 0.13976599370699994 0.882439402736419
vt 0.0625 1
vt 0.07441268154679145 0.5453957152922831
vt 0.11836250000000001 0.8389187499999999
vt 0.171275 1
vt 0.10583125000000002 1
vt 0 0.785225
vt 0.41757500000000003 0.8125
vt 0.1808625 0.8125
vt 0.0625 0.75880625
vt 0.5359375 0.75880625
vt 0.3125 1
vt 0.36541250000000003 0.8389187499999999
vt 0.483775 0.785225
vt 0.37794375 1
vt 0.2104125 1
vt 0 1
vt 0 0.5
vt 0.2104125 0.5
vt 0.2104125 1
vt 0 1
vt 0 0.5
vt 0.2104125 0.5
vt 0 0.12578749999999994
vt 0.3014375 0.12578749999999994
vt 0.3014375 1
vt 0 1
vt 0.2104125 1
vt 0 1
vt 0 0.5
vt 0.2104125 0.5
vt 0 0.5552437499999999
vt 0.3014375 0.5552437499999999
vt 0.269075 1
vt 0.032362500000000016 1
vt 0.2104125 1
vt 0 1
vt 0 0.5
vt 0.2104125 0.5
vt 0.2104125 1
vt 0 1
vt 0 0.5
vt 0.2104125 0.5
vt 0 0.12578749999999994
vt 0.3014375 0.12578749999999994
vt 0.3014375 1
vt 0 1
vt 0.2104125 1
vt 0 1
vt 0 0.5
vt 0.2104125 0.5
vt 0 0.5552437499999999
vt 0.3014375 0.5552437499999999
vt 0.269075 1
vt 0.032362500000000016 1
vt 0.2104125 1
vt 0 1
vt 0 0.5
vt 0.2104125 0.5
vt 0.2104125 1
vt 0 1
vt 0 0.5
vt 0.2104125 0.5
vt 0 0.12578749999999994
vt 0.3014375 0.12578749999999994
vt 0.3014375 1
vt 0 1
vt 0.2104125 1
vt 0 1
vt 0 0.5
vt 0.2104125 0.5
vt 0 0.5552437499999999
vt 0.3014375 0.5552437499999999
vt 0.269075 1
vt 0.032362500000000016 1
vt 0.2104125 1
vt 0 1
vt 0 0.5
vt 0.2104125 0.5
vt 0.2104125 1
vt 0 1
vt 0 0.5
vt 0.2104125 0.5
vt 0 0.12578749999999994
vt 0.3014375 0.12578749999999994
vt 0.3014375 1
vt 0 1
vt 0.2104125 1
vt 0 1
vt 0 0.5
vt 0.2104125 0.5
vt 0 0.5552437499999999
vt 0.3014375 0.5552437499999999
vt 0.269075 1
vt 0.032362500000000016 1
vt 0 0.9375
vt 0.4734375 0.9375
vt 0.4734375 1
vt 0 1
vt 0 1
vt 2.220446049250313e-16 0.5808300723080795
vt 0.06249294771511582 0.5818020636279086
vt 0.056259586852941856 0.9819907429286693
vt 0 0.9375882996008286
vt 0.41912701141911246 0.9439443266722906
vt 0.400264040203272 1
vt 0.000030054684722391478 1
vt 0 0.9375
vt 0.4734375 0.9375
vt 0.4734375 1
vt 0 1
vt 0.125 1
vt 0.12500000000000022 0.5808300723080795
vt 0.18749294771511582 0.5818020636279086
vt 0.18125958685294186 0.9819907429286693
vt 0 0.9375882996008286
vt 0.41912701141911246 0.9439443266722906
vt 0.400264040203272 1
vt 0.000030054684722391478 1
vt 0 0.9375
vt 0.4734375 0.9375
vt 0.4734375 1
vt 0 1
vt 0 1
vt 2.220446049250313e-16 0.5808300723080795
vt 0.06249294771511582 0.5818020636279086
vt 0.056259586852941856 0.9819907429286693
vt 0 0.8750882996008286
vt 0.41912701141911246 0.8814443266722906
vt 0.400264040203272 0.9375
vt 0.000030054684722391478 0.9375
vt 0 0.9375
vt 0.4734375 0.9375
vt 0.4734375 1
vt 0 1
vt 0 1
vt 2.220446049250313e-16 0.5808300723080795
vt 0.06249294771511582 0.5818020636279086
vt 0.056259586852941856 0.9819907429286693
vt 0 0.9375882996008286
vt 0.41912701141911246 0.9439443266722906
vt 0.400264040203272 1
vt 0.000030054684722391478 1
vt 0.4191270114191125 0.875
vt 0 0.868643972928538
vt 0.018862971215840463 0.8125882996008285
vt 0.41909695673439 0.8125882996008285
vt 0.4734375 0.9375
vt 0 0.9375
vt 0 0.875
vt 0.4734375 0.875
vt 0.06249293896088992 0.5808250905331256
vt 0.06249293896088992 1
vt 0 0.9990274460012564
vt 0.006233189957053131 0.5988338410492009
vt 0.1875 1
vt 0.1875 0.46177500000000005
vt 0.2434750000000001 0.4808875
vt 0.2434750000000001 0.9808875
vt 0.05597500000000011 0.46177500000000005
vt 0.05597500000000011 1
vt 0 0.9808875
vt 0 0.4808875
vt 0.4191270114191125 0.9375
vt 0 0.931143972928538
vt 0.018862971215840463 0.8750882996008285
vt 0.41909695673439 0.8750882996008285
vt 0.4734375 1
vt 0 1
vt 0 0.9375
vt 0.4734375 0.9375
vt 0.06249293896088992 0.5808250905331256
vt 0.06249293896088992 1
vt 0 0.9990274460012564
vt 0.006233189957053131 0.5988338410492009
vt 0.1875 1
vt 0.1875 0.46177500000000005
vt 0.2434750000000001 0.4808875
vt 0.2434750000000001 0.9808875
vt 0.05597500000000011 0.46177500000000005
vt 0.05597500000000011 1
vt 0 0.9808875
vt 0 0.4808875
vt 0.4191270114191125 1
vt 0 0.993643972928538
vt 0.018862971215840463 0.9375882996008285
vt 0.41909695673439 0.9375882996008285
vt 0.4734375 0.9375
vt 0 0.9375
vt 0 0.875
vt 0.4734375 0.875
vt 0.06249293896088992 0.5808250905331256
vt 0.06249293896088992 1
vt 0 0.9990274460012564
vt 0.006233189957053131 0.5988338410492009
vt 0.1875 1
vt 0.1875 0.46177500000000005
vt 0.2434750000000001 0.4808875
vt 0.2434750000000001 0.9808875
vt 0.05597500000000011 0.46177500000000005
vt 0.05597500000000011 1
vt 0 0.9808875
vt 0 0.4808875
vt 0.4191270114191125 0.9375
vt 0 0.931143972928538
vt 0.018862971215840463 0.8750882996008285
vt 0.41909695673439 0.8750882996008285
vt 0.4734375 1
vt 0 1
vt 0 0.9375
vt 0.4734375 0.9375
vt 0.12499293896088992 0.5808250905331256
vt 0.12499293896088992 1
vt 0.0625 0.9990274460012564
vt 0.06873318995705313 0.5988338410492009
vt 0.1875 1
vt 0.1875 0.46177500000000005
vt 0.2434750000000001 0.4808875
vt 0.2434750000000001 0.9808875
vt 0.05597500000000011 0.46177500000000005
vt 0.05597500000000011 1
vt 0 0.9808875
vt 0 0.4808875
vt 0.37129999999999996 1
vt 0.2404125 1
vt 0.1875 0.8389187499999999
vt 0.4242125 0.8389187499999999
vt 0.032362500000000016 1
vt 0 0.55524375
vt 0.11836250000000001 0.40699375000000004
vt 0.18308750000000001 1
vt 0.18308750000000001 0.55524375
vt 0.150725 1
vt 0 1
vt 0.064725 0.40699375000000004
vt 0.37129999999999996 1
vt 0.2404125 1
vt 0.1875 0.8389187499999999
vt 0.4242125 0.8389187499999999
vt 0.15736250000000002 1
vt 0.125 0.55524375
vt 0.2433625 0.40699375000000004
vt 0.3080875 1
vt 0.18308750000000001 0.55524375
vt 0.150725 1
vt 0 1
vt 0.064725 0.40699375000000004
vt 0.37129999999999996 1
vt 0.2404125 1
vt 0.1875 0.8389187499999999
vt 0.4242125 0.8389187499999999
vt 0.032362500000000016 1
vt 0 0.55524375
vt 0.11836250000000001 0.40699375000000004
vt 0.18308750000000001 1
vt 0.18308750000000001 0.55524375
vt 0.150725 1
vt 0 1
vt 0.064725 0.40699375000000004
vt 0.37129999999999996 1
vt 0.2404125 1
vt 0.1875 0.8389187499999999
vt 0.4242125 0.8389187499999999
vt 0.032362500000000016 1
vt 0 0.55524375
vt 0.11836250000000001 0.40699375000000004
vt 0.18308750000000001 1
vt 0.3705875 0.55524375
vt 0.338225 1
vt 0.1875 1
vt 0.25222500000000003 0.40699375000000004
vt 0 0.85174375
vt 0.032362500000000016 0.40698749999999995
vt 0.18308750000000001 0.40698749999999995
vt 0.11836250000000001 1
vt 0.11836250000000001 0.72674375
vt 0.35507500000000003 0.72674375
vt 0.4734375 0.875
vt 0 0.875
vt 0.150725 0.40698749999999995
vt 0.18308750000000001 0.85174375
vt 0.064725 1
vt 0 0.40698749999999995
vt 0.1875 1
vt 0.1875 0.12578749999999994
vt 0.338225 0.12578749999999994
vt 0.338225 1
vt 0.150725 0.12578749999999994
vt 0.150725 1
vt 0 1
vt 0 0.12578749999999994
vt 0.125 0.85174375
vt 0.15736250000000002 0.40698749999999995
vt 0.3080875 0.40698749999999995
vt 0.2433625 1
vt 0.11836250000000001 0.85174375
vt 0.35507500000000003 0.85174375
vt 0.4734375 1
vt 0 1
vt 0.150725 0.40698749999999995
vt 0.18308750000000001 0.85174375
vt 0.064725 1
vt 0 0.40698749999999995
vt 0.1875 1
vt 0.1875 0.12578749999999994
vt 0.338225 0.12578749999999994
vt 0.338225 1
vt 0.150725 0.12578749999999994
vt 0.150725 1
vt 0 1
vt 0 0.12578749999999994
vt 0 0.85174375
vt 0.032362500000000016 0.40698749999999995
vt 0.18308750000000001 0.40698749999999995
vt 0.11836250000000001 1
vt 0.11836250000000001 0.72674375
vt 0.35507500000000003 0.72674375
vt 0.4734375 0.875
vt 0 0.875
vt 0.150725 0.40698749999999995
vt 0.18308750000000001 0.85174375
vt 0.064725 1
vt 0 0.40698749999999995
vt 0.1875 1
vt 0.1875 0.12578749999999994
vt 0.338225 0.12578749999999994
vt 0.338225 1
vt 0.150725 0.12578749999999994
vt 0.150725 1
vt 0 1
vt 0 0.12578749999999994
vt 0 0.85174375
vt 0.032362500000000016 0.40698749999999995
vt 0.18308750000000001 0.40698749999999995
vt 0.11836250000000001 1
vt 0.11836250000000001 0.78924375
vt 0.35507500000000003 0.78924375
vt 0.4734375 0.9375
vt 0 0.9375
vt 0.338225 0.40698749999999995
vt 0.3705875 0.85174375
vt 0.25222500000000003 1
vt 0.1875 0.40698749999999995
vt 0.1875 1
vt 0.1875 0.12578749999999994
vt 0.338225 0.12578749999999994
vt 0.338225 1
vt 0.150725 0.12578749999999994
vt 0.150725 1
vt 0 1
vt 0 0.12578749999999994
vt 0.40298301932007186 0.875
vt 0.0625 0.8749999999999999
vt 0.06593933187593615 0.8096466878397913
vt 0.520543616583653 0.7977340062930002
vt 0.0833375 0.8866624999999999
vt 0.25001249999999997 0.8866624999999999
vt 0.33335 1
vt 0 1
vt 0.13976599370700005 0.541956383416347
vt 0.13976599370699994 0.882439402736419
vt 0.0625 1
vt 0.07441268154679145 0.5453957152922831
vt 0.11836250000000001 0.8389187499999999
vt 0.171275 1
vt 0.10583125000000002 1
vt 0 0.785225
vt 0.41757500000000003 0.8125
vt 0.1808625 0.8125
vt 0.0625 0.75880625
vt 0.5359375 0.75880625
vt 0.3125 1
vt 0.36541250000000003 0.8389187499999999
vt 0.483775 0.785225
vt 0.37794375 1
vt 0.40298301932007186 0.875
vt 0.0625 0.8749999999999999
vt 0.06593933187593615 0.8096466878397913
vt 0.520543616583653 0.7977340062930002
vt 0.0833375 0.8866624999999999
vt 0.25001249999999997 0.8866624999999999
vt 0.33335 1
vt 0 1
vt 0.13976599370700005 0.541956383416347
vt 0.13976599370699994 0.882439402736419
vt 0.0625 1
vt 0.07441268154679145 0.5453957152922831
vt 0.11836250000000001 0.8389187499999999
vt 0.171275 1
vt 0.10583125000000002 1
vt 0 0.785225
vt 0.41757500000000003 0.8125
vt 0.1808625 0.8125
vt 0.0625 0.75880625
vt 0.5359375 0.75880625
vt 0.3125 1
vt 0.36541250000000003 0.8389187499999999
vt 0.483775 0.785225
vt 0.37794375 1
vt 0.40298301932007186 0.875
vt 0.0625 0.8749999999999999
vt 0.06593933187593615 0.8096466878397913
vt 0.520543616583653 0.7977340062930002
vt 0.0833375 0.8866624999999999
vt 0.25001249999999997 0.8866624999999999
vt 0.33335 1
vt 0 1
vt 0.13976599370700005 0.541956383416347
vt 0.13976599370699994 0.882439402736419
vt 0.0625 1
vt 0.07441268154679145 0.5453957152922831
vt 0.11836250000000001 0.8389187499999999
vt 0.171275 1
vt 0.10583125000000002 1
vt 0 0.785225
vt 0.41757500000000003 0.8125
vt 0.1808625 0.8125
vt 0.0625 0.75880625
vt 0.5359375 0.75880625
vt 0.3125 1
vt 0.36541250000000003 0.8389187499999999
vt 0.483775 0.785225
vt 0.37794375 1
vt 0.40298301932007186 0.875
vt 0.0625 0.8749999999999999
vt 0.06593933187593615 0.8096466878397913
vt 0.520543616583653 0.7977340062930002
vt 0.0833375 0.8866624999999999
vt 0.25001249999999997 0.8866624999999999
vt 0.33335 1
vt 0 1
vt 0.13976599370700005 0.541956383416347
vt 0.13976599370699994 0.882439402736419
vt 0.0625 1
vt 0.07441268154679145 0.5453957152922831
vt 0.11836250000000001 0.8389187499999999
vt 0.171275 1
vt 0.10583125000000002 1
vt 0 0.785225
vt 0.41757500000000003 0.8125
vt 0.1808625 0.8125
vt 0.0625 0.75880625
vt 0.5359375 0.75880625
vt 0.3125 1
vt 0.36541250000000003 0.8389187499999999
vt 0.483775 0.785225
vt 0.37794375 1
vt 0.2104125 1
vt 0 1
vt 0 0.5
vt 0.2104125 0.5
vt 0.2104125 1
vt 0 1
vt 0 0.5
vt 0.2104125 0.5
vt 0 0.12578749999999994
vt 0.3014375 0.12578749999999994
vt 0.3014375 1
vt 0 1
vt 0.2104125 1
vt 0 1
vt 0 0.5
vt 0.2104125 0.5
vt 0 0.5552437499999999
vt 0.3014375 0.5552437499999999
vt 0.269075 1
vt 0.032362500000000016 1
vt 0.2104125 1
vt 0 1
vt 0 0.5
vt 0.2104125 0.5
vt 0.2104125 1
vt 0 1
vt 0 0.5
vt 0.2104125 0.5
vt 0 0.12578749999999994
vt 0.3014375 0.12578749999999994
vt 0.3014375 1
vt 0 1
vt 0.2104125 1
vt 0 1
vt 0 0.5
vt 0.2104125 0.5
vt 0 0.5552437499999999
vt 0.3014375 0.5552437499999999
vt 0.269075 1
vt 0.032362500000000016 1
vt 0.2104125 1
vt 0 1
vt 0 0.5
vt 0.2104125 0.5
vt 0.2104125 1
vt 0 1
vt 0 0.5
vt 0.2104125 0.5
vt 0 0.12578749999999994
vt 0.3014375 0.12578749999999994
vt 0.3014375 1
vt 0 1
vt 0.2104125 1
vt 0 1
vt 0 0.5
vt 0.2104125 0.5
vt 0 0.5552437499999999
vt 0.3014375 0.5552437499999999
vt 0.269075 1
vt 0.032362500000000016 1
vt 0.2104125 1
vt 0 1
vt 0 0.5
vt 0.2104125 0.5
vt 0.2104125 1
vt 0 1
vt 0 0.5
vt 0.2104125 0.5
vt 0 0.12578749999999994
vt 0.3014375 0.12578749999999994
vt 0.3014375 1
vt 0 1
vt 0.2104125 1
vt 0 1
vt 0 0.5
vt 0.2104125 0.5
vt 0 0.5552437499999999
vt 0.3014375 0.5552437499999999
vt 0.269075 1
vt 0.032362500000000016 1
vt 0 0.9375
vt 0.4734375 0.9375
vt 0.4734375 1
vt 0 1
vt 0 1
vt 2.220446049250313e-16 0.5808300723080795
vt 0.06249294771511582 0.5818020636279086
vt 0.056259586852941856 0.9819907429286693
vt 0 0.9375882996008286
vt 0.41912701141911246 0.9439443266722906
vt 0.400264040203272 1
vt 0.000030054684722391478 1
vt 0 0.9375
vt 0.4734375 0.9375
vt 0.4734375 1
vt 0 1
vt 0.125 1
vt 0.12500000000000022 0.5808300723080795
vt 0.18749294771511582 0.5818020636279086
vt 0.18125958685294186 0.9819907429286693
vt 0 0.9375882996008286
vt 0.41912701141911246 0.9439443266722906
vt 0.400264040203272 1
vt 0.000030054684722391478 1
vt 0 0.9375
vt 0.4734375 0.9375
vt 0.4734375 1
vt 0 1
vt 0 1
vt 2.220446049250313e-16 0.5808300723080795
vt 0.06249294771511582 0.5818020636279086
vt 0.056259586852941856 0.9819907429286693
vt 0 0.8750882996008286
vt 0.41912701141911246 0.8814443266722906
vt 0.400264040203272 0.9375
vt 0.000030054684722391478 0.9375
vt 0 0.9375
vt 0.4734375 0.9375
vt 0.4734375 1
vt 0 1
vt 0 1
vt 2.220446049250313e-16 0.5808300723080795
vt 0.06249294771511582 0.5818020636279086
vt 0.056259586852941856 0.9819907429286693
vt 0 0.9375882996008286
vt 0.41912701141911246 0.9439443266722906
vt 0.400264040203272 1
vt 0.000030054684722391478 1
vt 0.4191270114191125 0.875
vt 0 0.868643972928538
vt 0.018862971215840463 0.8125882996008285
vt 0.41909695673439 0.8125882996008285
vt 0.4734375 0.9375
vt 0 0.9375
vt 0 0.875
vt 0.4734375 0.875
vt 0.06249293896088992 0.5808250905331256
vt 0.06249293896088992 1
vt 0 0.9990274460012564
vt 0.006233189957053131 0.5988338410492009
vt 0.1875 1
vt 0.1875 0.46177500000000005
vt 0.2434750000000001 0.4808875
vt 0.2434750000000001 0.9808875
vt 0.05597500000000011 0.46177500000000005
vt 0.05597500000000011 1
vt 0 0.9808875
vt 0 0.4808875
vt 0.4191270114191125 0.9375
vt 0 0.931143972928538
vt 0.018862971215840463 0.8750882996008285
vt 0.41909695673439 0.8750882996008285
vt 0.4734375 1
vt 0 1
vt 0 0.9375
vt 0.4734375 0.9375
vt 0.06249293896088992 0.5808250905331256
vt 0.06249293896088992 1
vt 0 0.9990274460012564
vt 0.006233189957053131 0.5988338410492009
vt 0.1875 1
vt 0.1875 0.46177500000000005
vt 0.2434750000000001 0.4808875
vt 0.2434750000000001 0.9808875
vt 0.05597500000000011 0.46177500000000005
vt 0.05597500000000011 1
vt 0 0.9808875
vt 0 0.4808875
vt 0.4191270114191125 1
vt 0 0.993643972928538
vt 0.018862971215840463 0.9375882996008285
vt 0.41909695673439 0.9375882996008285
vt 0.4734375 0.9375
vt 0 0.9375
vt 0 0.875
vt 0.4734375 0.875
vt 0.06249293896088992 0.5808250905331256
vt 0.06249293896088992 1
vt 0 0.9990274460012564
vt 0.006233189957053131 0.5988338410492009
vt 0.1875 1
vt 0.1875 0.46177500000000005
vt 0.2434750000000001 0.4808875
vt 0.2434750000000001 0.9808875
vt 0.05597500000000011 0.46177500000000005
vt 0.05597500000000011 1
vt 0 0.9808875
vt 0 0.4808875
vt 0.4191270114191125 0.9375
vt 0 0.931143972928538
vt 0.018862971215840463 0.8750882996008285
vt 0.41909695673439 0.8750882996008285
vt 0.4734375 1
vt 0 1
vt 0 0.9375
vt 0.4734375 0.9375
vt 0.12499293896088992 0.5808250905331256
vt 0.12499293896088992 1
vt 0.0625 0.9990274460012564
vt 0.06873318995705313 0.5988338410492009
vt 0.1875 1
vt 0.1875 0.46177500000000005
vt 0.2434750000000001 0.4808875
vt 0.2434750000000001 0.9808875
vt 0.05597500000000011 0.46177500000000005
vt 0.05597500000000011 1
vt 0 0.9808875
vt 0 0.4808875
vt 0.37129999999999996 1
vt 0.2404125 1
vt 0.1875 0.8389187499999999
vt 0.4242125 0.8389187499999999
vt 0.032362500000000016 1
vt 0 0.55524375
vt 0.11836250000000001 0.40699375000000004
vt 0.18308750000000001 1
vt 0.18308750000000001 0.55524375
vt 0.150725 1
vt 0 1
vt 0.064725 0.40699375000000004
vt 0.37129999999999996 1
vt 0.2404125 1
vt 0.1875 0.8389187499999999
vt 0.4242125 0.8389187499999999
vt 0.15736250000000002 1
vt 0.125 0.55524375
vt 0.2433625 0.40699375000000004
vt 0.3080875 1
vt 0.18308750000000001 0.55524375
vt 0.150725 1
vt 0 1
vt 0.064725 0.40699375000000004
vt 0.37129999999999996 1
vt 0.2404125 1
vt 0.1875 0.8389187499999999
vt 0.4242125 0.8389187499999999
vt 0.032362500000000016 1
vt 0 0.55524375
vt 0.11836250000000001 0.40699375000000004
vt 0.18308750000000001 1
vt 0.18308750000000001 0.55524375
vt 0.150725 1
vt 0 1
vt 0.064725 0.40699375000000004
vt 0.37129999999999996 1
vt 0.2404125 1
vt 0.1875 0.8389187499999999
vt 0.4242125 0.8389187499999999
vt 0.032362500000000016 1
vt 0 0.55524375
vt 0.11836250000000001 0.40699375000000004
vt 0.18308750000000001 1
vt 0.3705875 0.55524375
vt 0.338225 1
vt 0.1875 1
vt 0.25222500000000003 0.40699375000000004
vt 0 0.85174375
vt 0.032362500000000016 0.40698749999999995
vt 0.18308750000000001 0.40698749999999995
vt 0.11836250000000001 1
vt 0.11836250000000001 0.72674375
vt 0.35507500000000003 0.72674375
vt 0.4734375 0.875
vt 0 0.875
vt 0.150725 0.40698749999999995
vt 0.18308750000000001 0.85174375
vt 0.064725 1
vt 0 0.40698749999999995
vt 0.1875 1
vt 0.1875 0.12578749999999994
vt 0.338225 0.12578749999999994
vt 0.338225 1
vt 0.150725 0.12578749999999994
vt 0.150725 1
vt 0 1
vt 0 0.12578749999999994
vt 0.125 0.85174375
vt 0.15736250000000002 0.40698749999999995
vt 0.3080875 0.40698749999999995
vt 0.2433625 1
vt 0.11836250000000001 0.85174375
vt 0.35507500000000003 0.85174375
vt 0.4734375 1
vt 0 1
vt 0.150725 0.40698749999999995
vt 0.18308750000000001 0.85174375
vt 0.064725 1
vt 0 0.40698749999999995
vt 0.1875 1
vt 0.1875 0.12578749999999994
vt 0.338225 0.12578749999999994
vt 0.338225 1
vt 0.150725 0.12578749999999994
vt 0.150725 1
vt 0 1
vt 0 0.12578749999999994
vt 0 0.85174375
vt 0.032362500000000016 0.40698749999999995
vt 0.18308750000000001 0.40698749999999995
vt 0.11836250000000001 1
vt 0.11836250000000001 0.72674375
vt 0.35507500000000003 0.72674375
vt 0.4734375 0.875
vt 0 0.875
vt 0.150725 0.40698749999999995
vt 0.18308750000000001 0.85174375
vt 0.064725 1
vt 0 0.40698749999999995
vt 0.1875 1
vt 0.1875 0.12578749999999994
vt 0.338225 0.12578749999999994
vt 0.338225 1
vt 0.150725 0.12578749999999994
vt 0.150725 1
vt 0 1
vt 0 0.12578749999999994
vt 0 0.85174375
vt 0.032362500000000016 0.40698749999999995
vt 0.18308750000000001 0.40698749999999995
vt 0.11836250000000001 1
vt 0.11836250000000001 0.78924375
vt 0.35507500000000003 0.78924375
vt 0.4734375 0.9375
vt 0 0.9375
vt 0.338225 0.40698749999999995
vt 0.3705875 0.85174375
vt 0.25222500000000003 1
vt 0.1875 0.40698749999999995
vt 0.1875 1
vt 0.1875 0.12578749999999994
vt 0.338225 0.12578749999999994
vt 0.338225 1
vt 0.150725 0.12578749999999994
vt 0.150725 1
vt 0 1
vt 0 0.12578749999999994
vt 0.40298301932007186 0.875
vt 0.0625 0.8749999999999999
vt 0.06593933187593615 0.8096466878397913
vt 0.520543616583653 0.7977340062930002
vt 0.0833375 0.8866624999999999
vt 0.25001249999999997 0.8866624999999999
vt 0.33335 1
vt 0 1
vt 0.13976599370700005 0.541956383416347
vt 0.13976599370699994 0.882439402736419
vt 0.0625 1
vt 0.07441268154679145 0.5453957152922831
vt 0.11836250000000001 0.8389187499999999
vt 0.171275 1
vt 0.10583125000000002 1
vt 0 0.785225
vt 0.41757500000000003 0.8125
vt 0.1808625 0.8125
vt 0.0625 0.75880625
vt 0.5359375 0.75880625
vt 0.3125 1
vt 0.36541250000000003 0.8389187499999999
vt 0.483775 0.785225
vt 0.37794375 1
vt 0.40298301932007186 0.875
vt 0.0625 0.8749999999999999
vt 0.06593933187593615 0.8096466878397913
vt 0.520543616583653 0.7977340062930002
vt 0.0833375 0.8866624999999999
vt 0.25001249999999997 0.8866624999999999
vt 0.33335 1
vt 0 1
vt 0.13976599370700005 0.541956383416347
vt 0.13976599370699994 0.882439402736419
vt 0.0625 1
vt 0.07441268154679145 0.5453957152922831
vt 0.11836250000000001 0.8389187499999999
vt 0.171275 1
vt 0.10583125000000002 1
vt 0 0.785225
vt 0.41757500000000003 0.8125
vt 0.1808625 0.8125
vt 0.0625 0.75880625
vt 0.5359375 0.75880625
vt 0.3125 1
vt 0.36541250000000003 0.8389187499999999
vt 0.483775 0.785225
vt 0.37794375 1
vt 0.40298301932007186 0.875
vt 0.0625 0.8749999999999999
vt 0.06593933187593615 0.8096466878397913
vt 0.520543616583653 0.7977340062930002
vt 0.0833375 0.8866624999999999
vt 0.25001249999999997 0.8866624999999999
vt 0.33335 1
vt 0 1
vt 0.13976599370700005 0.541956383416347
vt 0.13976599370699994 0.882439402736419
vt 0.0625 1
vt 0.07441268154679145 0.5453957152922831
vt 0.11836250000000001 0.8389187499999999
vt 0.171275 1
vt 0.10583125000000002 1
vt 0 0.785225
vt 0.41757500000000003 0.8125
vt 0.1808625 0.8125
vt 0.0625 0.75880625
vt 0.5359375 0.75880625
vt 0.3125 1
vt 0.36541250000000003 0.8389187499999999
vt 0.483775 0.785225
vt 0.37794375 1
vt 0.40298301932007186 0.875
vt 0.0625 0.8749999999999999
vt 0.06593933187593615 0.8096466878397913
vt 0.520543616583653 0.7977340062930002
vt 0.0833375 0.8866624999999999
vt 0.25001249999999997 0.8866624999999999
vt 0.33335 1
vt 0 1
vt 0.13976599370700005 0.541956383416347
vt 0.13976599370699994 0.882439402736419
vt 0.0625 1
vt 0.07441268154679145 0.5453957152922831
vt 0.11836250000000001 0.8389187499999999
vt 0.171275 1
vt 0.10583125000000002 1
vt 0 0.785225
vt 0.41757500000000003 0.8125
vt 0.1808625 0.8125
vt 0.0625 0.75880625
vt 0.5359375 0.75880625
vt 0.3125 1
vt 0.36541250000000003 0.8389187499999999
vt 0.483775 0.785225
vt 0.37794375 1
vt 0.4734375 1
vt 0 1
vt 0 0.9375
vt 0.4734375 0.9375
vt 0.06249887030184598 0.5838272219246043
vt 0.06249887030184598 0.9999997643142517
vt 0 1
vt 1.1102230246251565e-16 0.5838274576103544
vt 0.4734375 1
vt 0 1
vt 0 0.9375
vt 0.4734375 0.9375
vt 0.4161725423896483 0.9999999999999999
vt 0 1
vt 2.3568575002741454e-7 0.9375011296981541
vt 0.41617277807539654 0.9375011296981539
vt 0.4734375 1
vt 0 1
vt 0 0.9375
vt 0.4734375 0.9375
vt 0.06249887030184598 0.5838272219246043
vt 0.06249887030184598 0.9999997643142517
vt 0 1
vt 1.1102230246251565e-16 0.5838274576103544
vt 0.4734375 1
vt 0 1
vt 0 0.9375
vt 0.4734375 0.9375
vt 0.4161725423896483 0.9999999999999999
vt 0 1
vt 2.3568575002741454e-7 0.9375011296981541
vt 0.41617277807539654 0.9375011296981539
vt 0.4734375 1
vt 0 1
vt 0 0.9375
vt 0.4734375 0.9375
vt 0.06249887030184598 0.5838272219246043
vt 0.06249887030184598 0.9999997643142517
vt 0 1
vt 1.1102230246251565e-16 0.5838274576103544
vt 0.4734375 1
vt 0 1
vt 0 0.9375
vt 0.4734375 0.9375
vt 0.4161725423896483 0.9999999999999999
vt 0 1
vt 2.3568575002741454e-7 0.9375011296981541
vt 0.41617277807539654 0.9375011296981539
vt 0.4734375 1
vt 0 1
vt 0 0.9375
vt 0.4734375 0.9375
vt 0.06249887030184598 0.5838272219246043
vt 0.06249887030184598 0.9999997643142517
vt 0 1
vt 1.1102230246251565e-16 0.5838274576103544
vt 0.4734375 1
vt 0 1
vt 0 0.9375
vt 0.4734375 0.9375
vt 0.4161725423896483 0.9999999999999999
vt 0 1
vt 2.3568575002741454e-7 0.9375011296981541
vt 0.41617277807539654 0.9375011296981539
vt 0 -1.25
vt 0.6028875 -1.25
vt 0.6028875 1
vt 0 1
vt 0 -1.25
vt 0.6028875 -1.25
vt 0.6028875 1
vt 0 1
vt 0 -1.25
vt 0.6028875 -1.25
vt 0.6028875 1
vt 0 1
vt 0 -1.25
vt 0.6028875 -1.25
vt 0.6028875 1
vt 0 1
vt 0 -1.25
vt 0.6028875 -1.25
vt 0.6028875 1
vt 0 1
vt 0 -1.25
vt 0.6028875 -1.25
vt 0.6028875 1
vt 0 1
vt 0 -1.25
vt 0.6028875 -1.25
vt 0.6028875 1
vt 0 1
vt 0 -1.25
vt 0.6028875 -1.25
vt 0.6028875 1
vt 0 1
vt 0.6650874999999999 1
vt 0.21919999999999995 1
vt 0.125 0.5190999999999999
vt 0.7278875 0.5190999999999999
vt 0.6336875 1
vt 0.1878 1
vt 0.125 0.5190999999999999
vt 0.7278875 0.5190999999999999
vt 0.6650874999999999 1
vt 0.21919999999999995 1
vt 0.125 0.5190999999999999
vt 0.7278875 0.5190999999999999
vt 0.6336875 1
vt 0.1878 1
vt 0.125 0.5190999999999999
vt 0.7278875 0.5190999999999999
vt 0.6650874999999999 1
vt 0.21919999999999995 1
vt 0.125 0.5190999999999999
vt 0.7278875 0.5190999999999999
vt 0.6336875 1
vt 0.1878 1
vt 0.125 0.5190999999999999
vt 0.7278875 0.5190999999999999
vt 0.6650874999999999 1
vt 0.21919999999999995 1
vt 0.125 0.5190999999999999
vt 0.7278875 0.5190999999999999
vt 0.6336875 1
vt 0.1878 1
vt 0.125 0.5190999999999999
vt 0.7278875 0.5190999999999999
vn -0.9659258262890682 0 -0.25881904510252096
vn -0.9659258262890683 0 0.2588190451025208
vn 0.7071067811865475 0 -0.7071067811865476
vn -0.7071067811865475 0 0.7071067811865476
vn 0.6300800300016172 0.4538703687026972 -0.6300800300016173
vn -0.25881904510252096 0 0.9659258262890682
vn 0.258819045102521 0 0.9659258262890683
vn -0.7071067811865471 0 -0.7071067811865479
vn 0.7071067811865472 0 0.7071067811865478
vn -0.6300800300016168 0.4538703687026972 -0.6300800300016176
vn 0.9659258262890681 0 0.25881904510252146
vn 0.9659258262890682 0 -0.2588190451025209
vn -0.7071067811865479 0 0.7071067811865471
vn 0.7071067811865475 0 -0.7071067811865476
vn -0.6300800300016176 0.45387036870269737 0.6300800300016168
vn 0.25881904510252146 0 -0.9659258262890681
vn -0.2588190451025209 0 -0.9659258262890682
vn 0.7071067811865476 0 0.7071067811865475
vn -0.7071067811865476 0 -0.7071067811865475
vn 0.6300800300016173 0.45387036870269726 0.6300800300016172
vn -0.7020976929585274 -0.11881775576329748 0.7020976929585275
vn -0.8355650278901623 -0.02426027411594105 -0.5488556488428739
vn 0.5873133853117031 -0.04668631502316174 0.8080119896531643
vn -0.7020976929585275 -0.11881775576329746 -0.7020976929585274
vn 0.548855648842874 -0.024260274115941016 -0.835565027890162
vn -0.8080119896531642 -0.04668631502316176 0.5873133853117029
vn 0.7020976929585274 -0.11881775576329748 -0.7020976929585275
vn 0.8355650278901621 -0.024260274115940998 0.5488556488428741
vn -0.5873133853117031 -0.046686315023161735 -0.8080119896531643
vn 0.7020976929585272 -0.11881775576329746 0.7020976929585278
vn -0.548855648842874 -0.02426027411594107 0.835565027890162
vn 0.8080119896531647 -0.04668631502316185 -0.5873133853117026
vn 0.8080119896531645 0.046686315023161735 0.5873133853117029
vn 0.7020976929585274 0.11881775576329741 -0.7020976929585275
vn -0.5488556488428742 0.02426027411594095 -0.8355650278901621
vn 0.7071067811865476 0 0.7071067811865475
vn -0.7071067811865476 0 -0.7071067811865475
vn 0.5873133853117027 0.04668631502316173 -0.8080119896531643
vn -0.7020976929585275 0.1188177557632974 -0.7020976929585274
vn -0.8355650278901621 0.024260274115941012 0.5488556488428742
vn 0.7071067811865475 0 -0.7071067811865476
vn -0.7071067811865475 0 0.7071067811865476
vn -0.8080119896531646 0.04668631502316178 -0.5873133853117026
vn -0.7020976929585274 0.1188177557632974 0.7020976929585275
vn 0.5488556488428742 0.024260274115941012 0.8355650278901621
vn -0.7071067811865476 0 -0.7071067811865475
vn 0.7071067811865476 0 0.7071067811865475
vn -0.5873133853117027 0.04668631502316175 0.8080119896531643
vn 0.7020976929585272 0.11881775576329741 0.7020976929585278
vn 0.8355650278901624 0.02426027411594101 -0.5488556488428736
vn -0.7071067811865475 0 0.7071067811865476
vn 0.7071067811865475 0 -0.7071067811865476
vn 0.4433149098208748 -0.7790659673358985 -0.4433149098208749
vn 0.07988529836494458 -0.4082598336689686 -0.9093636496571271
vn 0.9167862237585904 -0.39788755081070093 -0.034474872535311514
vn 0.4433149098208749 -0.7790659673358987 0.44331490982087485
vn 0.9093636496571271 -0.40825983366896845 0.0798852983649444
vn 0.03447487253531134 -0.3978875508107009 0.9167862237585904
vn -0.4433149098208748 -0.7790659673358985 0.4433149098208749
vn -0.07988529836494408 -0.4082598336689684 0.9093636496571271
vn -0.9167862237585906 -0.39788755081070054 0.03447487253531085
vn -0.44331490982087435 -0.7790659673358985 -0.44331490982087585
vn -0.909363649657127 -0.4082598336689685 -0.07988529836494462
vn -0.034474872535311285 -0.39788755081070104 -0.9167862237585902
vn -0.0344748725353109 0.3978875508107009 0.9167862237585905
vn -0.44331490982087507 0.7790659673358982 0.4433149098208751
vn -0.9093636496571271 0.4082598336689681 0.07988529836494468
vn -0.03757748820637264 0 0.999293716772051
vn -0.999293716772051 0 0.037577488206372855
vn 0.9167862237585904 0.39788755081070093 0.03447487253531107
vn 0.4433149098208751 0.7790659673358984 0.44331490982087507
vn 0.07988529836494507 0.4082598336689687 0.909363649657127
vn 0.999293716772051 0 0.03757748820637303
vn 0.03757748820637325 0 0.999293716772051
vn 0.03447487253531146 0.39788755081070104 -0.9167862237585903
vn 0.44331490982087507 0.7790659673358982 -0.4433149098208751
vn 0.9093636496571269 0.4082598336689686 -0.07988529836494523
vn 0.03757748820637342 0 -0.999293716772051
vn 0.9992937167720509 0 -0.037577488206373584
vn -0.9167862237585904 0.397887550810701 -0.034474872535311514
vn -0.4433149098208751 0.7790659673358984 -0.44331490982087507
vn -0.0798852983649438 0.4082598336689682 -0.9093636496571273
vn -0.999293716772051 0 -0.03757748820637364
vn -0.03757748820637325 0 -0.999293716772051
vn 0.9433214646314312 -0.3257920269868539 -0.06327850754726196
vn -0.29905850626066216 -0.9061611444253629 0.29905850626066216
vn 0.13183579158600026 -0.3484697184410539 -0.9280022518218936
vn -0.6266561724516715 -0.46382102721537943 -0.6262364539382
vn 0.6837416970767508 -0.2549403525478253 -0.6837416970767509
vn 0.6651800668190893 -0.6178653198466723 0.4192587807516036
vn -0.06327850754726168 -0.3257920269868539 -0.9433214646314312
vn 0.29905850626066216 -0.9061611444253628 0.2990585062606621
vn -0.9280022518218932 -0.34846971844105473 -0.13183579158600164
vn -0.6262364539382004 -0.4638210272153792 0.6266561724516713
vn -0.6837416970767509 -0.2549403525478254 -0.6837416970767508
vn 0.4192587807516045 -0.617865319846672 -0.665180066819089
vn -0.9433214646314312 -0.3257920269868537 0.0632785075472614
vn 0.2990585062606621 -0.9061611444253628 -0.2990585062606621
vn -0.1318357915860012 -0.34846971844105423 0.9280022518218936
vn 0.6266561724516717 -0.46382102721537893 0.6262364539382003
vn -0.6837416970767508 -0.2549403525478253 0.6837416970767509
vn -0.6651800668190894 -0.6178653198466719 -0.4192587807516041
vn 0.06327850754726168 -0.3257920269868539 0.9433214646314312
vn -0.29905850626066216 -0.9061611444253629 -0.2990585062606621
vn 0.9280022518218938 -0.3484697184410539 0.1318357915860001
vn 0.6262364539382003 -0.4638210272153792 -0.6266561724516714
vn 0.6837416970767509 -0.2549403525478253 0.6837416970767508
vn -0.4192587807516037 -0.6178653198466721 0.6651800668190894
vn -0.5 0 -0.8660254037844387
vn -0.8660254037844386 0 -0.5000000000000002
vn 1 0 2.220446049250313e-16
vn -1 0 0
vn 0.8910677238087337 0.45387036870269715 1.6653345369377348e-16
vn -0.8660254037844387 0 0.5
vn -0.49999999999999994 0 0.8660254037844387
vn 5.551115123125783e-16 0 -1
vn -6.661338147750939e-16 0 1
vn 5.551115123125783e-16 0.45387036870269715 -0.8910677238087337
vn 0.49999999999999956 0 0.866025403784439
vn 0.8660254037844388 0 0.5
vn -1 0 -6.661338147750939e-16
vn 1 0 0
vn -0.8910677238087338 0.4538703687026974 -6.106226635438362e-16
vn 0.866025403784439 0 -0.4999999999999995
vn 0.49999999999999994 0 -0.8660254037844388
vn -2.220446049250313e-16 0 1
vn 2.220446049250313e-16 0 -1
vn -1.6653345369377348e-16 0.45387036870269715 0.8910677238087337
vn -0.9929160794928108 -0.1188177557632974 -5.551115123125784e-17
vn -0.20273414615412183 -0.024260274115941016 -0.9789332485327988
vn -0.15605747972825415 -0.046686315023161715 0.9866440345993197
vn 1.6653345369377348e-16 -0.11881775576329735 -0.9929160794928107
vn 0.9789332485327991 -0.02426027411594098 -0.2027341461541211
vn -0.9866440345993196 -0.04668631502316154 -0.1560574797282554
vn 0.9929160794928107 -0.11881775576329735 0
vn 0.2027341461541211 -0.02426027411594097 0.9789332485327991
vn 0.15605747972825407 -0.0466863150231617 -0.9866440345993198
vn -3.885780586188048e-16 -0.11881775576329764 0.9929160794928106
vn -0.9789332485327991 -0.024260274115940974 0.20273414615412133
vn 0.9866440345993197 -0.04668631502316183 0.15605747972825476
vn 0.15605747972825434 0.04668631502316166 0.9866440345993197
vn 0.9929160794928107 0.11881775576329742 2.220446049250313e-16
vn 0.20273414615412144 0.02426027411594088 -0.9789332485327991
vn 1.1102230246251565e-16 0 1
vn -1.1102230246251565e-16 0 -1
vn 0.9866440345993199 0.04668631502316204 -0.15605747972825323
vn 2.2204460492503136e-16 0.11881775576329733 -0.9929160794928107
vn -0.9789332485327988 0.024260274115941054 -0.20273414615412194
vn 1 0 2.7755575615628914e-15
vn -1 0 -1.27675647831893e-15
vn -0.1560574797282547 0.04668631502316175 -0.9866440345993197
vn -0.9929160794928107 0.11881775576329734 5.551115123125784e-17
vn -0.20273414615412122 0.02426027411594096 0.9789332485327991
vn -1.1102230246251565e-16 0 -1
vn 1.1102230246251565e-16 0 1
vn -0.9866440345993197 0.04668631502316166 0.15605747972825434
vn -3.885780586188049e-16 0.11881775576329733 0.9929160794928108
vn 0.9789332485327988 0.024260274115941043 0.20273414615412222
vn -1 0 1.1102230246251565e-16
vn 1 0 -1.1102230246251565e-16
vn 0.6269419578708868 -0.7790659673358985 -5.551115123125783e-17
vn 0.699504639428065 -0.4082598336689684 -0.5865297670461398
vn 0.6726431718683676 -0.39788755081070093 0.6238883395678456
vn 5.551115123125783e-17 -0.7790659673358985 0.6269419578708868
vn 0.5865297670461398 -0.40825983366896845 0.6995046394280652
vn -0.6238883395678455 -0.39788755081070126 0.6726431718683676
vn -0.6269419578708868 -0.7790659673358985 5.551115123125783e-17
vn -0.6995046394280652 -0.4082598336689685 0.5865297670461396
vn -0.6726431718683664 -0.39788755081070054 -0.6238883395678474
vn 1.387778780781446e-15 -0.7790659673358981 -0.6269419578708876
vn -0.5865297670461393 -0.40825983366896856 -0.6995046394280654
vn 0.6238883395678455 -0.39788755081070126 -0.6726431718683676
vn -0.6726431718683671 0.3978875508107011 0.6238883395678464
vn -0.626941957870887 0.7790659673358984 0
vn -0.6995046394280652 0.40825983366896845 -0.5865297670461396
vn -0.7331786602573102 0 0.6800360667959426
vn -0.7331786602573095 0 -0.6800360667959435
vn 0.6238883395678465 0.3978875508107007 0.6726431718683671
vn -3.3306690738754706e-16 0.7790659673358987 0.6269419578708868
vn -0.586529767046139 0.40825983366896873 0.6995046394280656
vn 0.6800360667959426 0 0.7331786602573102
vn -0.6800360667959418 0 0.733178660257311
vn 0.6726431718683676 0.39788755081070093 -0.6238883395678456
vn 0.6269419578708868 0.7790659673358984 1.6653345369377348e-16
vn 0.6995046394280658 0.40825983366896873 0.5865297670461388
vn 0.7331786602573109 0 -0.6800360667959419
vn 0.733178660257311 0 0.6800360667959418
vn -0.6238883395678457 0.397887550810701 -0.6726431718683676
vn -5.551115123125784e-17 0.7790659673358984 -0.6269419578708871
vn 0.5865297670461405 0.40825983366896795 -0.6995046394280647
vn -0.6800360667959419 0 -0.7331786602573109
vn 0.6800360667959418 0 -0.733178660257311
vn 0.7117736662697436 -0.32579202698685367 0.6222843426896784
vn -0.4229325954968665 -0.9061611444253632 5.551115123125784e-17
vn 0.7494186674532046 -0.34846971844105407 -0.5629747029860896
vn -0.00029678580706493657 -0.46382102721537977 -0.8859288722189016
vn 0.9669567811659374 -0.2549403525478256 -5.551115123125784e-17
vn 0.17389260901643544 -0.6178653198466721 0.7668140628993619
vn 0.6222843426896787 -0.32579202698685383 -0.7117736662697433
vn -1.6653345369377353e-16 -0.906161144425363 0.4229325954968674
vn -0.5629747029860885 -0.3484697184410548 -0.749418667453205
vn -0.8859288722189016 -0.4638210272153797 0.0002967858070644369
vn -5.551115123125783e-17 -0.2549403525478254 -0.9669567811659374
vn 0.7668140628993618 -0.6178653198466723 -0.17389260901643572
vn -0.7117736662697436 -0.3257920269868536 -0.6222843426896784
vn 0.4229325954968665 -0.9061611444253633 -5.551115123125784e-17
vn -0.7494186674532051 -0.3484697184410545 0.5629747029860886
vn 0.00029678580706488106 -0.46382102721537893 0.8859288722189022
vn -0.9669567811659374 -0.25494035254782554 5.551115123125783e-17
vn -0.1738926090164349 -0.6178653198466719 -0.7668140628993625
vn -0.6222843426896784 -0.32579202698685367 0.7117736662697436
vn -5.551115123125784e-17 -0.9061611444253632 -0.4229325954968665
vn 0.5629747029860896 -0.34846971844105407 0.7494186674532046
vn 0.8859288722189018 -0.4638210272153793 -0.0002967858070643259
vn 5.551115123125783e-17 -0.25494035254782604 0.9669567811659372
vn -0.7668140628993622 -0.6178653198466723 0.17389260901643547
vn -0.9659258262890682 0 -0.2588190451025208
vn -0.9659258262890684 0 0.2588190451025209
vn 0.7071067811865475 0 -0.7071067811865476
vn -0.7071067811865475 0 0.7071067811865476
vn 0.6300800300016169 0.4538703687026978 -0.630080030001617
vn -0.2588190451025208 0 0.9659258262890682
vn 0.2588190451025212 0 0.9659258262890682
vn -0.7071067811865471 0 -0.7071067811865479
vn 0.7071067811865471 0 0.7071067811865479
vn -0.6300800300016166 0.45387036870269776 -0.6300800300016174
vn 0.9659258262890681 0 0.25881904510252146
vn 0.9659258262890684 0 -0.2588190451025209
vn -0.7071067811865479 0 0.7071067811865471
vn 0.7071067811865474 0 -0.7071067811865477
vn -0.6300800300016174 0.45387036870269787 0.6300800300016166
vn 0.25881904510252146 0 -0.9659258262890681
vn -0.2588190451025209 0 -0.9659258262890682
vn 0.7071067811865476 0 0.7071067811865475
vn -0.7071067811865476 0 -0.7071067811865475
vn 0.630080030001617 0.45387036870269787 0.6300800300016169
vn -0.7020976929585273 -0.1188177557632974 0.7020976929585276
vn -0.8355650278901623 -0.024260274115940856 -0.5488556488428739
vn 0.5873133853117045 -0.046686315023162256 0.8080119896531631
vn -0.7020976929585275 -0.11881775576329713 -0.7020976929585274
vn 0.5488556488428741 -0.024260274115940804 -0.8355650278901621
vn -0.8080119896531643 -0.04668631502316166 0.5873133853117031
vn 0.7020976929585274 -0.11881775576329716 -0.7020976929585278
vn 0.8355650278901623 -0.024260274115940745 0.5488556488428736
vn -0.5873133853117029 -0.0466863150231617 -0.8080119896531645
vn 0.7020976929585275 -0.11881775576329792 0.7020976929585274
vn -0.5488556488428737 -0.02426027411594098 0.8355650278901623
vn 0.8080119896531647 -0.046686315023161874 -0.5873133853117023
vn 0.8080119896531651 0.0466863150231614 0.587313385311702
vn 0.70453510236946 0.08520903155481106 -0.7045351023694602
vn -0.548855648842874 0.024260274115940773 -0.835565027890162
vn 0.707106781186549 0 0.707106781186546
vn -0.7071067811865476 0 -0.7071067811865475
vn 0.5873133853117033 0.04668631502316179 -0.8080119896531641
vn -0.7045351023694602 0.08520903155481106 -0.70453510236946
vn -0.835565027890162 0.024260274115940936 0.5488556488428743
vn 0.7071067811865481 0 -0.7071067811865469
vn -0.7071067811865475 0 0.7071067811865476
vn -0.8080119896531648 0.0466863150231615 -0.5873133853117025
vn -0.7045351023694599 0.08520903155481106 0.7045351023694603
vn 0.5488556488428743 0.024260274115940724 0.8355650278901618
vn -0.7071067811865482 0 -0.7071067811865468
vn 0.7071067811865503 0 0.7071067811865447
vn -0.587313385311702 0.0466863150231614 0.8080119896531651
vn 0.7045351023694598 0.08520903155481106 0.7045351023694604
vn 0.8355650278901623 0.02426027411594118 -0.5488556488428737
vn -0.707106781186546 0 0.707106781186549
vn 0.7071067811865475 0 -0.7071067811865476
vn 0.4433149098208749 -0.7790659673358984 -0.44331490982087496
vn 0.07988529836494535 -0.4082598336689689 -0.9093636496571268
vn 0.9167862237585904 -0.39788755081070104 -0.034474872535310626
vn 0.44331490982087496 -0.7790659673358984 0.4433149098208749
vn 0.9093636496571268 -0.4082598336689689 0.07988529836494535
vn 0.034474872535311174 -0.397887550810701 0.9167862237585903
vn -0.443314909820875 -0.7790659673358985 0.44331490982087507
vn -0.07988529836494485 -0.4082598336689686 0.9093636496571269
vn -0.9167862237585904 -0.3978875508107006 0.03447487253531101
vn -0.4433149098208745 -0.7790659673358983 -0.443314909820876
vn -0.9093636496571269 -0.4082598336689688 -0.07988529836494512
vn -0.034474872535311334 -0.39788755081070093 -0.9167862237585902
vn -0.03447487253531156 0.3978875508107013 0.9167862237585902
vn -0.4433149098208758 0.7790659673358976 0.44331490982087585
vn -0.9093636496571267 0.40825983366896895 0.07988529836494596
vn -0.037577488206373695 0 0.999293716772051
vn -0.9992937167720509 0 0.037577488206372966
vn 0.9167862237585901 0.39788755081070143 0.03447487253531112
vn 0.4433149098208759 0.7790659673358974 0.44331490982087585
vn 0.07988529836494696 0.4082598336689697 0.9093636496571262
vn 0.999293716772051 0 0.03757748820637313
vn 0.03757748820637302 0 0.9992937167720509
vn 0.03447487253531151 0.3978875508107015 -0.91678622375859
vn 0.44331490982087574 0.7790659673358974 -0.44331490982087585
vn 0.9093636496571262 0.4082598336689698 -0.07988529836494747
vn 0.037577488206373695 0 -0.999293716772051
vn 0.9992937167720509 0 -0.03757748820637269
vn -0.91678622375859 0.39788755081070154 -0.03447487253531195
vn -0.44331490982087585 0.7790659673358975 -0.44331490982087574
vn -0.07988529836494575 0.40825983366896906 -0.9093636496571267
vn -0.999293716772051 0 -0.03757748820637403
vn -0.037577488206373355 0 -0.999293716772051
vn 0.943321464631431 -0.325792026986854 -0.06327850754726194
vn -0.2990585062606615 -0.9061611444253632 0.29905850626066155
vn 0.1318357915860008 -0.3484697184410544 -0.9280022518218936
vn -0.626656172451672 -0.4638210272153792 -0.6262364539381996
vn 0.6837416970767508 -0.25494035254782504 -0.6837416970767509
vn 0.6651800668190896 -0.6178653198466726 0.41925878075160306
vn -0.06327850754726101 -0.3257920269868541 -0.9433214646314312
vn 0.29905850626066155 -0.9061611444253631 0.2990585062606615
vn -0.9280022518218931 -0.348469718441055 -0.13183579158600156
vn -0.6262364539382008 -0.46382102721537966 0.6266561724516707
vn -0.683741697076751 -0.25494035254782443 -0.6837416970767509
vn 0.41925878075160417 -0.617865319846672 -0.6651800668190894
vn -0.9433214646314312 -0.3257920269868539 0.06327850754726096
vn 0.29905850626066144 -0.9061611444253631 -0.2990585062606615
vn -0.13183579158600095 -0.3484697184410545 0.9280022518218933
vn 0.6266561724516723 -0.46382102721537866 0.6262364539381999
vn -0.6837416970767508 -0.2549403525478251 0.6837416970767509
vn -0.6651800668190897 -0.6178653198466719 -0.4192587807516035
vn 0.06327850754726196 -0.32579202698685406 0.9433214646314312
vn -0.29905850626066155 -0.9061611444253632 -0.2990585062606615
vn 0.9280022518218937 -0.34846971844105423 0.13183579158600017
vn 0.6262364539382002 -0.4638210272153786 -0.626656172451672
vn 0.6837416970767508 -0.25494035254782565 0.6837416970767507
vn -0.41925878075160294 -0.6178653198466725 0.6651800668190895
vn -0.07159681621364797 0.9948606896526458 -0.07159681621364801
vn -0.5183075252270217 0.020357500670882454 0.8549519761129716
vn 0.31165455836212197 -0.8976318134425837 0.31165455836212225
vn 0.8574230427889049 0.020755714856192695 -0.5141934713660066
vn -0.071596816213648 0.994860689652646 0.07159681621364801
vn 0.8549519761129718 0.020357500670882458 0.5183075252270218
vn 0.3116545583621221 -0.8976318134425838 -0.311654558362122
vn -0.5141934713660069 0.02075571485619258 -0.8574230427889047
vn 0.07159681621364801 0.994860689652646 0.071596816213648
vn 0.5183075252270213 0.0203575006708825 -0.8549519761129719
vn -0.311654558362122 -0.8976318134425837 -0.3116545583621221
vn -0.8574230427889049 0.02075571485619259 0.5141934713660069
vn 0.07159681621364798 0.994860689652646 -0.07159681621364802
vn -0.854951976112972 0.0203575006708825 -0.5183075252270214
vn -0.311654558362122 -0.8976318134425838 0.3116545583621221
vn 0.5141934713660069 0.02075571485619259 0.8574230427889049
vn 0.5000000000000002 0 0.8660254037844386
vn 0.8660254037844387 0 0.5000000000000003
vn 0.8660254037844386 0 -0.5000000000000002
vn 0.49999999999999994 0 -0.8660254037844387
vn -0.49999999999999967 0 -0.8660254037844388
vn -0.866025403784439 0 -0.49999999999999944
vn -0.8660254037844388 0 0.49999999999999967
vn -0.49999999999999994 0 0.8660254037844387
vn 0.4083525824563342 0.5770551737962063 -0.7072874202163311
vn 0.7072874202163308 0.5770551737962064 -0.4083525824563346
vn 0.7072874202163307 0.5770551737962064 0.4083525824563349
vn 0.4083525824563346 0.5770551737962064 0.7072874202163308
vn -0.40835258245633477 0.5770551737962064 0.7072874202163307
vn -0.7072874202163312 0.5770551737962063 0.40835258245633455
vn -0.7072874202163313 0.5770551737962063 -0.4083525824563341
vn -0.40835258245633443 0.5770551737962062 -0.7072874202163311
usemtl m_d4436b7b-16ff-3fcb-ebe6-76c3bb09ec33
f 448/1233/321 450/1234/321 449/1235/321 447/1236/321
f 450/1237/322 454/1238/322 453/1239/322 449/1240/322
f 520/1241/323 519/1242/323 542/1243/323 541/1244/323
f 454/1245/324 458/1246/324 457/1247/324 453/1248/324
f 541/1249/325 542/1250/325 543/1251/325 544/1252/325
f 458/1253/326 460/1254/326 459/1255/326 457/1256/326
f 460/1257/327 464/1258/327 463/1259/327 459/1260/327
f 532/1261/328 530/1262/328 546/1263/328 545/1264/328
f 464/1265/329 468/1266/329 467/1267/329 463/1268/329
f 545/1269/330 546/1270/330 547/1271/330 548/1272/330
f 468/1273/331 470/1274/331 469/1275/331 467/1276/331
f 470/1277/332 474/1278/332 473/1279/332 469/1280/332
f 528/1281/333 527/1282/333 534/1283/333 533/1284/333
f 474/1285/334 478/1286/334 477/1287/334 473/1288/334
f 533/1289/335 534/1290/335 535/1291/335 536/1292/335
f 478/1293/336 480/1294/336 479/1295/336 477/1296/336
f 480/1297/337 484/1298/337 483/1299/337 479/1300/337
f 524/1301/338 523/1302/338 538/1303/338 537/1304/338
f 484/1305/339 448/1306/339 447/1307/339 483/1308/339
f 537/1309/340 538/1310/340 539/1311/340 540/1312/340
f 486/1313/341 485/1314/341 453/1315/341 457/1316/341
f 487/1317/342 486/1318/342 457/1319/342 455/1320/342
f 485/1321/343 488/1322/343 451/1323/343 453/1324/343
f 490/1325/344 489/1326/344 483/1327/344 447/1328/344
f 491/1329/345 490/1330/345 447/1331/345 445/1332/345
f 489/1333/346 492/1334/346 481/1335/346 483/1336/346
f 494/1337/347 493/1338/347 473/1339/347 477/1340/347
f 495/1341/348 494/1342/348 477/1343/348 475/1344/348
f 493/1345/349 496/1346/349 471/1347/349 473/1348/349
f 497/1349/350 499/1350/350 463/1351/350 467/1352/350
f 498/1353/351 497/1354/351 467/1355/351 465/1356/351
f 499/1357/352 500/1358/352 461/1359/352 463/1360/352
f 503/1361/353 502/1362/353 476/1363/353 478/1364/353
f 504/1365/354 503/1366/354 478/1367/354 474/1368/354
f 501/1369/355 504/1370/355 474/1371/355 472/1372/355
f 502/1373/356 495/1374/356 475/1375/356 476/1376/356
f 496/1377/357 501/1378/357 472/1379/357 471/1380/357
f 507/1381/358 506/1382/358 446/1383/358 448/1384/358
f 508/1385/359 507/1386/359 448/1387/359 484/1388/359
f 505/1389/360 508/1390/360 484/1391/360 482/1392/360
f 506/1393/361 491/1394/361 445/1395/361 446/1396/361
f 492/1397/362 505/1398/362 482/1399/362 481/1400/362
f 511/1401/363 510/1402/363 456/1403/363 458/1404/363
f 512/1405/364 511/1406/364 458/1407/364 454/1408/364
f 509/1409/365 512/1410/365 454/1411/365 452/1412/365
f 510/1413/366 487/1414/366 455/1415/366 456/1416/366
f 488/1417/367 509/1418/367 452/1419/367 451/1420/367
f 515/1421/368 514/1422/368 466/1423/368 468/1424/368
f 516/1425/369 515/1426/369 468/1427/369 464/1428/369
f 513/1429/370 516/1430/370 464/1431/370 462/1432/370
f 514/1433/371 498/1434/371 465/1435/371 466/1436/371
f 500/1437/372 513/1438/372 462/1439/372 461/1440/372
f 550/1441/373 549/1442/373 553/1443/373 554/1444/373
f 519/1445/374 518/1446/374 486/1447/374 487/1448/374
f 517/1449/375 520/1450/375 488/1451/375 485/1452/375
f 568/1453/376 567/1454/376 571/1455/376 572/1456/376
f 523/1457/377 522/1458/377 490/1459/377 491/1460/377
f 521/1461/378 524/1462/378 492/1463/378 489/1464/378
f 562/1465/379 561/1466/379 565/1467/379 566/1468/379
f 527/1469/380 526/1470/380 494/1471/380 495/1472/380
f 525/1473/381 528/1474/381 496/1475/381 493/1476/381
f 556/1477/382 555/1478/382 559/1479/382 560/1480/382
f 530/1481/383 529/1482/383 497/1483/383 498/1484/383
f 531/1485/384 532/1486/384 500/1487/384 499/1488/384
f 535/1489/385 534/1490/385 502/1491/385 503/1492/385
f 536/1493/386 535/1494/386 503/1495/386 504/1496/386
f 533/1497/387 536/1498/387 504/1499/387 501/1500/387
f 534/1501/388 527/1502/388 495/1503/388 502/1504/388
f 528/1505/389 533/1506/389 501/1507/389 496/1508/389
f 539/1509/390 538/1510/390 506/1511/390 507/1512/390
f 540/1513/391 539/1514/391 507/1515/391 508/1516/391
f 537/1517/392 540/1518/392 508/1519/392 505/1520/392
f 538/1521/393 523/1522/393 491/1523/393 506/1524/393
f 524/1525/394 537/1526/394 505/1527/394 492/1528/394
f 543/1529/395 542/1530/395 510/1531/395 511/1532/395
f 544/1533/396 543/1534/396 511/1535/396 512/1536/396
f 541/1537/397 544/1538/397 512/1539/397 509/1540/397
f 542/1541/398 519/1542/398 487/1543/398 510/1544/398
f 520/1545/399 541/1546/399 509/1547/399 488/1548/399
f 547/1549/400 546/1550/400 514/1551/400 515/1552/400
f 548/1553/401 547/1554/401 515/1555/401 516/1556/401
f 545/1557/402 548/1558/402 516/1559/402 513/1560/402
f 546/1561/403 530/1562/403 498/1563/403 514/1564/403
f 532/1565/404 545/1566/404 513/1567/404 500/1568/404
f 551/1569/405 550/1570/405 518/1571/405 519/1572/405
f 552/1573/406 551/1574/406 519/1575/406 520/1576/406
f 549/1577/407 552/1578/407 520/1579/407 517/1580/407
f 553/1581/408 549/1582/408 517/1583/408 485/1584/408
f 554/1585/409 553/1586/409 485/1587/409 486/1588/409
f 550/1589/410 554/1590/410 486/1591/410 518/1592/410
f 557/1593/411 556/1594/411 529/1595/411 530/1596/411
f 558/1597/412 557/1598/412 530/1599/412 532/1600/412
f 555/1601/413 558/1602/413 532/1603/413 531/1604/413
f 559/1605/414 555/1606/414 531/1607/414 499/1608/414
f 560/1609/415 559/1610/415 499/1611/415 497/1612/415
f 556/1613/416 560/1614/416 497/1615/416 529/1616/416
f 563/1617/417 562/1618/417 526/1619/417 527/1620/417
f 564/1621/418 563/1622/418 527/1623/418 528/1624/418
f 561/1625/419 564/1626/419 528/1627/419 525/1628/419
f 565/1629/420 561/1630/420 525/1631/420 493/1632/420
f 566/1633/421 565/1634/421 493/1635/421 494/1636/421
f 562/1637/422 566/1638/422 494/1639/422 526/1640/422
f 569/1641/423 568/1642/423 522/1643/423 523/1644/423
f 570/1645/424 569/1646/424 523/1647/424 524/1648/424
f 567/1649/425 570/1650/425 524/1651/425 521/1652/425
f 571/1653/426 567/1654/426 521/1655/426 489/1656/426
f 572/1657/427 571/1658/427 489/1659/427 490/1660/427
f 568/1661/428 572/1662/428 490/1663/428 522/1664/428
f 576/1665/429 578/1666/429 577/1667/429 575/1668/429
f 578/1669/430 582/1670/430 581/1671/430 577/1672/430
f 648/1673/431 647/1674/431 670/1675/431 669/1676/431
f 582/1677/432 586/1678/432 585/1679/432 581/1680/432
f 669/1681/433 670/1682/433 671/1683/433 672/1684/433
f 586/1685/434 588/1686/434 587/1687/434 585/1688/434
f 588/1689/435 592/1690/435 591/1691/435 587/1692/435
f 660/1693/436 658/1694/436 674/1695/436 673/1696/436
f 592/1697/437 596/1698/437 595/1699/437 591/1700/437
f 673/1701/438 674/1702/438 675/1703/438 676/1704/438
f 596/1705/439 598/1706/439 597/1707/439 595/1708/439
f 598/1709/440 602/1710/440 601/1711/440 597/1712/440
f 656/1713/441 655/1714/441 662/1715/441 661/1716/441
f 602/1717/442 606/1718/442 605/1719/442 601/1720/442
f 661/1721/443 662/1722/443 663/1723/443 664/1724/443
f 606/1725/444 608/1726/444 607/1727/444 605/1728/444
f 608/1729/445 612/1730/445 611/1731/445 607/1732/445
f 652/1733/446 651/1734/446 666/1735/446 665/1736/446
f 612/1737/447 576/1738/447 575/1739/447 611/1740/447
f 665/1741/448 666/1742/448 667/1743/448 668/1744/448
f 614/1745/449 613/1746/449 581/1747/449 585/1748/449
f 615/1749/450 614/1750/450 585/1751/450 583/1752/450
f 613/1753/451 616/1754/451 579/1755/451 581/1756/451
f 618/1757/452 617/1758/452 611/1759/452 575/1760/452
f 619/1761/453 618/1762/453 575/1763/453 573/1764/453
f 617/1765/454 620/1766/454 609/1767/454 611/1768/454
f 622/1769/455 621/1770/455 601/1771/455 605/1772/455
f 623/1773/456 622/1774/456 605/1775/456 603/1776/456
f 621/1777/457 624/1778/457 599/1779/457 601/1780/457
f 625/1781/458 627/1782/458 591/1783/458 595/1784/458
f 626/1785/459 625/1786/459 595/1787/459 593/1788/459
f 627/1789/460 628/1790/460 589/1791/460 591/1792/460
f 631/1793/461 630/1794/461 604/1795/461 606/1796/461
f 632/1797/462 631/1798/462 606/1799/462 602/1800/462
f 629/1801/463 632/1802/463 602/1803/463 600/1804/463
f 630/1805/464 623/1806/464 603/1807/464 604/1808/464
f 624/1809/465 629/1810/465 600/1811/465 599/1812/465
f 635/1813/466 634/1814/466 574/1815/466 576/1816/466
f 636/1817/467 635/1818/467 576/1819/467 612/1820/467
f 633/1821/468 636/1822/468 612/1823/468 610/1824/468
f 634/1825/469 619/1826/469 573/1827/469 574/1828/469
f 620/1829/470 633/1830/470 610/1831/470 609/1832/470
f 639/1833/471 638/1834/471 584/1835/471 586/1836/471
f 640/1837/472 639/1838/472 586/1839/472 582/1840/472
f 637/1841/473 640/1842/473 582/1843/473 580/1844/473
f 638/1845/474 615/1846/474 583/1847/474 584/1848/474
f 616/1849/475 637/1850/475 580/1851/475 579/1852/475
f 643/1853/476 642/1854/476 594/1855/476 596/1856/476
f 644/1857/477 643/1858/477 596/1859/477 592/1860/477
f 641/1861/478 644/1862/478 592/1863/478 590/1864/478
f 642/1865/479 626/1866/479 593/1867/479 594/1868/479
f 628/1869/480 641/1870/480 590/1871/480 589/1872/480
f 678/1873/481 677/1874/481 681/1875/481 682/1876/481
f 647/1877/482 646/1878/482 614/1879/482 615/1880/482
f 645/1881/483 648/1882/483 616/1883/483 613/1884/483
f 696/1885/484 695/1886/484 699/1887/484 700/1888/484
f 651/1889/485 650/1890/485 618/1891/485 619/1892/485
f 649/1893/486 652/1894/486 620/1895/486 617/1896/486
f 690/1897/487 689/1898/487 693/1899/487 694/1900/487
f 655/1901/488 654/1902/488 622/1903/488 623/1904/488
f 653/1905/489 656/1906/489 624/1907/489 621/1908/489
f 684/1909/490 683/1910/490 687/1911/490 688/1912/490
f 658/1913/491 657/1914/491 625/1915/491 626/1916/491
f 659/1917/492 660/1918/492 628/1919/492 627/1920/492
f 663/1921/493 662/1922/493 630/1923/493 631/1924/493
f 664/1925/494 663/1926/494 631/1927/494 632/1928/494
f 661/1929/495 664/1930/495 632/1931/495 629/1932/495
f 662/1933/496 655/1934/496 623/1935/496 630/1936/496
f 656/1937/497 661/1938/497 629/1939/497 624/1940/497
f 667/1941/498 666/1942/498 634/1943/498 635/1944/498
f 668/1945/499 667/1946/499 635/1947/499 636/1948/499
f 665/1949/500 668/1950/500 636/1951/500 633/1952/500
f 666/1953/501 651/1954/501 619/1955/501 634/1956/501
f 652/1957/502 665/1958/502 633/1959/502 620/1960/502
f 671/1961/503 670/1962/503 638/1963/503 639/1964/503
f 672/1965/504 671/1966/504 639/1967/504 640/1968/504
f 669/1969/505 672/1970/505 640/1971/505 637/1972/505
f 670/1973/506 647/1974/506 615/1975/506 638/1976/506
f 648/1977/507 669/1978/507 637/1979/507 616/1980/507
f 675/1981/508 674/1982/508 642/1983/508 643/1984/508
f 676/1985/509 675/1986/509 643/1987/509 644/1988/509
f 673/1989/510 676/1990/510 644/1991/510 641/1992/510
f 674/1993/511 658/1994/511 626/1995/511 642/1996/511
f 660/1997/512 673/1998/512 641/1999/512 628/2000/512
f 679/2001/513 678/2002/513 646/2003/513 647/2004/513
f 680/2005/514 679/2006/514 647/2007/514 648/2008/514
f 677/2009/515 680/2010/515 648/2011/515 645/2012/515
f 681/2013/516 677/2014/516 645/2015/516 613/2016/516
f 682/2017/517 681/2018/517 613/2019/517 614/2020/517
f 678/2021/518 682/2022/518 614/2023/518 646/2024/518
f 685/2025/519 684/2026/519 657/2027/519 658/2028/519
f 686/2029/520 685/2030/520 658/2031/520 660/2032/520
f 683/2033/521 686/2034/521 660/2035/521 659/2036/521
f 687/2037/522 683/2038/522 659/2039/522 627/2040/522
f 688/2041/523 687/2042/523 627/2043/523 625/2044/523
f 684/2045/524 688/2046/524 625/2047/524 657/2048/524
f 691/2049/525 690/2050/525 654/2051/525 655/2052/525
f 692/2053/526 691/2054/526 655/2055/526 656/2056/526
f 689/2057/527 692/2058/527 656/2059/527 653/2060/527
f 693/2061/528 689/2062/528 653/2063/528 621/2064/528
f 694/2065/529 693/2066/529 621/2067/529 622/2068/529
f 690/2069/530 694/2070/530 622/2071/530 654/2072/530
f 697/2073/531 696/2074/531 650/2075/531 651/2076/531
f 698/2077/532 697/2078/532 651/2079/532 652/2080/532
f 695/2081/533 698/2082/533 652/2083/533 649/2084/533
f 699/2085/534 695/2086/534 649/2087/534 617/2088/534
f 700/2089/535 699/2090/535 617/2091/535 618/2092/535
f 696/2093/536 700/2094/536 618/2095/536 650/2096/536
f 704/2097/537 706/2098/537 705/2099/537 703/2100/537
f 706/2101/538 710/2102/538 709/2103/538 705/2104/538
f 776/2105/539 775/2106/539 798/2107/539 797/2108/539
f 710/2109/540 714/2110/540 713/2111/540 709/2112/540
f 797/2113/541 798/2114/541 799/2115/541 800/2116/541
f 714/2117/542 716/2118/542 715/2119/542 713/2120/542
f 716/2121/543 720/2122/543 719/2123/543 715/2124/543
f 788/2125/544 786/2126/544 802/2127/544 801/2128/544
f 720/2129/545 724/2130/545 723/2131/545 719/2132/545
f 801/2133/546 802/2134/546 803/2135/546 804/2136/546
f 724/2137/547 726/2138/547 725/2139/547 723/2140/547
f 726/2141/548 730/2142/548 729/2143/548 725/2144/548
f 784/2145/549 783/2146/549 790/2147/549 789/2148/549
f 730/2149/550 734/2150/550 733/2151/550 729/2152/550
f 789/2153/551 790/2154/551 791/2155/551 792/2156/551
f 734/2157/552 736/2158/552 735/2159/552 733/2160/552
f 736/2161/553 740/2162/553 739/2163/553 735/2164/553
f 780/2165/554 779/2166/554 794/2167/554 793/2168/554
f 740/2169/555 704/2170/555 703/2171/555 739/2172/555
f 793/2173/556 794/2174/556 795/2175/556 796/2176/556
f 742/2177/557 741/2178/557 709/2179/557 713/2180/557
f 743/2181/558 742/2182/558 713/2183/558 711/2184/558
f 741/2185/559 744/2186/559 707/2187/559 709/2188/559
f 746/2189/560 745/2190/560 739/2191/560 703/2192/560
f 747/2193/561 746/2194/561 703/2195/561 701/2196/561
f 745/2197/562 748/2198/562 737/2199/562 739/2200/562
f 750/2201/563 749/2202/563 729/2203/563 733/2204/563
f 751/2205/564 750/2206/564 733/2207/564 731/2208/564
f 749/2209/565 752/2210/565 727/2211/565 729/2212/565
f 753/2213/566 755/2214/566 719/2215/566 723/2216/566
f 754/2217/567 753/2218/567 723/2219/567 721/2220/567
f 755/2221/568 756/2222/568 717/2223/568 719/2224/568
f 759/2225/569 758/2226/569 732/2227/569 734/2228/569
f 833/2229/570 834/2230/570 835/2231/570 836/2232/570
f 757/2233/571 760/2234/571 730/2235/571 728/2236/571
f 758/2237/572 751/2238/572 731/2239/572 732/2240/572
f 752/2241/573 757/2242/573 728/2243/573 727/2244/573
f 763/2245/574 762/2246/574 702/2247/574 704/2248/574
f 837/2249/575 838/2250/575 839/2251/575 840/2252/575
f 761/2253/576 764/2254/576 740/2255/576 738/2256/576
f 762/2257/577 747/2258/577 701/2259/577 702/2260/577
f 748/2261/578 761/2262/578 738/2263/578 737/2264/578
f 767/2265/579 766/2266/579 712/2267/579 714/2268/579
f 841/2269/580 842/2270/580 843/2271/580 844/2272/580
f 765/2273/581 768/2274/581 710/2275/581 708/2276/581
f 766/2277/582 743/2278/582 711/2279/582 712/2280/582
f 744/2281/583 765/2282/583 708/2283/583 707/2284/583
f 771/2285/584 770/2286/584 722/2287/584 724/2288/584
f 829/2289/585 830/2290/585 831/2291/585 832/2292/585
f 769/2293/586 772/2294/586 720/2295/586 718/2296/586
f 770/2297/587 754/2298/587 721/2299/587 722/2300/587
f 756/2301/588 769/2302/588 718/2303/588 717/2304/588
f 806/2305/589 805/2306/589 809/2307/589 810/2308/589
f 775/2309/590 774/2310/590 742/2311/590 743/2312/590
f 773/2313/591 776/2314/591 744/2315/591 741/2316/591
f 824/2317/592 823/2318/592 827/2319/592 828/2320/592
f 779/2321/593 778/2322/593 746/2323/593 747/2324/593
f 777/2325/594 780/2326/594 748/2327/594 745/2328/594
f 818/2329/595 817/2330/595 821/2331/595 822/2332/595
f 783/2333/596 782/2334/596 750/2335/596 751/2336/596
f 781/2337/597 784/2338/597 752/2339/597 749/2340/597
f 812/2341/598 811/2342/598 815/2343/598 816/2344/598
f 786/2345/599 785/2346/599 753/2347/599 754/2348/599
f 787/2349/600 788/2350/600 756/2351/600 755/2352/600
f 791/2353/601 790/2354/601 758/2355/601 759/2356/601
f 792/2357/602 791/2358/602 759/2359/602 760/2360/602
f 789/2361/603 792/2362/603 760/2363/603 757/2364/603
f 790/2365/604 783/2366/604 751/2367/604 758/2368/604
f 784/2369/605 789/2370/605 757/2371/605 752/2372/605
f 795/2373/606 794/2374/606 762/2375/606 763/2376/606
f 796/2377/607 795/2378/607 763/2379/607 764/2380/607
f 793/2381/608 796/2382/608 764/2383/608 761/2384/608
f 794/2385/609 779/2386/609 747/2387/609 762/2388/609
f 780/2389/610 793/2390/610 761/2391/610 748/2392/610
f 799/2393/611 798/2394/611 766/2395/611 767/2396/611
f 800/2397/612 799/2398/612 767/2399/612 768/2400/612
f 797/2401/613 800/2402/613 768/2403/613 765/2404/613
f 798/2405/614 775/2406/614 743/2407/614 766/2408/614
f 776/2409/615 797/2410/615 765/2411/615 744/2412/615
f 803/2413/616 802/2414/616 770/2415/616 771/2416/616
f 804/2417/617 803/2418/617 771/2419/617 772/2420/617
f 801/2421/618 804/2422/618 772/2423/618 769/2424/618
f 802/2425/619 786/2426/619 754/2427/619 770/2428/619
f 788/2429/620 801/2430/620 769/2431/620 756/2432/620
f 807/2433/621 806/2434/621 774/2435/621 775/2436/621
f 808/2437/622 807/2438/622 775/2439/622 776/2440/622
f 805/2441/623 808/2442/623 776/2443/623 773/2444/623
f 809/2445/624 805/2446/624 773/2447/624 741/2448/624
f 810/2449/625 809/2450/625 741/2451/625 742/2452/625
f 806/2453/626 810/2454/626 742/2455/626 774/2456/626
f 813/2457/627 812/2458/627 785/2459/627 786/2460/627
f 814/2461/628 813/2462/628 786/2463/628 788/2464/628
f 811/2465/629 814/2466/629 788/2467/629 787/2468/629
f 815/2469/630 811/2470/630 787/2471/630 755/2472/630
f 816/2473/631 815/2474/631 755/2475/631 753/2476/631
f 812/2477/632 816/2478/632 753/2479/632 785/2480/632
f 819/2481/633 818/2482/633 782/2483/633 783/2484/633
f 820/2485/634 819/2486/634 783/2487/634 784/2488/634
f 817/2489/635 820/2490/635 784/2491/635 781/2492/635
f 821/2493/636 817/2494/636 781/2495/636 749/2496/636
f 822/2497/637 821/2498/637 749/2499/637 750/2500/637
f 818/2501/638 822/2502/638 750/2503/638 782/2504/638
f 825/2505/639 824/2506/639 778/2507/639 779/2508/639
f 826/2509/640 825/2510/640 779/2511/640 780/2512/640
f 823/2513/641 826/2514/641 780/2515/641 777/2516/641
f 827/2517/642 823/2518/642 777/2519/642 745/2520/642
f 828/2521/643 827/2522/643 745/2523/643 746/2524/643
f 824/2525/644 828/2526/644 746/2527/644 778/2528/644
f 830/2529/645 829/2530/645 772/2531/645 771/2532/645
f 831/2533/646 830/2534/646 771/2535/646 724/2536/646
f 832/2537/647 831/2538/647 724/2539/647 720/2540/647
f 829/2541/648 832/2542/648 720/2543/648 772/2544/648
f 834/2545/649 833/2546/649 760/2547/649 759/2548/649
f 835/2549/650 834/2550/650 759/2551/650 734/2552/650
f 836/2553/651 835/2554/651 734/2555/651 730/2556/651
f 833/2557/652 836/2558/652 730/2559/652 760/2560/652
f 838/2561/653 837/2562/653 764/2563/653 763/2564/653
f 839/2565/654 838/2566/654 763/2567/654 704/2568/654
f 840/2569/655 839/2570/655 704/2571/655 740/2572/655
f 837/2573/656 840/2574/656 740/2575/656 764/2576/656
f 842/2577/657 841/2578/657 768/2579/657 767/2580/657
f 843/2581/658 842/2582/658 767/2583/658 714/2584/658
f 844/2585/659 843/2586/659 714/2587/659 710/2588/659
f 841/2589/660 844/2590/660 710/2591/660 768/2592/660
f 880/2593/661 878/2594/661 875/2595/661 874/2596/661
f 878/2597/662 879/2598/662 877/2599/662 875/2600/662
f 853/2601/663 851/2602/663 848/2603/663 847/2604/663
f 851/2605/664 852/2606/664 850/2607/664 848/2608/664
f 862/2609/665 860/2610/665 857/2611/665 856/2612/665
f 860/2613/666 861/2614/666 859/2615/666 857/2616/666
f 871/2617/667 869/2618/667 866/2619/667 865/2620/667
f 869/2621/668 870/2622/668 868/2623/668 866/2624/668
f 849/2625/669 845/2626/669 848/2627/669 850/2628/669
f 845/2629/670 846/2630/670 847/2631/670 848/2632/670
f 876/2633/671 872/2634/671 875/2635/671 877/2636/671
f 872/2637/672 873/2638/672 874/2639/672 875/2640/672
f 867/2641/673 863/2642/673 866/2643/673 868/2644/673
f 863/2645/674 864/2646/674 865/2647/674 866/2648/674
f 858/2649/675 854/2650/675 857/2651/675 859/2652/675
f 854/2653/676 855/2654/676 856/2655/676 857/2656/676